/*
 * @Description: None
 * @Author: LILYGO_L
 * @Date: 2026-05-10 22:27:25
 * @LastEditTime: 2026-05-10 22:27:25
 * @License: GPL 3.0
 */
#include "lvgl.h"

#ifndef LV_ATTRIBUTE_MEM_ALIGN
#define LV_ATTRIBUTE_MEM_ALIGN
#endif

#ifndef LV_ATTRIBUTE_IMAGE_MUSIC_INNER_ICON_68X68
#define LV_ATTRIBUTE_IMAGE_MUSIC_INNER_ICON_68X68
#endif

static const LV_ATTRIBUTE_MEM_ALIGN LV_ATTRIBUTE_LARGE_CONST
    LV_ATTRIBUTE_IMAGE_MUSIC_INNER_ICON_68X68 uint8_t
    music_inner_icon_68x68_map[] = {
    0x00, 0x00, 0x00, 0x00, 0x00, 0x00, 0x00, 0x00,
    0x00, 0x00, 0x00, 0x00, 0x00, 0x00, 0x00, 0x00,
    0x00, 0x00, 0x00, 0x00, 0x00, 0x00, 0x00, 0x00,
    0x00, 0x00, 0x00, 0x00, 0x00, 0x00, 0x00, 0x00,
    0x00, 0x00, 0x00, 0x00, 0x00, 0x00, 0x00, 0x00,
    0x00, 0x00, 0x00, 0x00, 0x00, 0x00, 0x00, 0x00,
    0x00, 0x00, 0x00, 0x00, 0x00, 0x00, 0x00, 0x00,
    0x00, 0x00, 0x00, 0x00, 0x00, 0x00, 0x00, 0x00,
    0x00, 0x00, 0x00, 0x00, 0x00, 0x00, 0x00, 0x00,
    0x00, 0x00, 0x00, 0x00, 0x00, 0x00, 0x00, 0x00,
    0x00, 0x00, 0x00, 0x00, 0x00, 0x00, 0x00, 0x00,
    0x00, 0x00, 0x00, 0x00, 0x00, 0x00, 0x00, 0x00,
    0x00, 0x00, 0x00, 0x00, 0x00, 0x00, 0x00, 0x00,
    0x00, 0x00, 0x00, 0x00, 0x00, 0x00, 0x00, 0x00,
    0x00, 0x00, 0x00, 0x00, 0x00, 0x00, 0x00, 0x00,
    0x00, 0x00, 0x00, 0x00, 0x00, 0x00, 0x00, 0x00,
    0x00, 0x00, 0x00, 0x00, 0x00, 0x00, 0x00, 0x00,
    0x00, 0x00, 0x00, 0x00, 0x00, 0x00, 0x00, 0x00,
    0x00, 0x00, 0x00, 0x00, 0x00, 0x00, 0x00, 0x00,
    0x00, 0x00, 0x00, 0x00, 0x00, 0x00, 0x00, 0x00,
    0x00, 0x00, 0x00, 0x00, 0x00, 0x00, 0x00, 0x00,
    0x00, 0x00, 0x00, 0x00, 0x00, 0x00, 0x00, 0x00,
    0x00, 0x00, 0x00, 0x00, 0x00, 0x00, 0x00, 0x00,
    0x00, 0x00, 0x00, 0x00, 0x00, 0x00, 0x00, 0x00,
    0x00, 0x00, 0x00, 0x00, 0x00, 0x00, 0x00, 0x00,
    0x00, 0x00, 0x00, 0x00, 0x00, 0x00, 0x00, 0x00,
    0x00, 0x00, 0x00, 0x00, 0x00, 0x00, 0x00, 0x00,
    0x00, 0x00, 0x00, 0x00, 0x00, 0x00, 0x00, 0x00,
    0x00, 0x00, 0x00, 0x00, 0x00, 0x00, 0x00, 0x00,
    0x00, 0x00, 0x00, 0x00, 0x00, 0x00, 0x00, 0x00,
    0x00, 0x00, 0x00, 0x00, 0x00, 0x00, 0x00, 0x00,
    0x00, 0x00, 0x00, 0x00, 0x00, 0x00, 0x00, 0x00,
    0x00, 0x00, 0x00, 0x00, 0x00, 0x00, 0x00, 0x00,
    0x00, 0x00, 0x00, 0x00, 0x00, 0x00, 0x00, 0x00,
    0x00, 0x00, 0x00, 0x00, 0x00, 0x00, 0x00, 0x00,
    0x00, 0x00, 0x00, 0x00, 0x00, 0x00, 0x00, 0x00,
    0x00, 0x00, 0x00, 0x00, 0x00, 0x00, 0x00, 0x00,
    0x00, 0x00, 0x00, 0x00, 0x00, 0x00, 0x00, 0x00,
    0x00, 0x00, 0x00, 0x00, 0x00, 0x00, 0x00, 0x00,
    0x00, 0x00, 0x00, 0x00, 0x00, 0x00, 0x00, 0x00,
    0x00, 0x00, 0x00, 0x00, 0x00, 0x00, 0x00, 0x00,
    0x00, 0x00, 0x00, 0x00, 0x00, 0x00, 0x00, 0x00,
    0x00, 0x00, 0x00, 0x00, 0x00, 0x00, 0x00, 0x00,
    0x00, 0x00, 0x00, 0x00, 0x00, 0x00, 0x00, 0x00,
    0x00, 0x00, 0x00, 0x00, 0x00, 0x00, 0x00, 0x00,
    0x00, 0x00, 0x00, 0x00, 0x00, 0x00, 0x00, 0x00,
    0x00, 0x00, 0x00, 0x00, 0x00, 0x00, 0x00, 0x00,
    0x00, 0x00, 0x00, 0x00, 0x00, 0x00, 0x00, 0x00,
    0x00, 0x00, 0x00, 0x00, 0x00, 0x00, 0x00, 0x00,
    0x00, 0x00, 0x00, 0x00, 0x00, 0x00, 0x00, 0x00,
    0x00, 0x00, 0x00, 0x00, 0x00, 0x00, 0x00, 0x00,
    0x00, 0x00, 0x00, 0x00, 0x00, 0x00, 0x00, 0x00,
    0x00, 0x00, 0x00, 0x00, 0x00, 0x00, 0x00, 0x00,
    0x00, 0x00, 0x00, 0x00, 0x00, 0x00, 0x00, 0x00,
    0x00, 0x00, 0x00, 0x00, 0x00, 0x00, 0x00, 0x00,
    0x00, 0x00, 0x00, 0x00, 0x00, 0x00, 0x00, 0x00,
    0x00, 0x00, 0x00, 0x00, 0x00, 0x00, 0x00, 0x00,
    0x00, 0x00, 0x00, 0x00, 0x00, 0x00, 0x00, 0x00,
    0x00, 0x00, 0x00, 0x00, 0x00, 0x00, 0x00, 0x00,
    0x00, 0x00, 0x00, 0x00, 0x00, 0x00, 0x00, 0x00,
    0x00, 0x00, 0x00, 0x00, 0x00, 0x00, 0x00, 0x00,
    0x00, 0x00, 0x00, 0x00, 0x00, 0x00, 0x00, 0x00,
    0x00, 0x00, 0x00, 0x00, 0x00, 0x00, 0x00, 0x00,
    0x00, 0x00, 0x00, 0x00, 0x00, 0x00, 0x00, 0x00,
    0x00, 0x00, 0x00, 0x00, 0x00, 0x00, 0x00, 0x00,
    0x00, 0x00, 0x00, 0x00, 0x00, 0x00, 0x00, 0x00,
    0x00, 0x00, 0x00, 0x00, 0x00, 0x00, 0x00, 0x00,
    0x00, 0x00, 0x00, 0x00, 0x00, 0x00, 0x00, 0x00,
    0x00, 0x00, 0x00, 0x00, 0x00, 0x00, 0x00, 0x00,
    0x00, 0x00, 0x00, 0x00, 0x00, 0x00, 0x00, 0x00,
    0x00, 0x00, 0x00, 0x00, 0x00, 0x00, 0x00, 0x00,
    0x00, 0x00, 0x00, 0x00, 0x00, 0x00, 0x00, 0x00,
    0x00, 0x00, 0x00, 0x00, 0x00, 0x00, 0x00, 0x00,
    0x00, 0x00, 0x00, 0x00, 0x00, 0x00, 0x00, 0x00,
    0x00, 0x00, 0x00, 0x00, 0x00, 0x00, 0x00, 0x00,
    0x00, 0x00, 0x00, 0x00, 0x00, 0x00, 0x00, 0x00,
    0x00, 0x00, 0x00, 0x00, 0x00, 0x00, 0x00, 0x00,
    0x00, 0x00, 0x00, 0x00, 0x00, 0x00, 0x00, 0x00,
    0x00, 0x00, 0x00, 0x00, 0x00, 0x00, 0x00, 0x00,
    0x00, 0x00, 0x00, 0x00, 0x00, 0x00, 0x00, 0x00,
    0x00, 0x00, 0x00, 0x00, 0x00, 0x00, 0x00, 0x00,
    0x00, 0x00, 0x00, 0x00, 0x00, 0x00, 0x00, 0x00,
    0x00, 0x00, 0x00, 0x00, 0x00, 0x00, 0x00, 0x00,
    0x00, 0x00, 0x00, 0x00, 0x00, 0x00, 0x00, 0x00,
    0x00, 0x00, 0x00, 0x00, 0x00, 0x00, 0x00, 0x00,
    0x00, 0x00, 0x00, 0x00, 0x00, 0x00, 0x00, 0x00,
    0x00, 0x00, 0x00, 0x00, 0x00, 0x00, 0x00, 0x00,
    0x00, 0x00, 0x00, 0x00, 0x00, 0x00, 0x00, 0x00,
    0x00, 0x00, 0x00, 0x00, 0x00, 0x00, 0x00, 0x00,
    0x00, 0x00, 0x00, 0x00, 0x00, 0x00, 0x00, 0x00,
    0x00, 0x00, 0x00, 0x00, 0x00, 0x00, 0x00, 0x00,
    0x00, 0x00, 0x00, 0x00, 0x00, 0x00, 0x00, 0x00,
    0x00, 0x00, 0x00, 0x00, 0x00, 0x00, 0x00, 0x00,
    0x00, 0x00, 0x00, 0x00, 0x00, 0x00, 0x00, 0x00,
    0x00, 0x00, 0x00, 0x00, 0x00, 0x00, 0x00, 0x00,
    0x00, 0x00, 0x00, 0x00, 0x00, 0x00, 0x00, 0x00,
    0x00, 0x00, 0x00, 0x00, 0x00, 0x00, 0x00, 0x00,
    0x00, 0x00, 0x00, 0x00, 0x00, 0x00, 0x00, 0x00,
    0x00, 0x00, 0x00, 0x00, 0x00, 0x00, 0x00, 0x00,
    0x00, 0x00, 0x00, 0x00, 0x00, 0x00, 0x00, 0x00,
    0x00, 0x00, 0x00, 0x00, 0x00, 0x00, 0x00, 0x00,
    0x00, 0x00, 0x00, 0x00, 0x00, 0x00, 0x00, 0x00,
    0x00, 0x00, 0x00, 0x00, 0x00, 0x00, 0x00, 0x00,
    0x00, 0x00, 0x00, 0x00, 0x00, 0x00, 0x00, 0x00,
    0x00, 0x00, 0x00, 0x00, 0x5c, 0x61, 0x8a, 0x20,
    0x5c, 0x61, 0x8a, 0x20, 0x00, 0x00, 0x00, 0x00,
    0x00, 0x00, 0x00, 0x00, 0x00, 0x00, 0x00, 0x00,
    0x00, 0x00, 0x00, 0x00, 0x00, 0x00, 0x00, 0x00,
    0x00, 0x00, 0x00, 0x00, 0x00, 0x00, 0x00, 0x00,
    0x00, 0x00, 0x00, 0x00, 0x00, 0x00, 0x00, 0x00,
    0x00, 0x00, 0x00, 0x00, 0x00, 0x00, 0x00, 0x00,
    0x00, 0x00, 0x00, 0x00, 0x00, 0x00, 0x00, 0x00,
    0x00, 0x00, 0x00, 0x00, 0x00, 0x00, 0x00, 0x00,
    0x00, 0x00, 0x00, 0x00, 0x00, 0x00, 0x00, 0x00,
    0x00, 0x00, 0x00, 0x00, 0x00, 0x00, 0x00, 0x00,
    0x00, 0x00, 0x00, 0x00, 0x00, 0x00, 0x00, 0x00,
    0x00, 0x00, 0x00, 0x00, 0x00, 0x00, 0x00, 0x00,
    0x00, 0x00, 0x00, 0x00, 0x00, 0x00, 0x00, 0x00,
    0x00, 0x00, 0x00, 0x00, 0x00, 0x00, 0x00, 0x00,
    0x00, 0x00, 0x00, 0x00, 0x00, 0x00, 0x00, 0x00,
    0x00, 0x00, 0x00, 0x00, 0x00, 0x00, 0x00, 0x00,
    0x00, 0x00, 0x00, 0x00, 0x00, 0x00, 0x00, 0x00,
    0x00, 0x00, 0x00, 0x00, 0x00, 0x00, 0x00, 0x00,
    0x00, 0x00, 0x00, 0x00, 0x00, 0x00, 0x00, 0x00,
    0x00, 0x00, 0x00, 0x00, 0x00, 0x00, 0x00, 0x00,
    0x00, 0x00, 0x00, 0x00, 0x00, 0x00, 0x00, 0x00,
    0x00, 0x00, 0x00, 0x00, 0x00, 0x00, 0x00, 0x00,
    0x00, 0x00, 0x00, 0x00, 0x00, 0x00, 0x00, 0x00,
    0x00, 0x00, 0x00, 0x00, 0x00, 0x00, 0x00, 0x00,
    0x00, 0x00, 0x00, 0x00, 0x00, 0x00, 0x00, 0x00,
    0x00, 0x00, 0x00, 0x00, 0x00, 0x00, 0x00, 0x00,
    0x00, 0x00, 0x00, 0x00, 0x00, 0x00, 0x00, 0x00,
    0x00, 0x00, 0x00, 0x00, 0x00, 0x00, 0x00, 0x00,
    0x00, 0x00, 0x00, 0x00, 0x00, 0x00, 0x00, 0x00,
    0x00, 0x00, 0x00, 0x00, 0x00, 0x00, 0x00, 0x00,
    0x00, 0x00, 0x00, 0x00, 0x00, 0x00, 0x00, 0x00,
    0x00, 0x00, 0x00, 0x00, 0x00, 0x00, 0x00, 0x00,
    0x5c, 0x61, 0x8a, 0x10, 0x5c, 0x61, 0x8a, 0x9f,
    0x5c, 0x61, 0x8a, 0xef, 0x5c, 0x61, 0x8a, 0xff,
    0x5c, 0x61, 0x8a, 0xff, 0x5c, 0x61, 0x8a, 0xef,
    0x5c, 0x61, 0x8a, 0x9f, 0x5c, 0x61, 0x8a, 0x10,
    0x00, 0x00, 0x00, 0x00, 0x00, 0x00, 0x00, 0x00,
    0x00, 0x00, 0x00, 0x00, 0x00, 0x00, 0x00, 0x00,
    0x00, 0x00, 0x00, 0x00, 0x00, 0x00, 0x00, 0x00,
    0x00, 0x00, 0x00, 0x00, 0x00, 0x00, 0x00, 0x00,
    0x00, 0x00, 0x00, 0x00, 0x00, 0x00, 0x00, 0x00,
    0x00, 0x00, 0x00, 0x00, 0x00, 0x00, 0x00, 0x00,
    0x00, 0x00, 0x00, 0x00, 0x00, 0x00, 0x00, 0x00,
    0x00, 0x00, 0x00, 0x00, 0x00, 0x00, 0x00, 0x00,
    0x00, 0x00, 0x00, 0x00, 0x00, 0x00, 0x00, 0x00,
    0x00, 0x00, 0x00, 0x00, 0x00, 0x00, 0x00, 0x00,
    0x00, 0x00, 0x00, 0x00, 0x00, 0x00, 0x00, 0x00,
    0x00, 0x00, 0x00, 0x00, 0x00, 0x00, 0x00, 0x00,
    0x00, 0x00, 0x00, 0x00, 0x00, 0x00, 0x00, 0x00,
    0x00, 0x00, 0x00, 0x00, 0x00, 0x00, 0x00, 0x00,
    0x00, 0x00, 0x00, 0x00, 0x00, 0x00, 0x00, 0x00,
    0x00, 0x00, 0x00, 0x00, 0x00, 0x00, 0x00, 0x00,
    0x00, 0x00, 0x00, 0x00, 0x00, 0x00, 0x00, 0x00,
    0x00, 0x00, 0x00, 0x00, 0x00, 0x00, 0x00, 0x00,
    0x00, 0x00, 0x00, 0x00, 0x00, 0x00, 0x00, 0x00,
    0x00, 0x00, 0x00, 0x00, 0x00, 0x00, 0x00, 0x00,
    0x00, 0x00, 0x00, 0x00, 0x00, 0x00, 0x00, 0x00,
    0x00, 0x00, 0x00, 0x00, 0x00, 0x00, 0x00, 0x00,
    0x00, 0x00, 0x00, 0x00, 0x00, 0x00, 0x00, 0x00,
    0x00, 0x00, 0x00, 0x00, 0x00, 0x00, 0x00, 0x00,
    0x00, 0x00, 0x00, 0x00, 0x00, 0x00, 0x00, 0x00,
    0x00, 0x00, 0x00, 0x00, 0x00, 0x00, 0x00, 0x00,
    0x00, 0x00, 0x00, 0x00, 0x00, 0x00, 0x00, 0x00,
    0x00, 0x00, 0x00, 0x00, 0x00, 0x00, 0x00, 0x00,
    0x00, 0x00, 0x00, 0x00, 0x00, 0x00, 0x00, 0x00,
    0x00, 0x00, 0x00, 0x00, 0x5c, 0x61, 0x8a, 0x30,
    0x5c, 0x61, 0x8a, 0xef, 0x5c, 0x61, 0x8a, 0xff,
    0x5c, 0x61, 0x8a, 0xff, 0x5c, 0x61, 0x8a, 0xff,
    0x5c, 0x61, 0x8a, 0xff, 0x5c, 0x61, 0x8a, 0xff,
    0x5c, 0x61, 0x8a, 0xff, 0x5c, 0x61, 0x8a, 0xef,
    0x5c, 0x61, 0x8a, 0x30, 0x00, 0x00, 0x00, 0x00,
    0x00, 0x00, 0x00, 0x00, 0x00, 0x00, 0x00, 0x00,
    0x00, 0x00, 0x00, 0x00, 0x00, 0x00, 0x00, 0x00,
    0x00, 0x00, 0x00, 0x00, 0x00, 0x00, 0x00, 0x00,
    0x00, 0x00, 0x00, 0x00, 0x00, 0x00, 0x00, 0x00,
    0x00, 0x00, 0x00, 0x00, 0x00, 0x00, 0x00, 0x00,
    0x00, 0x00, 0x00, 0x00, 0x00, 0x00, 0x00, 0x00,
    0x00, 0x00, 0x00, 0x00, 0x00, 0x00, 0x00, 0x00,
    0x00, 0x00, 0x00, 0x00, 0x00, 0x00, 0x00, 0x00,
    0x00, 0x00, 0x00, 0x00, 0x00, 0x00, 0x00, 0x00,
    0x00, 0x00, 0x00, 0x00, 0x00, 0x00, 0x00, 0x00,
    0x00, 0x00, 0x00, 0x00, 0x00, 0x00, 0x00, 0x00,
    0x00, 0x00, 0x00, 0x00, 0x00, 0x00, 0x00, 0x00,
    0x00, 0x00, 0x00, 0x00, 0x00, 0x00, 0x00, 0x00,
    0x00, 0x00, 0x00, 0x00, 0x00, 0x00, 0x00, 0x00,
    0x00, 0x00, 0x00, 0x00, 0x00, 0x00, 0x00, 0x00,
    0x00, 0x00, 0x00, 0x00, 0x00, 0x00, 0x00, 0x00,
    0x00, 0x00, 0x00, 0x00, 0x00, 0x00, 0x00, 0x00,
    0x00, 0x00, 0x00, 0x00, 0x00, 0x00, 0x00, 0x00,
    0x00, 0x00, 0x00, 0x00, 0x00, 0x00, 0x00, 0x00,
    0x00, 0x00, 0x00, 0x00, 0x00, 0x00, 0x00, 0x00,
    0x00, 0x00, 0x00, 0x00, 0x00, 0x00, 0x00, 0x00,
    0x00, 0x00, 0x00, 0x00, 0x00, 0x00, 0x00, 0x00,
    0x00, 0x00, 0x00, 0x00, 0x00, 0x00, 0x00, 0x00,
    0x00, 0x00, 0x00, 0x00, 0x00, 0x00, 0x00, 0x00,
    0x00, 0x00, 0x00, 0x00, 0x00, 0x00, 0x00, 0x00,
    0x00, 0x00, 0x00, 0x00, 0x00, 0x00, 0x00, 0x00,
    0x00, 0x00, 0x00, 0x00, 0x00, 0x00, 0x00, 0x00,
    0x00, 0x00, 0x00, 0x00, 0x00, 0x00, 0x00, 0x00,
    0x5c, 0x61, 0x8a, 0x10, 0x5c, 0x61, 0x8a, 0xef,
    0x5c, 0x61, 0x8a, 0xff, 0x5c, 0x61, 0x8a, 0xff,
    0x5c, 0x61, 0x8a, 0xff, 0x72, 0x76, 0x95, 0xff,
    0x72, 0x76, 0x95, 0xff, 0x5c, 0x61, 0x8a, 0xff,
    0x5c, 0x61, 0x8a, 0xff, 0x5c, 0x61, 0x8a, 0xff,
    0x5c, 0x61, 0x8a, 0xdf, 0x5c, 0x61, 0x8a, 0x10,
    0x00, 0x00, 0x00, 0x00, 0x00, 0x00, 0x00, 0x00,
    0x00, 0x00, 0x00, 0x00, 0x00, 0x00, 0x00, 0x00,
    0x00, 0x00, 0x00, 0x00, 0x00, 0x00, 0x00, 0x00,
    0x00, 0x00, 0x00, 0x00, 0x00, 0x00, 0x00, 0x00,
    0x00, 0x00, 0x00, 0x00, 0x00, 0x00, 0x00, 0x00,
    0x00, 0x00, 0x00, 0x00, 0x00, 0x00, 0x00, 0x00,
    0x00, 0x00, 0x00, 0x00, 0x00, 0x00, 0x00, 0x00,
    0x00, 0x00, 0x00, 0x00, 0x00, 0x00, 0x00, 0x00,
    0x00, 0x00, 0x00, 0x00, 0x00, 0x00, 0x00, 0x00,
    0x00, 0x00, 0x00, 0x00, 0x00, 0x00, 0x00, 0x00,
    0x00, 0x00, 0x00, 0x00, 0x00, 0x00, 0x00, 0x00,
    0x00, 0x00, 0x00, 0x00, 0x00, 0x00, 0x00, 0x00,
    0x00, 0x00, 0x00, 0x00, 0x00, 0x00, 0x00, 0x00,
    0x00, 0x00, 0x00, 0x00, 0x00, 0x00, 0x00, 0x00,
    0x00, 0x00, 0x00, 0x00, 0x00, 0x00, 0x00, 0x00,
    0x00, 0x00, 0x00, 0x00, 0x00, 0x00, 0x00, 0x00,
    0x00, 0x00, 0x00, 0x00, 0x00, 0x00, 0x00, 0x00,
    0x00, 0x00, 0x00, 0x00, 0x00, 0x00, 0x00, 0x00,
    0x00, 0x00, 0x00, 0x00, 0x00, 0x00, 0x00, 0x00,
    0x00, 0x00, 0x00, 0x00, 0x00, 0x00, 0x00, 0x00,
    0x00, 0x00, 0x00, 0x00, 0x00, 0x00, 0x00, 0x00,
    0x00, 0x00, 0x00, 0x00, 0x00, 0x00, 0x00, 0x00,
    0x00, 0x00, 0x00, 0x00, 0x00, 0x00, 0x00, 0x00,
    0x00, 0x00, 0x00, 0x00, 0x00, 0x00, 0x00, 0x00,
    0x00, 0x00, 0x00, 0x00, 0x00, 0x00, 0x00, 0x00,
    0x00, 0x00, 0x00, 0x00, 0x00, 0x00, 0x00, 0x00,
    0x00, 0x00, 0x00, 0x00, 0x00, 0x00, 0x00, 0x00,
    0x00, 0x00, 0x00, 0x00, 0x00, 0x00, 0x00, 0x00,
    0x5c, 0x61, 0x8a, 0x80, 0x5c, 0x61, 0x8a, 0xff,
    0x5c, 0x61, 0x8a, 0xff, 0x6d, 0x71, 0x92, 0xff,
    0xaa, 0xab, 0xb0, 0xff, 0xb5, 0xb5, 0xb5, 0xff,
    0xb5, 0xb5, 0xb5, 0xff, 0xaa, 0xab, 0xb0, 0xff,
    0x6d, 0x71, 0x92, 0xff, 0x5c, 0x61, 0x8a, 0xff,
    0x5c, 0x61, 0x8a, 0xff, 0x5c, 0x61, 0x8a, 0x70,
    0x00, 0x00, 0x00, 0x00, 0x00, 0x00, 0x00, 0x00,
    0x00, 0x00, 0x00, 0x00, 0x00, 0x00, 0x00, 0x00,
    0x00, 0x00, 0x00, 0x00, 0x00, 0x00, 0x00, 0x00,
    0x00, 0x00, 0x00, 0x00, 0x00, 0x00, 0x00, 0x00,
    0x00, 0x00, 0x00, 0x00, 0x00, 0x00, 0x00, 0x00,
    0x00, 0x00, 0x00, 0x00, 0x00, 0x00, 0x00, 0x00,
    0x00, 0x00, 0x00, 0x00, 0x00, 0x00, 0x00, 0x00,
    0x00, 0x00, 0x00, 0x00, 0x00, 0x00, 0x00, 0x00,
    0x00, 0x00, 0x00, 0x00, 0x00, 0x00, 0x00, 0x00,
    0x00, 0x00, 0x00, 0x00, 0x00, 0x00, 0x00, 0x00,
    0x00, 0x00, 0x00, 0x00, 0x00, 0x00, 0x00, 0x00,
    0x00, 0x00, 0x00, 0x00, 0x00, 0x00, 0x00, 0x00,
    0x00, 0x00, 0x00, 0x00, 0x00, 0x00, 0x00, 0x00,
    0x00, 0x00, 0x00, 0x00, 0x00, 0x00, 0x00, 0x00,
    0x00, 0x00, 0x00, 0x00, 0x00, 0x00, 0x00, 0x00,
    0x00, 0x00, 0x00, 0x00, 0x00, 0x00, 0x00, 0x00,
    0x00, 0x00, 0x00, 0x00, 0x00, 0x00, 0x00, 0x00,
    0x00, 0x00, 0x00, 0x00, 0x00, 0x00, 0x00, 0x00,
    0x00, 0x00, 0x00, 0x00, 0x00, 0x00, 0x00, 0x00,
    0x00, 0x00, 0x00, 0x00, 0x00, 0x00, 0x00, 0x00,
    0x00, 0x00, 0x00, 0x00, 0x00, 0x00, 0x00, 0x00,
    0x00, 0x00, 0x00, 0x00, 0x00, 0x00, 0x00, 0x00,
    0x00, 0x00, 0x00, 0x00, 0x00, 0x00, 0x00, 0x00,
    0x00, 0x00, 0x00, 0x00, 0x00, 0x00, 0x00, 0x00,
    0x00, 0x00, 0x00, 0x00, 0x00, 0x00, 0x00, 0x00,
    0x00, 0x00, 0x00, 0x00, 0x00, 0x00, 0x00, 0x00,
    0x00, 0x00, 0x00, 0x00, 0x00, 0x00, 0x00, 0x00,
    0x00, 0x00, 0x00, 0x00, 0x00, 0x00, 0x00, 0x00,
    0x5c, 0x61, 0x8a, 0xcf, 0x5c, 0x61, 0x8a, 0xff,
    0x5c, 0x61, 0x8a, 0xff, 0x9f, 0xa0, 0xaa, 0xff,
    0xb5, 0xb5, 0xb5, 0xff, 0xb5, 0xb5, 0xb5, 0xff,
    0xb5, 0xb5, 0xb5, 0xff, 0xb5, 0xb5, 0xb5, 0xff,
    0xaa, 0xab, 0xb0, 0xff, 0x5c, 0x61, 0x8a, 0xff,
    0x5c, 0x61, 0x8a, 0xff, 0x5c, 0x61, 0x8a, 0xbf,
    0x00, 0x00, 0x00, 0x00, 0x00, 0x00, 0x00, 0x00,
    0x00, 0x00, 0x00, 0x00, 0x00, 0x00, 0x00, 0x00,
    0x00, 0x00, 0x00, 0x00, 0x00, 0x00, 0x00, 0x00,
    0x00, 0x00, 0x00, 0x00, 0x00, 0x00, 0x00, 0x00,
    0x00, 0x00, 0x00, 0x00, 0x00, 0x00, 0x00, 0x00,
    0x00, 0x00, 0x00, 0x00, 0x00, 0x00, 0x00, 0x00,
    0x00, 0x00, 0x00, 0x00, 0x00, 0x00, 0x00, 0x00,
    0x00, 0x00, 0x00, 0x00, 0x00, 0x00, 0x00, 0x00,
    0x00, 0x00, 0x00, 0x00, 0x00, 0x00, 0x00, 0x00,
    0x00, 0x00, 0x00, 0x00, 0x00, 0x00, 0x00, 0x00,
    0x00, 0x00, 0x00, 0x00, 0x00, 0x00, 0x00, 0x00,
    0x00, 0x00, 0x00, 0x00, 0x00, 0x00, 0x00, 0x00,
    0x00, 0x00, 0x00, 0x00, 0x00, 0x00, 0x00, 0x00,
    0x00, 0x00, 0x00, 0x00, 0x00, 0x00, 0x00, 0x00,
    0x00, 0x00, 0x00, 0x00, 0x00, 0x00, 0x00, 0x00,
    0x00, 0x00, 0x00, 0x00, 0x00, 0x00, 0x00, 0x00,
    0x00, 0x00, 0x00, 0x00, 0x00, 0x00, 0x00, 0x00,
    0x00, 0x00, 0x00, 0x00, 0x00, 0x00, 0x00, 0x00,
    0x00, 0x00, 0x00, 0x00, 0x00, 0x00, 0x00, 0x00,
    0x00, 0x00, 0x00, 0x00, 0x00, 0x00, 0x00, 0x00,
    0x00, 0x00, 0x00, 0x00, 0x00, 0x00, 0x00, 0x00,
    0x00, 0x00, 0x00, 0x00, 0x00, 0x00, 0x00, 0x00,
    0x00, 0x00, 0x00, 0x00, 0x00, 0x00, 0x00, 0x00,
    0x00, 0x00, 0x00, 0x00, 0x00, 0x00, 0x00, 0x00,
    0x00, 0x00, 0x00, 0x00, 0x00, 0x00, 0x00, 0x00,
    0xff, 0xff, 0xff, 0x30, 0xff, 0xff, 0xff, 0x40,
    0xff, 0xff, 0xff, 0x80, 0xff, 0xff, 0xff, 0x8f,
    0xff, 0xff, 0xff, 0xbf, 0xff, 0xff, 0xff, 0x70,
    0x5c, 0x61, 0x8a, 0xff, 0x5c, 0x61, 0x8a, 0xff,
    0x62, 0x66, 0x8d, 0xff, 0xb5, 0xb5, 0xb5, 0xff,
    0xb5, 0xb5, 0xb5, 0xff, 0xb5, 0xb5, 0xb5, 0xff,
    0xb5, 0xb5, 0xb5, 0xff, 0xb5, 0xb5, 0xb5, 0xff,
    0xb5, 0xb5, 0xb5, 0xff, 0x67, 0x6c, 0x8f, 0xff,
    0x5c, 0x61, 0x8a, 0xff, 0x5c, 0x61, 0x8a, 0xff,
    0x00, 0x00, 0x00, 0x00, 0x00, 0x00, 0x00, 0x00,
    0x00, 0x00, 0x00, 0x00, 0x00, 0x00, 0x00, 0x00,
    0x00, 0x00, 0x00, 0x00, 0x00, 0x00, 0x00, 0x00,
    0x00, 0x00, 0x00, 0x00, 0x00, 0x00, 0x00, 0x00,
    0x00, 0x00, 0x00, 0x00, 0x00, 0x00, 0x00, 0x00,
    0x00, 0x00, 0x00, 0x00, 0x00, 0x00, 0x00, 0x00,
    0x00, 0x00, 0x00, 0x00, 0x00, 0x00, 0x00, 0x00,
    0x00, 0x00, 0x00, 0x00, 0x00, 0x00, 0x00, 0x00,
    0x00, 0x00, 0x00, 0x00, 0x00, 0x00, 0x00, 0x00,
    0x00, 0x00, 0x00, 0x00, 0x00, 0x00, 0x00, 0x00,
    0x00, 0x00, 0x00, 0x00, 0x00, 0x00, 0x00, 0x00,
    0x00, 0x00, 0x00, 0x00, 0x00, 0x00, 0x00, 0x00,
    0x00, 0x00, 0x00, 0x00, 0x00, 0x00, 0x00, 0x00,
    0x00, 0x00, 0x00, 0x00, 0x00, 0x00, 0x00, 0x00,
    0x00, 0x00, 0x00, 0x00, 0x00, 0x00, 0x00, 0x00,
    0x00, 0x00, 0x00, 0x00, 0x00, 0x00, 0x00, 0x00,
    0x00, 0x00, 0x00, 0x00, 0x00, 0x00, 0x00, 0x00,
    0x00, 0x00, 0x00, 0x00, 0x00, 0x00, 0x00, 0x00,
    0x00, 0x00, 0x00, 0x00, 0x00, 0x00, 0x00, 0x00,
    0x00, 0x00, 0x00, 0x00, 0x00, 0x00, 0x00, 0x00,
    0x00, 0x00, 0x00, 0x00, 0x00, 0x00, 0x00, 0x00,
    0x00, 0x00, 0x00, 0x00, 0x00, 0x00, 0x00, 0x00,
    0x00, 0x00, 0x00, 0x00, 0xff, 0xff, 0xff, 0x20,
    0xff, 0xff, 0xff, 0x8f, 0xff, 0xff, 0xff, 0xbf,
    0xff, 0xff, 0xff, 0xdf, 0xff, 0xff, 0xff, 0xff,
    0xff, 0xff, 0xff, 0xff, 0xff, 0xff, 0xff, 0xff,
    0xff, 0xff, 0xff, 0xff, 0xff, 0xff, 0xff, 0xff,
    0xff, 0xff, 0xff, 0xff, 0xff, 0xff, 0xff, 0xff,
    0x5c, 0x61, 0x8a, 0xff, 0x5c, 0x61, 0x8a, 0xff,
    0x5c, 0x61, 0x8a, 0xff, 0xb5, 0xb5, 0xb5, 0xff,
    0xb5, 0xb5, 0xb5, 0xff, 0xb5, 0xb5, 0xb5, 0xff,
    0xb5, 0xb5, 0xb5, 0xff, 0xb5, 0xb5, 0xb5, 0xff,
    0xb5, 0xb5, 0xb5, 0xff, 0x62, 0x66, 0x8d, 0xff,
    0x5c, 0x61, 0x8a, 0xff, 0x5c, 0x61, 0x8a, 0xef,
    0x00, 0x00, 0x00, 0x00, 0x00, 0x00, 0x00, 0x00,
    0x00, 0x00, 0x00, 0x00, 0x00, 0x00, 0x00, 0x00,
    0x00, 0x00, 0x00, 0x00, 0x00, 0x00, 0x00, 0x00,
    0x00, 0x00, 0x00, 0x00, 0x00, 0x00, 0x00, 0x00,
    0x00, 0x00, 0x00, 0x00, 0x00, 0x00, 0x00, 0x00,
    0x00, 0x00, 0x00, 0x00, 0x00, 0x00, 0x00, 0x00,
    0x00, 0x00, 0x00, 0x00, 0x00, 0x00, 0x00, 0x00,
    0x00, 0x00, 0x00, 0x00, 0x00, 0x00, 0x00, 0x00,
    0x00, 0x00, 0x00, 0x00, 0x00, 0x00, 0x00, 0x00,
    0x00, 0x00, 0x00, 0x00, 0x00, 0x00, 0x00, 0x00,
    0x00, 0x00, 0x00, 0x00, 0x00, 0x00, 0x00, 0x00,
    0x00, 0x00, 0x00, 0x00, 0x00, 0x00, 0x00, 0x00,
    0x00, 0x00, 0x00, 0x00, 0x00, 0x00, 0x00, 0x00,
    0x00, 0x00, 0x00, 0x00, 0x00, 0x00, 0x00, 0x00,
    0x00, 0x00, 0x00, 0x00, 0x00, 0x00, 0x00, 0x00,
    0x00, 0x00, 0x00, 0x00, 0x00, 0x00, 0x00, 0x00,
    0x00, 0x00, 0x00, 0x00, 0x00, 0x00, 0x00, 0x00,
    0x00, 0x00, 0x00, 0x00, 0x00, 0x00, 0x00, 0x00,
    0x00, 0x00, 0x00, 0x00, 0x00, 0x00, 0x00, 0x00,
    0x00, 0x00, 0x00, 0x00, 0x00, 0x00, 0x00, 0x00,
    0x00, 0x00, 0x00, 0x00, 0x00, 0x00, 0x00, 0x00,
    0x00, 0x00, 0x00, 0x00, 0x00, 0x00, 0x00, 0x00,
    0xff, 0xff, 0xff, 0x20, 0xff, 0xff, 0xff, 0xef,
    0xff, 0xff, 0xff, 0xff, 0xff, 0xff, 0xff, 0xff,
    0xff, 0xff, 0xff, 0xff, 0xff, 0xff, 0xff, 0xff,
    0xff, 0xff, 0xff, 0xff, 0xff, 0xff, 0xff, 0xff,
    0xff, 0xff, 0xff, 0xff, 0xff, 0xff, 0xff, 0xff,
    0xff, 0xff, 0xff, 0xff, 0xff, 0xff, 0xff, 0xcf,
    0x5c, 0x61, 0x8a, 0xbf, 0x5c, 0x61, 0x8a, 0xff,
    0x5c, 0x61, 0x8a, 0xff, 0x94, 0x96, 0xa5, 0xff,
    0xb5, 0xb5, 0xb5, 0xff, 0xb5, 0xb5, 0xb5, 0xff,
    0xb5, 0xb5, 0xb5, 0xff, 0xb5, 0xb5, 0xb5, 0xff,
    0x99, 0x9b, 0xa8, 0xff, 0x5c, 0x61, 0x8a, 0xff,
    0x5c, 0x61, 0x8a, 0xff, 0x5c, 0x61, 0x8a, 0xaf,
    0x00, 0x00, 0x00, 0x00, 0x00, 0x00, 0x00, 0x00,
    0x00, 0x00, 0x00, 0x00, 0x00, 0x00, 0x00, 0x00,
    0x00, 0x00, 0x00, 0x00, 0x00, 0x00, 0x00, 0x00,
    0x00, 0x00, 0x00, 0x00, 0x00, 0x00, 0x00, 0x00,
    0x00, 0x00, 0x00, 0x00, 0x00, 0x00, 0x00, 0x00,
    0x00, 0x00, 0x00, 0x00, 0x00, 0x00, 0x00, 0x00,
    0x00, 0x00, 0x00, 0x00, 0x00, 0x00, 0x00, 0x00,
    0x00, 0x00, 0x00, 0x00, 0x00, 0x00, 0x00, 0x00,
    0x00, 0x00, 0x00, 0x00, 0x00, 0x00, 0x00, 0x00,
    0x00, 0x00, 0x00, 0x00, 0x67, 0x6b, 0x8d, 0x20,
    0x67, 0x6b, 0x8d, 0x40, 0x67, 0x6b, 0x8d, 0x40,
    0x67, 0x6b, 0x8d, 0x40, 0x67, 0x6b, 0x8d, 0x40,
    0x67, 0x6b, 0x8d, 0x20, 0x00, 0x00, 0x00, 0x00,
    0x00, 0x00, 0x00, 0x00, 0x00, 0x00, 0x00, 0x00,
    0x00, 0x00, 0x00, 0x00, 0x00, 0x00, 0x00, 0x00,
    0x00, 0x00, 0x00, 0x00, 0x00, 0x00, 0x00, 0x00,
    0x00, 0x00, 0x00, 0x00, 0x00, 0x00, 0x00, 0x00,
    0x00, 0x00, 0x00, 0x00, 0x00, 0x00, 0x00, 0x00,
    0x00, 0x00, 0x00, 0x00, 0x00, 0x00, 0x00, 0x00,
    0x00, 0x00, 0x00, 0x00, 0x00, 0x00, 0x00, 0x00,
    0x00, 0x00, 0x00, 0x00, 0x00, 0x00, 0x00, 0x00,
    0x00, 0x00, 0x00, 0x00, 0x00, 0x00, 0x00, 0x00,
    0xff, 0xff, 0xff, 0x70, 0xff, 0xff, 0xff, 0xff,
    0xff, 0xff, 0xff, 0xff, 0xff, 0xff, 0xff, 0xff,
    0xff, 0xff, 0xff, 0xff, 0xff, 0xff, 0xff, 0xff,
    0xff, 0xff, 0xff, 0xff, 0xff, 0xff, 0xff, 0xff,
    0xff, 0xff, 0xff, 0xff, 0xff, 0xff, 0xff, 0xff,
    0xff, 0xff, 0xff, 0xff, 0xff, 0xff, 0xff, 0xaf,
    0x5c, 0x61, 0x8a, 0x60, 0x5c, 0x61, 0x8a, 0xff,
    0x5c, 0x61, 0x8a, 0xff, 0x62, 0x66, 0x8d, 0xff,
    0x94, 0x96, 0xa5, 0xff, 0xb5, 0xb5, 0xb5, 0xff,
    0xb5, 0xb5, 0xb5, 0xff, 0x94, 0x96, 0xa5, 0xff,
    0x62, 0x66, 0x8d, 0xff, 0x5c, 0x61, 0x8a, 0xff,
    0x5c, 0x61, 0x8a, 0xff, 0x5c, 0x61, 0x8a, 0x50,
    0x00, 0x00, 0x00, 0x00, 0x00, 0x00, 0x00, 0x00,
    0x00, 0x00, 0x00, 0x00, 0x00, 0x00, 0x00, 0x00,
    0x00, 0x00, 0x00, 0x00, 0x00, 0x00, 0x00, 0x00,
    0x00, 0x00, 0x00, 0x00, 0x00, 0x00, 0x00, 0x00,
    0x00, 0x00, 0x00, 0x00, 0x00, 0x00, 0x00, 0x00,
    0x00, 0x00, 0x00, 0x00, 0x00, 0x00, 0x00, 0x00,
    0x00, 0x00, 0x00, 0x00, 0x00, 0x00, 0x00, 0x00,
    0x67, 0x6b, 0x8d, 0x20, 0x67, 0x6b, 0x8d, 0x60,
    0x67, 0x6b, 0x8d, 0x9f, 0x67, 0x6b, 0x8d, 0xcf,
    0x67, 0x6b, 0x8d, 0xff, 0x67, 0x6b, 0x8d, 0xff,
    0x67, 0x6b, 0x8d, 0xff, 0x67, 0x6b, 0x8d, 0xff,
    0x67, 0x6b, 0x8d, 0xff, 0x67, 0x6b, 0x8d, 0xff,
    0x67, 0x6b, 0x8d, 0xff, 0x67, 0x6b, 0x8d, 0xff,
    0x67, 0x6b, 0x8d, 0xdf, 0x67, 0x6b, 0x8d, 0xaf,
    0x67, 0x6b, 0x8d, 0x70, 0x67, 0x6b, 0x8d, 0x20,
    0x00, 0x00, 0x00, 0x00, 0x00, 0x00, 0x00, 0x00,
    0x00, 0x00, 0x00, 0x00, 0x00, 0x00, 0x00, 0x00,
    0x00, 0x00, 0x00, 0x00, 0x00, 0x00, 0x00, 0x00,
    0x00, 0x00, 0x00, 0x00, 0x00, 0x00, 0x00, 0x00,
    0x00, 0x00, 0x00, 0x00, 0x00, 0x00, 0x00, 0x00,
    0x00, 0x00, 0x00, 0x00, 0x00, 0x00, 0x00, 0x00,
    0x00, 0x00, 0x00, 0x00, 0x00, 0x00, 0x00, 0x00,
    0xff, 0xff, 0xff, 0x9f, 0xff, 0xff, 0xff, 0xff,
    0xff, 0xff, 0xff, 0xff, 0xff, 0xff, 0xff, 0xff,
    0xff, 0xff, 0xff, 0xff, 0xff, 0xff, 0xff, 0xff,
    0xff, 0xff, 0xff, 0xff, 0xff, 0xff, 0xff, 0xff,
    0xff, 0xff, 0xff, 0xff, 0xff, 0xff, 0xff, 0xff,
    0xff, 0xff, 0xff, 0xff, 0xff, 0xff, 0xff, 0x80,
    0x00, 0x00, 0x00, 0x00, 0x5c, 0x61, 0x8a, 0xbf,
    0x5c, 0x61, 0x8a, 0xff, 0x5c, 0x61, 0x8a, 0xff,
    0x5c, 0x61, 0x8a, 0xff, 0x5c, 0x61, 0x8a, 0xff,
    0x5c, 0x61, 0x8a, 0xff, 0x5c, 0x61, 0x8a, 0xff,
    0x5c, 0x61, 0x8a, 0xff, 0x5c, 0x61, 0x8a, 0xff,
    0x5c, 0x61, 0x8a, 0x9f, 0x00, 0x00, 0x00, 0x00,
    0x00, 0x00, 0x00, 0x00, 0x00, 0x00, 0x00, 0x00,
    0x00, 0x00, 0x00, 0x00, 0x00, 0x00, 0x00, 0x00,
    0x00, 0x00, 0x00, 0x00, 0x00, 0x00, 0x00, 0x00,
    0x00, 0x00, 0x00, 0x00, 0x00, 0x00, 0x00, 0x00,
    0x00, 0x00, 0x00, 0x00, 0x00, 0x00, 0x00, 0x00,
    0x00, 0x00, 0x00, 0x00, 0x67, 0x6b, 0x8d, 0x10,
    0x67, 0x6b, 0x8d, 0x60, 0x67, 0x6b, 0x8d, 0xcf,
    0x67, 0x6b, 0x8d, 0xff, 0x67, 0x6b, 0x8d, 0xff,
    0x67, 0x6b, 0x8d, 0xff, 0x67, 0x6b, 0x8d, 0xff,
    0x67, 0x6b, 0x8d, 0xff, 0x67, 0x6b, 0x8d, 0xff,
    0x67, 0x6b, 0x8d, 0xff, 0x67, 0x6b, 0x8d, 0xff,
    0x67, 0x6b, 0x8d, 0xff, 0x67, 0x6b, 0x8d, 0xff,
    0x67, 0x6b, 0x8d, 0xff, 0x67, 0x6b, 0x8d, 0xff,
    0x67, 0x6b, 0x8d, 0xff, 0x67, 0x6b, 0x8d, 0xff,
    0x67, 0x6b, 0x8d, 0xff, 0x67, 0x6b, 0x8d, 0xff,
    0x67, 0x6b, 0x8d, 0xdf, 0x67, 0x6b, 0x8d, 0x80,
    0x69, 0x6c, 0x8e, 0x2e, 0x00, 0x00, 0x00, 0x00,
    0x00, 0x00, 0x00, 0x00, 0x00, 0x00, 0x00, 0x00,
    0x00, 0x00, 0x00, 0x00, 0x00, 0x00, 0x00, 0x00,
    0x00, 0x00, 0x00, 0x00, 0x00, 0x00, 0x00, 0x00,
    0x00, 0x00, 0x00, 0x00, 0x00, 0x00, 0x00, 0x00,
    0x00, 0x00, 0x00, 0x00, 0x00, 0x00, 0x00, 0x00,
    0xff, 0xff, 0xff, 0xbf, 0xff, 0xff, 0xff, 0xff,
    0xff, 0xff, 0xff, 0xdf, 0xff, 0xff, 0xff, 0xbf,
    0xff, 0xff, 0xff, 0x8f, 0xff, 0xff, 0xff, 0x80,
    0xff, 0xff, 0xff, 0x40, 0xff, 0xff, 0xff, 0x30,
    0x00, 0x00, 0x00, 0x00, 0x00, 0x00, 0x00, 0x00,
    0xff, 0xff, 0xff, 0xff, 0xff, 0xff, 0xff, 0x50,
    0x00, 0x00, 0x00, 0x00, 0x5c, 0x61, 0x8a, 0x10,
    0x5c, 0x61, 0x8a, 0xaf, 0x5c, 0x61, 0x8a, 0xff,
    0x5c, 0x61, 0x8a, 0xff, 0x5c, 0x61, 0x8a, 0xff,
    0x5c, 0x61, 0x8a, 0xff, 0x5c, 0x61, 0x8a, 0xff,
    0x5c, 0x61, 0x8a, 0xff, 0x5c, 0x61, 0x8a, 0x9f,
    0x00, 0x00, 0x00, 0x00, 0x00, 0x00, 0x00, 0x00,
    0x00, 0x00, 0x00, 0x00, 0x00, 0x00, 0x00, 0x00,
    0x00, 0x00, 0x00, 0x00, 0x00, 0x00, 0x00, 0x00,
    0x00, 0x00, 0x00, 0x00, 0x00, 0x00, 0x00, 0x00,
    0x00, 0x00, 0x00, 0x00, 0x00, 0x00, 0x00, 0x00,
    0x00, 0x00, 0x00, 0x00, 0x67, 0x6b, 0x8d, 0x10,
    0x67, 0x6b, 0x8d, 0x80, 0x67, 0x6b, 0x8d, 0xef,
    0x67, 0x6b, 0x8d, 0xff, 0x67, 0x6b, 0x8d, 0xff,
    0x67, 0x6b, 0x8d, 0xff, 0x67, 0x6b, 0x8d, 0xff,
    0x67, 0x6b, 0x8d, 0xff, 0x67, 0x6b, 0x8d, 0xff,
    0x67, 0x6b, 0x8d, 0xff, 0x67, 0x6b, 0x8d, 0xff,
    0x67, 0x6b, 0x8d, 0xff, 0x67, 0x6b, 0x8d, 0xff,
    0x67, 0x6b, 0x8d, 0xff, 0x67, 0x6b, 0x8d, 0xff,
    0x67, 0x6b, 0x8d, 0xff, 0x67, 0x6b, 0x8d, 0xff,
    0x67, 0x6b, 0x8d, 0xff, 0x67, 0x6b, 0x8d, 0xff,
    0x67, 0x6b, 0x8d, 0xff, 0x67, 0x6b, 0x8d, 0xff,
    0x67, 0x6b, 0x8d, 0xff, 0x68, 0x6c, 0x8e, 0xff,
    0x6d, 0x6f, 0x90, 0xff, 0x6b, 0x6d, 0x8f, 0xcf,
    0x69, 0x6c, 0x8e, 0x2e, 0x00, 0x00, 0x00, 0x00,
    0x00, 0x00, 0x00, 0x00, 0x00, 0x00, 0x00, 0x00,
    0x00, 0x00, 0x00, 0x00, 0x00, 0x00, 0x00, 0x00,
    0x00, 0x00, 0x00, 0x00, 0x00, 0x00, 0x00, 0x00,
    0x00, 0x00, 0x00, 0x00, 0x00, 0x00, 0x00, 0x00,
    0xff, 0xff, 0xff, 0xff, 0xff, 0xff, 0xff, 0x80,
    0x00, 0x00, 0x00, 0x00, 0x00, 0x00, 0x00, 0x00,
    0x00, 0x00, 0x00, 0x00, 0x00, 0x00, 0x00, 0x00,
    0x00, 0x00, 0x00, 0x00, 0x00, 0x00, 0x00, 0x00,
    0x00, 0x00, 0x00, 0x00, 0xff, 0xff, 0xff, 0x40,
    0xff, 0xff, 0xff, 0xff, 0xff, 0xff, 0xff, 0x30,
    0x00, 0x00, 0x00, 0x00, 0x00, 0x00, 0x00, 0x00,
    0x00, 0x00, 0x00, 0x00, 0x5c, 0x61, 0x8a, 0x40,
    0x5c, 0x61, 0x8a, 0x9f, 0x5c, 0x61, 0x8a, 0xbf,
    0x5c, 0x61, 0x8a, 0xbf, 0x5c, 0x61, 0x8a, 0x9f,
    0x5c, 0x61, 0x8a, 0x40, 0x00, 0x00, 0x00, 0x00,
    0x00, 0x00, 0x00, 0x00, 0x00, 0x00, 0x00, 0x00,
    0x00, 0x00, 0x00, 0x00, 0x00, 0x00, 0x00, 0x00,
    0x00, 0x00, 0x00, 0x00, 0x00, 0x00, 0x00, 0x00,
    0x00, 0x00, 0x00, 0x00, 0x00, 0x00, 0x00, 0x00,
    0x00, 0x00, 0x00, 0x00, 0x00, 0x00, 0x00, 0x00,
    0x67, 0x6b, 0x8d, 0x70, 0x67, 0x6b, 0x8d, 0xef,
    0x67, 0x6b, 0x8d, 0xff, 0x67, 0x6b, 0x8d, 0xff,
    0x67, 0x6b, 0x8d, 0xff, 0x67, 0x6b, 0x8d, 0xff,
    0x67, 0x6b, 0x8d, 0xff, 0x67, 0x6b, 0x8d, 0xff,
    0x67, 0x6b, 0x8d, 0xff, 0x67, 0x6b, 0x8d, 0xff,
    0x67, 0x6b, 0x8d, 0xff, 0x67, 0x6b, 0x8d, 0xff,
    0x67, 0x6b, 0x8d, 0xff, 0x67, 0x6b, 0x8d, 0xff,
    0x67, 0x6b, 0x8d, 0xff, 0x67, 0x6b, 0x8d, 0xff,
    0x67, 0x6b, 0x8d, 0xff, 0x67, 0x6b, 0x8d, 0xff,
    0x67, 0x6b, 0x8d, 0xff, 0x67, 0x6b, 0x8d, 0xff,
    0x67, 0x6b, 0x8d, 0xff, 0x67, 0x6b, 0x8d, 0xff,
    0x67, 0x6b, 0x8d, 0xff, 0x6b, 0x6e, 0x8f, 0xff,
    0x6d, 0x6f, 0x90, 0xff, 0x6d, 0x6f, 0x90, 0xff,
    0x6d, 0x6f, 0x90, 0xff, 0x6b, 0x6e, 0x8f, 0xc7,
    0x67, 0x6b, 0x8d, 0x10, 0x00, 0x00, 0x00, 0x00,
    0x00, 0x00, 0x00, 0x00, 0x00, 0x00, 0x00, 0x00,
    0x00, 0x00, 0x00, 0x00, 0x00, 0x00, 0x00, 0x00,
    0x00, 0x00, 0x00, 0x00, 0xff, 0xff, 0xff, 0x20,
    0xff, 0xff, 0xff, 0xff, 0xff, 0xff, 0xff, 0x40,
    0x00, 0x00, 0x00, 0x00, 0x00, 0x00, 0x00, 0x00,
    0x00, 0x00, 0x00, 0x00, 0x00, 0x00, 0x00, 0x00,
    0x00, 0x00, 0x00, 0x00, 0x00, 0x00, 0x00, 0x00,
    0x00, 0x00, 0x00, 0x00, 0xff, 0xff, 0xff, 0x60,
    0xff, 0xff, 0xff, 0xff, 0x00, 0x00, 0x00, 0x00,
    0x00, 0x00, 0x00, 0x00, 0x00, 0x00, 0x00, 0x00,
    0x00, 0x00, 0x00, 0x00, 0x00, 0x00, 0x00, 0x00,
    0x00, 0x00, 0x00, 0x00, 0x00, 0x00, 0x00, 0x00,
    0x00, 0x00, 0x00, 0x00, 0x00, 0x00, 0x00, 0x00,
    0x00, 0x00, 0x00, 0x00, 0x00, 0x00, 0x00, 0x00,
    0x00, 0x00, 0x00, 0x00, 0x00, 0x00, 0x00, 0x00,
    0x00, 0x00, 0x00, 0x00, 0x00, 0x00, 0x00, 0x00,
    0x00, 0x00, 0x00, 0x00, 0x00, 0x00, 0x00, 0x00,
    0x00, 0x00, 0x00, 0x00, 0x00, 0x00, 0x00, 0x00,
    0x67, 0x6b, 0x8d, 0x20, 0x67, 0x6b, 0x8d, 0xbf,
    0x67, 0x6b, 0x8d, 0xff, 0x67, 0x6b, 0x8d, 0xff,
    0x67, 0x6b, 0x8d, 0xff, 0x67, 0x6b, 0x8d, 0xff,
    0x67, 0x6b, 0x8d, 0xff, 0x67, 0x6b, 0x8d, 0xff,
    0x67, 0x6b, 0x8d, 0xff, 0x67, 0x6b, 0x8d, 0xff,
    0x67, 0x6b, 0x8d, 0xff, 0x67, 0x6b, 0x8d, 0xff,
    0x67, 0x6b, 0x8d, 0xff, 0x67, 0x6b, 0x8d, 0xff,
    0x67, 0x6b, 0x8d, 0xff, 0x67, 0x6b, 0x8d, 0xff,
    0x67, 0x6b, 0x8d, 0xff, 0x67, 0x6b, 0x8d, 0xff,
    0x67, 0x6b, 0x8d, 0xff, 0x67, 0x6b, 0x8d, 0xff,
    0x67, 0x6b, 0x8d, 0xff, 0x67, 0x6b, 0x8d, 0xff,
    0x67, 0x6b, 0x8d, 0xff, 0x67, 0x6b, 0x8d, 0xff,
    0x67, 0x6b, 0x8d, 0xff, 0x6d, 0x6f, 0x90, 0xff,
    0x88, 0x8a, 0xa5, 0xff, 0xbf, 0xc0, 0xce, 0xff,
    0x6d, 0x6f, 0x90, 0xff, 0x6d, 0x6f, 0x90, 0xff,
    0x6c, 0x6f, 0x90, 0xfb, 0x6a, 0x6d, 0x8e, 0x64,
    0x00, 0x00, 0x00, 0x00, 0x00, 0x00, 0x00, 0x00,
    0x00, 0x00, 0x00, 0x00, 0x00, 0x00, 0x00, 0x00,
    0x00, 0x00, 0x00, 0x00, 0xff, 0xff, 0xff, 0x40,
    0xff, 0xff, 0xff, 0xff, 0xff, 0xff, 0xff, 0x10,
    0x00, 0x00, 0x00, 0x00, 0x00, 0x00, 0x00, 0x00,
    0x00, 0x00, 0x00, 0x00, 0x00, 0x00, 0x00, 0x00,
    0x00, 0x00, 0x00, 0x00, 0x00, 0x00, 0x00, 0x00,
    0x00, 0x00, 0x00, 0x00, 0xff, 0xff, 0xff, 0x80,
    0xff, 0xff, 0xff, 0xcf, 0x00, 0x00, 0x00, 0x00,
    0x00, 0x00, 0x00, 0x00, 0x00, 0x00, 0x00, 0x00,
    0x00, 0x00, 0x00, 0x00, 0x00, 0x00, 0x00, 0x00,
    0x00, 0x00, 0x00, 0x00, 0x00, 0x00, 0x00, 0x00,
    0x00, 0x00, 0x00, 0x00, 0x00, 0x00, 0x00, 0x00,
    0x00, 0x00, 0x00, 0x00, 0x00, 0x00, 0x00, 0x00,
    0x00, 0x00, 0x00, 0x00, 0x00, 0x00, 0x00, 0x00,
    0x00, 0x00, 0x00, 0x00, 0x00, 0x00, 0x00, 0x00,
    0x00, 0x00, 0x00, 0x00, 0x00, 0x00, 0x00, 0x00,
    0x00, 0x00, 0x00, 0x00, 0x67, 0x6b, 0x8d, 0x50,
    0x67, 0x6b, 0x8d, 0xef, 0x67, 0x6b, 0x8d, 0xff,
    0x67, 0x6b, 0x8d, 0xff, 0x67, 0x6b, 0x8d, 0xff,
    0x67, 0x6b, 0x8d, 0xff, 0x67, 0x6b, 0x8d, 0xff,
    0x67, 0x6b, 0x8d, 0xff, 0x67, 0x6b, 0x8d, 0xff,
    0x67, 0x6b, 0x8d, 0xff, 0x67, 0x6b, 0x8d, 0xff,
    0x67, 0x6b, 0x8d, 0xff, 0x67, 0x6b, 0x8d, 0xff,
    0x67, 0x6b, 0x8d, 0xff, 0x67, 0x6b, 0x8d, 0xff,
    0x67, 0x6b, 0x8d, 0xff, 0x67, 0x6b, 0x8d, 0xff,
    0x67, 0x6b, 0x8d, 0xff, 0x67, 0x6b, 0x8d, 0xff,
    0x67, 0x6b, 0x8d, 0xff, 0x67, 0x6b, 0x8d, 0xff,
    0x67, 0x6b, 0x8d, 0xff, 0x67, 0x6b, 0x8d, 0xff,
    0x67, 0x6b, 0x8d, 0xff, 0x67, 0x6b, 0x8d, 0xff,
    0x6a, 0x6d, 0x8e, 0xff, 0x7f, 0x81, 0x9e, 0xff,
    0xed, 0xed, 0xf1, 0xff, 0xf6, 0xf6, 0xf8, 0xff,
    0x6d, 0x6f, 0x90, 0xff, 0x6d, 0x6f, 0x90, 0xff,
    0x6d, 0x6f, 0x90, 0xff, 0x6d, 0x6f, 0x90, 0xff,
    0x6a, 0x6d, 0x8f, 0xa6, 0x00, 0x00, 0x00, 0x00,
    0x00, 0x00, 0x00, 0x00, 0x00, 0x00, 0x00, 0x00,
    0x00, 0x00, 0x00, 0x00, 0xff, 0xff, 0xff, 0x80,
    0xff, 0xff, 0xff, 0xef, 0x00, 0x00, 0x00, 0x00,
    0x00, 0x00, 0x00, 0x00, 0x00, 0x00, 0x00, 0x00,
    0x00, 0x00, 0x00, 0x00, 0x00, 0x00, 0x00, 0x00,
    0x00, 0x00, 0x00, 0x00, 0x00, 0x00, 0x00, 0x00,
    0x00, 0x00, 0x00, 0x00, 0xff, 0xff, 0xff, 0xbf,
    0xff, 0xff, 0xff, 0xaf, 0x00, 0x00, 0x00, 0x00,
    0x00, 0x00, 0x00, 0x00, 0x00, 0x00, 0x00, 0x00,
    0x00, 0x00, 0x00, 0x00, 0x00, 0x00, 0x00, 0x00,
    0x00, 0x00, 0x00, 0x00, 0x00, 0x00, 0x00, 0x00,
    0x00, 0x00, 0x00, 0x00, 0x00, 0x00, 0x00, 0x00,
    0x00, 0x00, 0x00, 0x00, 0x00, 0x00, 0x00, 0x00,
    0x00, 0x00, 0x00, 0x00, 0x00, 0x00, 0x00, 0x00,
    0x00, 0x00, 0x00, 0x00, 0x00, 0x00, 0x00, 0x00,
    0x00, 0x00, 0x00, 0x00, 0x00, 0x00, 0x00, 0x00,
    0x67, 0x6b, 0x8d, 0x60, 0x67, 0x6b, 0x8d, 0xff,
    0x67, 0x6b, 0x8d, 0xff, 0x67, 0x6b, 0x8d, 0xff,
    0x67, 0x6b, 0x8d, 0xff, 0x67, 0x6b, 0x8d, 0xff,
    0x67, 0x6b, 0x8d, 0xff, 0x67, 0x6b, 0x8d, 0xff,
    0x67, 0x6b, 0x8d, 0xff, 0x67, 0x6b, 0x8d, 0xff,
    0x67, 0x6b, 0x8d, 0xff, 0x67, 0x6b, 0x8d, 0xff,
    0x67, 0x6b, 0x8d, 0xff, 0x67, 0x6b, 0x8d, 0xff,
    0x67, 0x6b, 0x8d, 0xff, 0x67, 0x6b, 0x8d, 0xff,
    0x67, 0x6b, 0x8d, 0xff, 0x67, 0x6b, 0x8d, 0xff,
    0x67, 0x6b, 0x8d, 0xff, 0x67, 0x6b, 0x8d, 0xff,
    0x67, 0x6b, 0x8d, 0xff, 0x67, 0x6b, 0x8d, 0xff,
    0x67, 0x6b, 0x8d, 0xff, 0x67, 0x6b, 0x8d, 0xff,
    0x67, 0x6b, 0x8d, 0xff, 0x67, 0x6b, 0x8d, 0xff,
    0x6c, 0x6f, 0x90, 0xff, 0xbf, 0xc0, 0xce, 0xff,
    0x88, 0x8a, 0xa5, 0xff, 0xb6, 0xb7, 0xc8, 0xff,
    0x6d, 0x6f, 0x90, 0xff, 0x6d, 0x6f, 0x90, 0xff,
    0x6d, 0x6f, 0x90, 0xff, 0x6d, 0x6f, 0x90, 0xff,
    0x6d, 0x6f, 0x90, 0xff, 0x6b, 0x6d, 0x8f, 0xcf,
    0x00, 0x00, 0x00, 0x00, 0x00, 0x00, 0x00, 0x00,
    0x00, 0x00, 0x00, 0x00, 0xff, 0xff, 0xff, 0x9f,
    0xff, 0xff, 0xff, 0xbf, 0x00, 0x00, 0x00, 0x00,
    0x00, 0x00, 0x00, 0x00, 0x00, 0x00, 0x00, 0x00,
    0x00, 0x00, 0x00, 0x00, 0xff, 0xff, 0xff, 0x30,
    0xff, 0xff, 0xff, 0x80, 0xff, 0xff, 0xff, 0x80,
    0xff, 0xff, 0xff, 0x30, 0xff, 0xff, 0xff, 0xdf,
    0xff, 0xff, 0xff, 0x80, 0x00, 0x00, 0x00, 0x00,
    0x00, 0x00, 0x00, 0x00, 0x00, 0x00, 0x00, 0x00,
    0x00, 0x00, 0x00, 0x00, 0x00, 0x00, 0x00, 0x00,
    0x00, 0x00, 0x00, 0x00, 0x00, 0x00, 0x00, 0x00,
    0x00, 0x00, 0x00, 0x00, 0x00, 0x00, 0x00, 0x00,
    0x00, 0x00, 0x00, 0x00, 0x00, 0x00, 0x00, 0x00,
    0x00, 0x00, 0x00, 0x00, 0x00, 0x00, 0x00, 0x00,
    0x00, 0x00, 0x00, 0x00, 0x00, 0x00, 0x00, 0x00,
    0x00, 0x00, 0x00, 0x00, 0x67, 0x6b, 0x8d, 0x70,
    0x67, 0x6b, 0x8d, 0xff, 0x67, 0x6b, 0x8d, 0xff,
    0x67, 0x6b, 0x8d, 0xff, 0x67, 0x6b, 0x8d, 0xff,
    0x67, 0x6b, 0x8d, 0xff, 0x67, 0x6b, 0x8d, 0xff,
    0x67, 0x6b, 0x8d, 0xff, 0x67, 0x6b, 0x8d, 0xff,
    0x67, 0x6b, 0x8d, 0xff, 0x67, 0x6b, 0x8d, 0xff,
    0x67, 0x6b, 0x8d, 0xff, 0x67, 0x6b, 0x8d, 0xff,
    0x67, 0x6b, 0x8d, 0xff, 0x67, 0x6b, 0x8d, 0xff,
    0x67, 0x6b, 0x8d, 0xff, 0x67, 0x6b, 0x8d, 0xff,
    0x67, 0x6b, 0x8d, 0xff, 0x67, 0x6b, 0x8d, 0xff,
    0x67, 0x6b, 0x8d, 0xff, 0x67, 0x6b, 0x8d, 0xff,
    0x67, 0x6b, 0x8d, 0xff, 0x67, 0x6b, 0x8d, 0xff,
    0x67, 0x6b, 0x8d, 0xff, 0x67, 0x6b, 0x8d, 0xff,
    0x67, 0x6b, 0x8d, 0xff, 0x69, 0x6c, 0x8e, 0xff,
    0x6d, 0x6f, 0x90, 0xff, 0xb6, 0xb7, 0xc8, 0xff,
    0x76, 0x78, 0x97, 0xff, 0xbf, 0xc0, 0xce, 0xff,
    0x6d, 0x6f, 0x90, 0xff, 0x6d, 0x6f, 0x90, 0xff,
    0x6d, 0x6f, 0x90, 0xff, 0x6d, 0x6f, 0x90, 0xff,
    0x76, 0x78, 0x97, 0xff, 0xb6, 0xb7, 0xc8, 0xff,
    0xef, 0xef, 0xf3, 0xfb, 0xff, 0xff, 0xff, 0xff,
    0xff, 0xff, 0xff, 0xcf, 0xff, 0xff, 0xff, 0xdf,
    0xff, 0xff, 0xff, 0x80, 0x00, 0x00, 0x00, 0x00,
    0x00, 0x00, 0x00, 0x00, 0x00, 0x00, 0x00, 0x00,
    0xff, 0xff, 0xff, 0x9f, 0xff, 0xff, 0xff, 0xff,
    0xff, 0xff, 0xff, 0xff, 0xff, 0xff, 0xff, 0xff,
    0xff, 0xff, 0xff, 0xff, 0xff, 0xff, 0xff, 0xff,
    0xff, 0xff, 0xff, 0x50, 0x00, 0x00, 0x00, 0x00,
    0x00, 0x00, 0x00, 0x00, 0x00, 0x00, 0x00, 0x00,
    0x00, 0x00, 0x00, 0x00, 0x00, 0x00, 0x00, 0x00,
    0x00, 0x00, 0x00, 0x00, 0x00, 0x00, 0x00, 0x00,
    0x00, 0x00, 0x00, 0x00, 0x00, 0x00, 0x00, 0x00,
    0x00, 0x00, 0x00, 0x00, 0x00, 0x00, 0x00, 0x00,
    0x00, 0x00, 0x00, 0x00, 0x00, 0x00, 0x00, 0x00,
    0x00, 0x00, 0x00, 0x00, 0x00, 0x00, 0x00, 0x00,
    0x67, 0x6b, 0x8d, 0x60, 0x67, 0x6b, 0x8d, 0xff,
    0x67, 0x6b, 0x8d, 0xff, 0x67, 0x6b, 0x8d, 0xff,
    0x67, 0x6b, 0x8d, 0xff, 0x67, 0x6b, 0x8d, 0xff,
    0x67, 0x6b, 0x8d, 0xff, 0x67, 0x6b, 0x8d, 0xff,
    0x67, 0x6b, 0x8d, 0xff, 0x67, 0x6b, 0x8d, 0xff,
    0x67, 0x6b, 0x8d, 0xff, 0x67, 0x6b, 0x8d, 0xff,
    0x67, 0x6b, 0x8d, 0xff, 0x67, 0x6b, 0x8d, 0xff,
    0x67, 0x6b, 0x8d, 0xff, 0x67, 0x6b, 0x8d, 0xff,
    0x67, 0x6b, 0x8d, 0xff, 0x67, 0x6b, 0x8d, 0xff,
    0x67, 0x6b, 0x8d, 0xff, 0x67, 0x6b, 0x8d, 0xff,
    0x67, 0x6b, 0x8d, 0xff, 0x67, 0x6b, 0x8d, 0xff,
    0x67, 0x6b, 0x8d, 0xff, 0x67, 0x6b, 0x8d, 0xff,
    0x67, 0x6b, 0x8d, 0xff, 0x67, 0x6b, 0x8d, 0xff,
    0x67, 0x6b, 0x8d, 0xff, 0x6b, 0x6e, 0x8f, 0xff,
    0x88, 0x8a, 0xa5, 0xff, 0xb6, 0xb7, 0xc8, 0xff,
    0xe4, 0xe4, 0xea, 0xff, 0x92, 0x93, 0xac, 0xff,
    0x6d, 0x6f, 0x90, 0xff, 0x6d, 0x6f, 0x90, 0xff,
    0x6d, 0x6f, 0x90, 0xff, 0x6d, 0x6f, 0x90, 0xff,
    0xdb, 0xdb, 0xe3, 0xff, 0xff, 0xff, 0xff, 0xff,
    0xff, 0xff, 0xff, 0xff, 0xff, 0xff, 0xff, 0xff,
    0xff, 0xff, 0xff, 0xff, 0xff, 0xff, 0xff, 0xff,
    0xff, 0xff, 0xff, 0x60, 0x00, 0x00, 0x00, 0x00,
    0x00, 0x00, 0x00, 0x00, 0xff, 0xff, 0xff, 0x60,
    0xff, 0xff, 0xff, 0xff, 0xff, 0xff, 0xff, 0xff,
    0xff, 0xff, 0xff, 0xff, 0xff, 0xff, 0xff, 0xff,
    0xff, 0xff, 0xff, 0xff, 0xff, 0xff, 0xff, 0xff,
    0xff, 0xff, 0xff, 0x20, 0x00, 0x00, 0x00, 0x00,
    0x00, 0x00, 0x00, 0x00, 0x00, 0x00, 0x00, 0x00,
    0x00, 0x00, 0x00, 0x00, 0x00, 0x00, 0x00, 0x00,
    0x00, 0x00, 0x00, 0x00, 0x00, 0x00, 0x00, 0x00,
    0x00, 0x00, 0x00, 0x00, 0x00, 0x00, 0x00, 0x00,
    0x00, 0x00, 0x00, 0x00, 0x00, 0x00, 0x00, 0x00,
    0x00, 0x00, 0x00, 0x00, 0x00, 0x00, 0x00, 0x00,
    0x00, 0x00, 0x00, 0x00, 0x67, 0x6b, 0x8d, 0x50,
    0x67, 0x6b, 0x8d, 0xff, 0x67, 0x6b, 0x8d, 0xff,
    0x67, 0x6b, 0x8d, 0xff, 0x67, 0x6b, 0x8d, 0xff,
    0x67, 0x6b, 0x8d, 0xff, 0x67, 0x6b, 0x8d, 0xff,
    0x67, 0x6b, 0x8d, 0xff, 0x67, 0x6b, 0x8d, 0xff,
    0x67, 0x6b, 0x8d, 0xff, 0x67, 0x6b, 0x8d, 0xff,
    0x67, 0x6b, 0x8d, 0xff, 0x67, 0x6b, 0x8d, 0xff,
    0x67, 0x6b, 0x8d, 0xff, 0x67, 0x6b, 0x8d, 0xff,
    0x67, 0x6b, 0x8d, 0xff, 0x67, 0x6b, 0x8d, 0xff,
    0x67, 0x6b, 0x8d, 0xff, 0x67, 0x6b, 0x8d, 0xff,
    0x67, 0x6b, 0x8d, 0xff, 0x67, 0x6b, 0x8d, 0xff,
    0x67, 0x6b, 0x8d, 0xff, 0x67, 0x6b, 0x8d, 0xff,
    0x67, 0x6b, 0x8d, 0xff, 0x67, 0x6b, 0x8d, 0xff,
    0x67, 0x6b, 0x8d, 0xff, 0x67, 0x6b, 0x8d, 0xff,
    0x68, 0x6c, 0x8d, 0xff, 0x92, 0x93, 0xac, 0xff,
    0xdb, 0xdb, 0xe3, 0xff, 0xdb, 0xdb, 0xe3, 0xff,
    0xa4, 0xa5, 0xba, 0xff, 0x6d, 0x6f, 0x90, 0xff,
    0x6d, 0x6f, 0x90, 0xff, 0x6d, 0x6f, 0x90, 0xff,
    0x6d, 0x6f, 0x90, 0xff, 0x92, 0x93, 0xac, 0xff,
    0xff, 0xff, 0xff, 0xff, 0xff, 0xff, 0xff, 0xff,
    0xff, 0xff, 0xff, 0xff, 0xff, 0xff, 0xff, 0xff,
    0xff, 0xff, 0xff, 0xff, 0xff, 0xff, 0xff, 0xff,
    0xff, 0xff, 0xff, 0x40, 0x00, 0x00, 0x00, 0x00,
    0x00, 0x00, 0x00, 0x00, 0xff, 0xff, 0xff, 0x8f,
    0xff, 0xff, 0xff, 0xff, 0xff, 0xff, 0xff, 0xff,
    0xff, 0xff, 0xff, 0xff, 0xff, 0xff, 0xff, 0xff,
    0xff, 0xff, 0xff, 0xff, 0xff, 0xff, 0xff, 0xef,
    0x00, 0x00, 0x00, 0x00, 0x00, 0x00, 0x00, 0x00,
    0x00, 0x00, 0x00, 0x00, 0x00, 0x00, 0x00, 0x00,
    0x00, 0x00, 0x00, 0x00, 0x00, 0x00, 0x00, 0x00,
    0x00, 0x00, 0x00, 0x00, 0x00, 0x00, 0x00, 0x00,
    0x00, 0x00, 0x00, 0x00, 0x00, 0x00, 0x00, 0x00,
    0x00, 0x00, 0x00, 0x00, 0x00, 0x00, 0x00, 0x00,
    0x00, 0x00, 0x00, 0x00, 0x00, 0x00, 0x00, 0x00,
    0x67, 0x6b, 0x8d, 0x20, 0x67, 0x6b, 0x8d, 0xef,
    0x67, 0x6b, 0x8d, 0xff, 0x67, 0x6b, 0x8d, 0xff,
    0x67, 0x6b, 0x8d, 0xff, 0x67, 0x6b, 0x8d, 0xff,
    0x67, 0x6b, 0x8d, 0xff, 0x67, 0x6b, 0x8d, 0xff,
    0x67, 0x6b, 0x8d, 0xff, 0x67, 0x6b, 0x8d, 0xff,
    0x67, 0x6b, 0x8d, 0xff, 0x67, 0x6b, 0x8d, 0xff,
    0x67, 0x6b, 0x8d, 0xff, 0x67, 0x6b, 0x8d, 0xff,
    0x67, 0x6b, 0x8d, 0xff, 0x67, 0x6b, 0x8d, 0xff,
    0x67, 0x6b, 0x8d, 0xff, 0x67, 0x6b, 0x8d, 0xff,
    0x67, 0x6b, 0x8d, 0xff, 0x67, 0x6b, 0x8d, 0xff,
    0x67, 0x6b, 0x8d, 0xff, 0x67, 0x6b, 0x8d, 0xff,
    0x67, 0x6b, 0x8d, 0xff, 0x67, 0x6b, 0x8d, 0xff,
    0x67, 0x6b, 0x8d, 0xff, 0x67, 0x6b, 0x8d, 0xff,
    0x67, 0x6b, 0x8d, 0xff, 0x71, 0x74, 0x94, 0xff,
    0xc7, 0xc8, 0xd5, 0xff, 0xff, 0xff, 0xff, 0xff,
    0xbf, 0xc0, 0xce, 0xff, 0x92, 0x93, 0xac, 0xff,
    0x6d, 0x6f, 0x90, 0xff, 0x6d, 0x6f, 0x90, 0xff,
    0x6d, 0x6f, 0x90, 0xff, 0x6d, 0x6f, 0x90, 0xff,
    0x6d, 0x6f, 0x90, 0xff, 0x92, 0x93, 0xac, 0xff,
    0xff, 0xff, 0xff, 0xff, 0xff, 0xff, 0xff, 0xff,
    0xff, 0xff, 0xff, 0xff, 0xff, 0xff, 0xff, 0xff,
    0xff, 0xff, 0xff, 0xff, 0xf7, 0xf7, 0xf9, 0xec,
    0x00, 0x00, 0x00, 0x00, 0x00, 0x00, 0x00, 0x00,
    0x00, 0x00, 0x00, 0x00, 0xff, 0xff, 0xff, 0x50,
    0xff, 0xff, 0xff, 0xff, 0xff, 0xff, 0xff, 0xff,
    0xff, 0xff, 0xff, 0xff, 0xff, 0xff, 0xff, 0xff,
    0xff, 0xff, 0xff, 0xff, 0xff, 0xff, 0xff, 0x60,
    0x00, 0x00, 0x00, 0x00, 0x00, 0x00, 0x00, 0x00,
    0x00, 0x00, 0x00, 0x00, 0x00, 0x00, 0x00, 0x00,
    0x00, 0x00, 0x00, 0x00, 0x00, 0x00, 0x00, 0x00,
    0x00, 0x00, 0x00, 0x00, 0x00, 0x00, 0x00, 0x00,
    0x00, 0x00, 0x00, 0x00, 0x00, 0x00, 0x00, 0x00,
    0x00, 0x00, 0x00, 0x00, 0x00, 0x00, 0x00, 0x00,
    0x00, 0x00, 0x00, 0x00, 0x00, 0x00, 0x00, 0x00,
    0x67, 0x6b, 0x8d, 0xbf, 0x67, 0x6b, 0x8d, 0xff,
    0x67, 0x6b, 0x8d, 0xff, 0x67, 0x6b, 0x8d, 0xff,
    0x67, 0x6b, 0x8d, 0xff, 0x67, 0x6b, 0x8d, 0xff,
    0x67, 0x6b, 0x8d, 0xff, 0x67, 0x6b, 0x8d, 0xff,
    0x67, 0x6b, 0x8d, 0xff, 0x67, 0x6b, 0x8d, 0xff,
    0x67, 0x6b, 0x8d, 0xff, 0x67, 0x6b, 0x8d, 0xff,
    0x67, 0x6b, 0x8d, 0xff, 0x67, 0x6b, 0x8d, 0xff,
    0x67, 0x6b, 0x8d, 0xff, 0x67, 0x6b, 0x8d, 0xff,
    0x67, 0x6b, 0x8d, 0xff, 0x67, 0x6b, 0x8d, 0xff,
    0x67, 0x6b, 0x8d, 0xff, 0x67, 0x6b, 0x8d, 0xff,
    0x67, 0x6b, 0x8d, 0xff, 0x67, 0x6b, 0x8d, 0xff,
    0x67, 0x6b, 0x8d, 0xff, 0x67, 0x6b, 0x8d, 0xff,
    0x67, 0x6b, 0x8d, 0xff, 0x67, 0x6b, 0x8d, 0xff,
    0x67, 0x6b, 0x8d, 0xff, 0xd0, 0xd1, 0xdb, 0xff,
    0xe3, 0xe4, 0xea, 0xff, 0x92, 0x93, 0xac, 0xff,
    0xad, 0xae, 0xc1, 0xff, 0x92, 0x93, 0xac, 0xff,
    0x6d, 0x6f, 0x90, 0xff, 0x6d, 0x6f, 0x90, 0xff,
    0x6d, 0x6f, 0x90, 0xff, 0x6d, 0x6f, 0x90, 0xff,
    0x6d, 0x6f, 0x90, 0xff, 0x6d, 0x6f, 0x90, 0xff,
    0xc8, 0xc9, 0xd5, 0xff, 0xff, 0xff, 0xff, 0xff,
    0xff, 0xff, 0xff, 0xff, 0xff, 0xff, 0xff, 0xff,
    0xed, 0xed, 0xf1, 0xff, 0x88, 0x8a, 0xa5, 0xfc,
    0x6a, 0x6d, 0x8f, 0x1f, 0x00, 0x00, 0x00, 0x00,
    0x00, 0x00, 0x00, 0x00, 0x00, 0x00, 0x00, 0x00,
    0xff, 0xff, 0xff, 0x50, 0xff, 0xff, 0xff, 0xaf,
    0xff, 0xff, 0xff, 0xbf, 0xff, 0xff, 0xff, 0xaf,
    0xff, 0xff, 0xff, 0x40, 0x00, 0x00, 0x00, 0x00,
    0x00, 0x00, 0x00, 0x00, 0x00, 0x00, 0x00, 0x00,
    0x00, 0x00, 0x00, 0x00, 0x00, 0x00, 0x00, 0x00,
    0x00, 0x00, 0x00, 0x00, 0x00, 0x00, 0x00, 0x00,
    0x00, 0x00, 0x00, 0x00, 0x00, 0x00, 0x00, 0x00,
    0x00, 0x00, 0x00, 0x00, 0x00, 0x00, 0x00, 0x00,
    0x00, 0x00, 0x00, 0x00, 0x00, 0x00, 0x00, 0x00,
    0x00, 0x00, 0x00, 0x00, 0x67, 0x6b, 0x8d, 0x60,
    0x67, 0x6b, 0x8d, 0xff, 0x67, 0x6b, 0x8d, 0xff,
    0x67, 0x6b, 0x8d, 0xff, 0x67, 0x6b, 0x8d, 0xff,
    0x67, 0x6b, 0x8d, 0xff, 0x67, 0x6b, 0x8d, 0xff,
    0x67, 0x6b, 0x8d, 0xff, 0x67, 0x6b, 0x8d, 0xff,
    0x67, 0x6b, 0x8d, 0xff, 0x67, 0x6b, 0x8d, 0xff,
    0x67, 0x6b, 0x8d, 0xff, 0x67, 0x6b, 0x8d, 0xff,
    0x67, 0x6b, 0x8d, 0xff, 0x67, 0x6b, 0x8d, 0xff,
    0x67, 0x6b, 0x8d, 0xff, 0x67, 0x6b, 0x8d, 0xff,
    0x67, 0x6b, 0x8d, 0xff, 0x67, 0x6b, 0x8d, 0xff,
    0x67, 0x6b, 0x8d, 0xff, 0x67, 0x6b, 0x8d, 0xff,
    0x67, 0x6b, 0x8d, 0xff, 0x67, 0x6b, 0x8d, 0xff,
    0x67, 0x6b, 0x8d, 0xff, 0x67, 0x6b, 0x8d, 0xff,
    0x67, 0x6b, 0x8d, 0xff, 0x67, 0x6b, 0x8d, 0xff,
    0x84, 0x87, 0xa2, 0xff, 0xe3, 0xe4, 0xea, 0xff,
    0x76, 0x78, 0x97, 0xff, 0xa4, 0xa5, 0xba, 0xff,
    0x88, 0x8a, 0xa5, 0xff, 0x9b, 0x9c, 0xb3, 0xff,
    0x6d, 0x6f, 0x90, 0xff, 0x6d, 0x6f, 0x90, 0xff,
    0x6d, 0x6f, 0x90, 0xff, 0x6d, 0x6f, 0x90, 0xff,
    0x6d, 0x6f, 0x90, 0xff, 0x6d, 0x6f, 0x90, 0xff,
    0x6d, 0x6f, 0x90, 0xff, 0x88, 0x8a, 0xa5, 0xff,
    0x92, 0x93, 0xac, 0xff, 0x92, 0x93, 0xac, 0xff,
    0x6d, 0x6f, 0x90, 0xff, 0x6d, 0x6f, 0x90, 0xff,
    0x6b, 0x6e, 0x8f, 0xc7, 0x00, 0x00, 0x00, 0x00,
    0x00, 0x00, 0x00, 0x00, 0x00, 0x00, 0x00, 0x00,
    0x00, 0x00, 0x00, 0x00, 0x00, 0x00, 0x00, 0x00,
    0x00, 0x00, 0x00, 0x00, 0x00, 0x00, 0x00, 0x00,
    0x00, 0x00, 0x00, 0x00, 0x00, 0x00, 0x00, 0x00,
    0x00, 0x00, 0x00, 0x00, 0x00, 0x00, 0x00, 0x00,
    0x00, 0x00, 0x00, 0x00, 0x00, 0x00, 0x00, 0x00,
    0x00, 0x00, 0x00, 0x00, 0x00, 0x00, 0x00, 0x00,
    0x00, 0x00, 0x00, 0x00, 0x00, 0x00, 0x00, 0x00,
    0x00, 0x00, 0x00, 0x00, 0x00, 0x00, 0x00, 0x00,
    0x00, 0x00, 0x00, 0x00, 0x00, 0x00, 0x00, 0x00,
    0x67, 0x6b, 0x8d, 0x10, 0x67, 0x6b, 0x8d, 0xdf,
    0x67, 0x6b, 0x8d, 0xff, 0x67, 0x6b, 0x8d, 0xff,
    0x67, 0x6b, 0x8d, 0xff, 0x67, 0x6b, 0x8d, 0xff,
    0x67, 0x6b, 0x8d, 0xff, 0x67, 0x6b, 0x8d, 0xff,
    0x67, 0x6b, 0x8d, 0xff, 0x67, 0x6b, 0x8d, 0xff,
    0x67, 0x6b, 0x8d, 0xff, 0x67, 0x6b, 0x8d, 0xff,
    0x67, 0x6b, 0x8d, 0xff, 0x67, 0x6b, 0x8d, 0xff,
    0x67, 0x6b, 0x8d, 0xff, 0x67, 0x6b, 0x8d, 0xff,
    0x67, 0x6b, 0x8d, 0xff, 0x67, 0x6b, 0x8d, 0xff,
    0x67, 0x6b, 0x8d, 0xff, 0x67, 0x6b, 0x8d, 0xff,
    0x67, 0x6b, 0x8d, 0xff, 0x67, 0x6b, 0x8d, 0xff,
    0x67, 0x6b, 0x8d, 0xff, 0x67, 0x6b, 0x8d, 0xff,
    0x67, 0x6b, 0x8d, 0xff, 0x67, 0x6b, 0x8d, 0xff,
    0x67, 0x6b, 0x8d, 0xff, 0x67, 0x6b, 0x8d, 0xff,
    0xb3, 0xb5, 0xc6, 0xff, 0x91, 0x92, 0xab, 0xff,
    0xb6, 0xb7, 0xc8, 0xff, 0xd1, 0xd2, 0xdc, 0xff,
    0x92, 0x93, 0xac, 0xff, 0xb6, 0xb7, 0xc8, 0xff,
    0x92, 0x93, 0xac, 0xff, 0x6d, 0x6f, 0x90, 0xff,
    0x6d, 0x6f, 0x90, 0xff, 0x6d, 0x6f, 0x90, 0xff,
    0x6d, 0x6f, 0x90, 0xff, 0x6d, 0x6f, 0x90, 0xff,
    0x6d, 0x6f, 0x90, 0xff, 0x6d, 0x6f, 0x90, 0xff,
    0x6d, 0x6f, 0x90, 0xff, 0x6d, 0x6f, 0x90, 0xff,
    0x6d, 0x6f, 0x90, 0xff, 0x6d, 0x6f, 0x90, 0xff,
    0x6d, 0x6f, 0x90, 0xff, 0x69, 0x6c, 0x8e, 0x2e,
    0x00, 0x00, 0x00, 0x00, 0x00, 0x00, 0x00, 0x00,
    0x00, 0x00, 0x00, 0x00, 0x00, 0x00, 0x00, 0x00,
    0x00, 0x00, 0x00, 0x00, 0x00, 0x00, 0x00, 0x00,
    0x00, 0x00, 0x00, 0x00, 0x00, 0x00, 0x00, 0x00,
    0x00, 0x00, 0x00, 0x00, 0x00, 0x00, 0x00, 0x00,
    0x00, 0x00, 0x00, 0x00, 0x00, 0x00, 0x00, 0x00,
    0x00, 0x00, 0x00, 0x00, 0x00, 0x00, 0x00, 0x00,
    0x00, 0x00, 0x00, 0x00, 0x00, 0x00, 0x00, 0x00,
    0x00, 0x00, 0x00, 0x00, 0x00, 0x00, 0x00, 0x00,
    0x00, 0x00, 0x00, 0x00, 0x00, 0x00, 0x00, 0x00,
    0x67, 0x6b, 0x8d, 0x80, 0x67, 0x6b, 0x8d, 0xff,
    0x67, 0x6b, 0x8d, 0xff, 0x67, 0x6b, 0x8d, 0xff,
    0x67, 0x6b, 0x8d, 0xff, 0x67, 0x6b, 0x8d, 0xff,
    0x67, 0x6b, 0x8d, 0xff, 0x67, 0x6b, 0x8d, 0xff,
    0x67, 0x6b, 0x8d, 0xff, 0x67, 0x6b, 0x8d, 0xff,
    0x67, 0x6b, 0x8d, 0xff, 0x67, 0x6b, 0x8d, 0xff,
    0x67, 0x6b, 0x8d, 0xff, 0x67, 0x6b, 0x8d, 0xff,
    0x67, 0x6b, 0x8d, 0xff, 0x67, 0x6b, 0x8d, 0xff,
    0x67, 0x6b, 0x8d, 0xff, 0x67, 0x6b, 0x8d, 0xff,
    0x67, 0x6b, 0x8d, 0xff, 0x67, 0x6b, 0x8d, 0xff,
    0x67, 0x6b, 0x8d, 0xff, 0x70, 0x75, 0x93, 0xff,
    0x79, 0x7f, 0x99, 0xff, 0x8c, 0x93, 0xa5, 0xff,
    0x8c, 0x93, 0xa5, 0xff, 0x7e, 0x84, 0x9c, 0xff,
    0x75, 0x7a, 0x96, 0xff, 0x67, 0x6b, 0x8d, 0xff,
    0xa1, 0xa3, 0xb8, 0xff, 0x76, 0x78, 0x97, 0xff,
    0xc8, 0xc9, 0xd5, 0xff, 0xf6, 0xf6, 0xf8, 0xff,
    0xbf, 0xc0, 0xce, 0xff, 0xf6, 0xf6, 0xf8, 0xff,
    0xb6, 0xb7, 0xc8, 0xff, 0x6d, 0x6f, 0x90, 0xff,
    0x6d, 0x6f, 0x90, 0xff, 0x6d, 0x6f, 0x90, 0xff,
    0x6d, 0x6f, 0x90, 0xff, 0x6d, 0x6f, 0x90, 0xff,
    0x6d, 0x6f, 0x90, 0xff, 0x6d, 0x6f, 0x90, 0xff,
    0x6d, 0x6f, 0x90, 0xff, 0x6d, 0x6f, 0x90, 0xff,
    0x6d, 0x6f, 0x90, 0xff, 0x6d, 0x6f, 0x90, 0xff,
    0x6d, 0x6f, 0x90, 0xff, 0x6b, 0x6d, 0x8f, 0xcf,
    0x00, 0x00, 0x00, 0x00, 0x00, 0x00, 0x00, 0x00,
    0x00, 0x00, 0x00, 0x00, 0x00, 0x00, 0x00, 0x00,
    0x00, 0x00, 0x00, 0x00, 0x00, 0x00, 0x00, 0x00,
    0x00, 0x00, 0x00, 0x00, 0x00, 0x00, 0x00, 0x00,
    0x00, 0x00, 0x00, 0x00, 0x00, 0x00, 0x00, 0x00,
    0x00, 0x00, 0x00, 0x00, 0x00, 0x00, 0x00, 0x00,
    0x00, 0x00, 0x00, 0x00, 0x00, 0x00, 0x00, 0x00,
    0x00, 0x00, 0x00, 0x00, 0x00, 0x00, 0x00, 0x00,
    0x00, 0x00, 0x00, 0x00, 0x00, 0x00, 0x00, 0x00,
    0x00, 0x00, 0x00, 0x00, 0x00, 0x00, 0x00, 0x00,
    0x67, 0x6b, 0x8d, 0xdf, 0x67, 0x6b, 0x8d, 0xff,
    0x67, 0x6b, 0x8d, 0xff, 0x67, 0x6b, 0x8d, 0xff,
    0x67, 0x6b, 0x8d, 0xff, 0x67, 0x6b, 0x8d, 0xff,
    0x67, 0x6b, 0x8d, 0xff, 0x67, 0x6b, 0x8d, 0xff,
    0x67, 0x6b, 0x8d, 0xff, 0x67, 0x6b, 0x8d, 0xff,
    0x67, 0x6b, 0x8d, 0xff, 0x67, 0x6b, 0x8d, 0xff,
    0x67, 0x6b, 0x8d, 0xff, 0x67, 0x6b, 0x8d, 0xff,
    0x67, 0x6b, 0x8d, 0xff, 0x67, 0x6b, 0x8d, 0xff,
    0x67, 0x6b, 0x8d, 0xff, 0x67, 0x6b, 0x8d, 0xff,
    0x6c, 0x70, 0x90, 0xff, 0x87, 0x8e, 0xa2, 0xff,
    0xa7, 0xb1, 0xb7, 0xff, 0xb0, 0xbb, 0xbd, 0xff,
    0xb0, 0xbb, 0xbd, 0xff, 0xb0, 0xbb, 0xbd, 0xff,
    0xb0, 0xbb, 0xbd, 0xff, 0xb0, 0xbb, 0xbd, 0xff,
    0xb0, 0xbb, 0xbd, 0xff, 0xa7, 0xb1, 0xb7, 0xff,
    0x99, 0x9f, 0xae, 0xff, 0xa9, 0xab, 0xbd, 0xff,
    0xad, 0xae, 0xc1, 0xff, 0xed, 0xed, 0xf1, 0xff,
    0xdb, 0xdb, 0xe3, 0xff, 0xed, 0xed, 0xf1, 0xff,
    0xa4, 0xa5, 0xba, 0xff, 0x6d, 0x6f, 0x90, 0xff,
    0x6d, 0x6f, 0x90, 0xff, 0x6d, 0x6f, 0x90, 0xff,
    0x6d, 0x6f, 0x90, 0xff, 0x6d, 0x6f, 0x90, 0xff,
    0x6d, 0x6f, 0x90, 0xff, 0x6d, 0x6f, 0x90, 0xff,
    0x6d, 0x6f, 0x90, 0xff, 0x6d, 0x6f, 0x90, 0xff,
    0x6d, 0x6f, 0x90, 0xff, 0x6d, 0x6f, 0x90, 0xff,
    0x6d, 0x6f, 0x90, 0xff, 0x6d, 0x6f, 0x90, 0xff,
    0x6a, 0x6d, 0x8f, 0x3c, 0x00, 0x00, 0x00, 0x00,
    0x00, 0x00, 0x00, 0x00, 0x00, 0x00, 0x00, 0x00,
    0x00, 0x00, 0x00, 0x00, 0x00, 0x00, 0x00, 0x00,
    0x00, 0x00, 0x00, 0x00, 0x00, 0x00, 0x00, 0x00,
    0x00, 0x00, 0x00, 0x00, 0x00, 0x00, 0x00, 0x00,
    0x00, 0x00, 0x00, 0x00, 0x00, 0x00, 0x00, 0x00,
    0x00, 0x00, 0x00, 0x00, 0x00, 0x00, 0x00, 0x00,
    0x00, 0x00, 0x00, 0x00, 0x00, 0x00, 0x00, 0x00,
    0x00, 0x00, 0x00, 0x00, 0x00, 0x00, 0x00, 0x00,
    0x00, 0x00, 0x00, 0x00, 0x6a, 0x6d, 0x8f, 0x92,
    0x6c, 0x6f, 0x90, 0xff, 0x69, 0x6d, 0x8e, 0xff,
    0x67, 0x6b, 0x8d, 0xff, 0x67, 0x6b, 0x8d, 0xff,
    0x67, 0x6b, 0x8d, 0xff, 0x67, 0x6b, 0x8d, 0xff,
    0x67, 0x6b, 0x8d, 0xff, 0x67, 0x6b, 0x8d, 0xff,
    0x67, 0x6b, 0x8d, 0xff, 0x67, 0x6b, 0x8d, 0xff,
    0x67, 0x6b, 0x8d, 0xff, 0x67, 0x6b, 0x8d, 0xff,
    0x67, 0x6b, 0x8d, 0xff, 0x67, 0x6b, 0x8d, 0xff,
    0x67, 0x6b, 0x8d, 0xff, 0x67, 0x6b, 0x8d, 0xff,
    0x67, 0x6b, 0x8d, 0xff, 0x7e, 0x84, 0x9c, 0xff,
    0xab, 0xb6, 0xba, 0xff, 0xb0, 0xbb, 0xbd, 0xff,
    0xb0, 0xbb, 0xbd, 0xff, 0xb0, 0xbb, 0xbd, 0xff,
    0xb0, 0xbb, 0xbd, 0xff, 0xb0, 0xbb, 0xbd, 0xff,
    0xb0, 0xbb, 0xbd, 0xff, 0xb0, 0xbb, 0xbd, 0xff,
    0xb0, 0xbb, 0xbd, 0xff, 0xb0, 0xbb, 0xbd, 0xff,
    0xb0, 0xbb, 0xbd, 0xff, 0xc6, 0xcd, 0xd0, 0xff,
    0xdc, 0xde, 0xe4, 0xff, 0xc8, 0xc9, 0xd5, 0xff,
    0xd1, 0xd2, 0xdc, 0xff, 0xbf, 0xc0, 0xce, 0xff,
    0x6d, 0x6f, 0x90, 0xff, 0x6d, 0x6f, 0x90, 0xff,
    0x6d, 0x6f, 0x90, 0xff, 0x6d, 0x6f, 0x90, 0xff,
    0x6d, 0x6f, 0x90, 0xff, 0x6d, 0x6f, 0x90, 0xff,
    0x6d, 0x6f, 0x90, 0xff, 0x6d, 0x6f, 0x90, 0xff,
    0x6d, 0x6f, 0x90, 0xff, 0x6d, 0x6f, 0x90, 0xff,
    0x6d, 0x6f, 0x90, 0xff, 0x6d, 0x6f, 0x90, 0xff,
    0x6d, 0x6f, 0x90, 0xff, 0x6d, 0x6f, 0x90, 0xff,
    0x6b, 0x6d, 0x8f, 0xb8, 0x00, 0x00, 0x00, 0x00,
    0x00, 0x00, 0x00, 0x00, 0x00, 0x00, 0x00, 0x00,
    0x00, 0x00, 0x00, 0x00, 0x00, 0x00, 0x00, 0x00,
    0x00, 0x00, 0x00, 0x00, 0x00, 0x00, 0x00, 0x00,
    0x00, 0x00, 0x00, 0x00, 0x00, 0x00, 0x00, 0x00,
    0x00, 0x00, 0x00, 0x00, 0x00, 0x00, 0x00, 0x00,
    0x00, 0x00, 0x00, 0x00, 0x00, 0x00, 0x00, 0x00,
    0x00, 0x00, 0x00, 0x00, 0x00, 0x00, 0x00, 0x00,
    0x00, 0x00, 0x00, 0x00, 0x00, 0x00, 0x00, 0x00,
    0x00, 0x00, 0x00, 0x00, 0x6b, 0x6e, 0x8f, 0xe1,
    0x6d, 0x6f, 0x90, 0xff, 0x6d, 0x6f, 0x90, 0xff,
    0x6d, 0x6f, 0x90, 0xff, 0x6b, 0x6e, 0x8f, 0xff,
    0x68, 0x6c, 0x8d, 0xff, 0x67, 0x6b, 0x8d, 0xff,
    0x67, 0x6b, 0x8d, 0xff, 0x67, 0x6b, 0x8d, 0xff,
    0x67, 0x6b, 0x8d, 0xff, 0x67, 0x6b, 0x8d, 0xff,
    0x67, 0x6b, 0x8d, 0xff, 0x67, 0x6b, 0x8d, 0xff,
    0x67, 0x6b, 0x8d, 0xff, 0x67, 0x6b, 0x8d, 0xff,
    0x67, 0x6b, 0x8d, 0xff, 0x67, 0x6b, 0x8d, 0xff,
    0x90, 0x98, 0xa8, 0xff, 0xb0, 0xbb, 0xbd, 0xff,
    0xb0, 0xbb, 0xbd, 0xff, 0xb0, 0xbb, 0xbd, 0xff,
    0xb0, 0xbb, 0xbd, 0xff, 0xb0, 0xbb, 0xbd, 0xff,
    0xb0, 0xbb, 0xbd, 0xff, 0xb0, 0xbb, 0xbd, 0xff,
    0xb0, 0xbb, 0xbd, 0xff, 0xb0, 0xbb, 0xbd, 0xff,
    0xb0, 0xbb, 0xbd, 0xff, 0xb0, 0xbb, 0xbd, 0xff,
    0xb0, 0xbb, 0xbd, 0xff, 0xc4, 0xcc, 0xce, 0xff,
    0xfa, 0xfb, 0xfb, 0xff, 0xd2, 0xd5, 0xdb, 0xff,
    0x83, 0x85, 0xa1, 0xff, 0x6d, 0x6f, 0x90, 0xff,
    0x6d, 0x6f, 0x90, 0xff, 0x6d, 0x6f, 0x90, 0xff,
    0x6d, 0x6f, 0x90, 0xff, 0x6d, 0x6f, 0x90, 0xff,
    0x6d, 0x6f, 0x90, 0xff, 0x6d, 0x6f, 0x90, 0xff,
    0x6d, 0x6f, 0x90, 0xff, 0x6d, 0x6f, 0x90, 0xff,
    0x6d, 0x6f, 0x90, 0xff, 0x6d, 0x6f, 0x90, 0xff,
    0x6d, 0x6f, 0x90, 0xff, 0x6d, 0x6f, 0x90, 0xff,
    0x6d, 0x6f, 0x90, 0xff, 0x6d, 0x6f, 0x90, 0xff,
    0x6c, 0x6e, 0x8f, 0xf9, 0x00, 0x00, 0x00, 0x00,
    0x00, 0x00, 0x00, 0x00, 0x00, 0x00, 0x00, 0x00,
    0x00, 0x00, 0x00, 0x00, 0x00, 0x00, 0x00, 0x00,
    0x00, 0x00, 0x00, 0x00, 0x00, 0x00, 0x00, 0x00,
    0x00, 0x00, 0x00, 0x00, 0x00, 0x00, 0x00, 0x00,
    0x00, 0x00, 0x00, 0x00, 0x00, 0x00, 0x00, 0x00,
    0x00, 0x00, 0x00, 0x00, 0x00, 0x00, 0x00, 0x00,
    0x00, 0x00, 0x00, 0x00, 0x00, 0x00, 0x00, 0x00,
    0x00, 0x00, 0x00, 0x00, 0x00, 0x00, 0x00, 0x00,
    0x00, 0x00, 0x00, 0x00, 0x6d, 0x6f, 0x90, 0xff,
    0x6d, 0x6f, 0x90, 0xff, 0x6d, 0x6f, 0x90, 0xff,
    0x6d, 0x6f, 0x90, 0xff, 0x6d, 0x6f, 0x90, 0xff,
    0x6d, 0x6f, 0x90, 0xff, 0x6c, 0x6e, 0x8f, 0xff,
    0x69, 0x6d, 0x8e, 0xff, 0x67, 0x6b, 0x8d, 0xff,
    0x67, 0x6b, 0x8d, 0xff, 0x67, 0x6b, 0x8d, 0xff,
    0x67, 0x6b, 0x8d, 0xff, 0x67, 0x6b, 0x8d, 0xff,
    0x67, 0x6b, 0x8d, 0xff, 0x67, 0x6b, 0x8d, 0xff,
    0x67, 0x6b, 0x8d, 0xff, 0x90, 0x98, 0xa8, 0xff,
    0xb0, 0xbb, 0xbd, 0xff, 0xb0, 0xbb, 0xbd, 0xff,
    0xb0, 0xbb, 0xbd, 0xff, 0xb0, 0xbb, 0xbd, 0xff,
    0xb0, 0xbb, 0xbd, 0xff, 0xb0, 0xbb, 0xbd, 0xff,
    0xb0, 0xbb, 0xbd, 0xff, 0xb0, 0xbb, 0xbd, 0xff,
    0xb0, 0xbb, 0xbd, 0xff, 0xb0, 0xbb, 0xbd, 0xff,
    0xb0, 0xbb, 0xbd, 0xff, 0xb0, 0xbb, 0xbd, 0xff,
    0xe1, 0xe6, 0xe6, 0xff, 0xdc, 0xe1, 0xe2, 0xff,
    0xce, 0xd5, 0xd6, 0xff, 0xd3, 0xd9, 0xda, 0xff,
    0x97, 0x9f, 0xac, 0xff, 0x6d, 0x6f, 0x90, 0xff,
    0x6d, 0x6f, 0x90, 0xff, 0x6d, 0x6f, 0x90, 0xff,
    0x6d, 0x6f, 0x90, 0xff, 0x6d, 0x6f, 0x90, 0xff,
    0x6d, 0x6f, 0x90, 0xff, 0x6d, 0x6f, 0x90, 0xff,
    0x6d, 0x6f, 0x90, 0xff, 0x6d, 0x6f, 0x90, 0xff,
    0x6d, 0x6f, 0x90, 0xff, 0x6d, 0x6f, 0x90, 0xff,
    0x6d, 0x6f, 0x90, 0xff, 0x6d, 0x6f, 0x90, 0xff,
    0x6d, 0x6f, 0x90, 0xff, 0x6d, 0x6f, 0x90, 0xff,
    0x6d, 0x6f, 0x90, 0xff, 0x69, 0x6c, 0x8e, 0x3d,
    0x00, 0x00, 0x00, 0x00, 0x00, 0x00, 0x00, 0x00,
    0x00, 0x00, 0x00, 0x00, 0x00, 0x00, 0x00, 0x00,
    0x00, 0x00, 0x00, 0x00, 0x00, 0x00, 0x00, 0x00,
    0x00, 0x00, 0x00, 0x00, 0x00, 0x00, 0x00, 0x00,
    0x00, 0x00, 0x00, 0x00, 0x00, 0x00, 0x00, 0x00,
    0x00, 0x00, 0x00, 0x00, 0x00, 0x00, 0x00, 0x00,
    0x00, 0x00, 0x00, 0x00, 0x00, 0x00, 0x00, 0x00,
    0x00, 0x00, 0x00, 0x00, 0x00, 0x00, 0x00, 0x00,
    0x6a, 0x6d, 0x8e, 0x64, 0x6d, 0x6f, 0x90, 0xff,
    0x6d, 0x6f, 0x90, 0xff, 0x6d, 0x6f, 0x90, 0xff,
    0x6d, 0x6f, 0x90, 0xff, 0x6d, 0x6f, 0x90, 0xff,
    0x6d, 0x6f, 0x90, 0xff, 0x6d, 0x6f, 0x90, 0xff,
    0x6d, 0x6f, 0x90, 0xff, 0x6c, 0x6f, 0x90, 0xff,
    0x6a, 0x6d, 0x8f, 0xff, 0x68, 0x6c, 0x8d, 0xff,
    0x67, 0x6b, 0x8d, 0xff, 0x67, 0x6b, 0x8d, 0xff,
    0x67, 0x6b, 0x8d, 0xff, 0x67, 0x6b, 0x8d, 0xff,
    0x79, 0x7f, 0x99, 0xff, 0xb0, 0xbb, 0xbd, 0xff,
    0xb0, 0xbb, 0xbd, 0xff, 0xb0, 0xbb, 0xbd, 0xff,
    0xb0, 0xbb, 0xbd, 0xff, 0xb0, 0xbb, 0xbd, 0xff,
    0xb0, 0xbb, 0xbd, 0xff, 0xb0, 0xbb, 0xbd, 0xff,
    0xb0, 0xbb, 0xbd, 0xff, 0xb0, 0xbb, 0xbd, 0xff,
    0xb0, 0xbb, 0xbd, 0xff, 0xb0, 0xbb, 0xbd, 0xff,
    0xb0, 0xbb, 0xbd, 0xff, 0xb0, 0xbb, 0xbd, 0xff,
    0xff, 0xff, 0xff, 0xff, 0xd8, 0xdd, 0xde, 0xff,
    0xb0, 0xbb, 0xbd, 0xff, 0xc9, 0xd0, 0xd2, 0xff,
    0xb0, 0xbb, 0xbd, 0xff, 0x8f, 0x95, 0xa7, 0xff,
    0x6d, 0x6f, 0x90, 0xff, 0x6d, 0x6f, 0x90, 0xff,
    0x6d, 0x6f, 0x90, 0xff, 0x6d, 0x6f, 0x90, 0xff,
    0x6d, 0x6f, 0x90, 0xff, 0x6d, 0x6f, 0x90, 0xff,
    0x6d, 0x6f, 0x90, 0xff, 0x6d, 0x6f, 0x90, 0xff,
    0x6d, 0x6f, 0x90, 0xff, 0x6d, 0x6f, 0x90, 0xff,
    0x6d, 0x6f, 0x90, 0xff, 0x6d, 0x6f, 0x90, 0xff,
    0x6d, 0x6f, 0x90, 0xff, 0x6d, 0x6f, 0x90, 0xff,
    0x6d, 0x6f, 0x90, 0xff, 0x6a, 0x6d, 0x8f, 0xb0,
    0x00, 0x00, 0x00, 0x00, 0x00, 0x00, 0x00, 0x00,
    0x00, 0x00, 0x00, 0x00, 0x00, 0x00, 0x00, 0x00,
    0x00, 0x00, 0x00, 0x00, 0x00, 0x00, 0x00, 0x00,
    0x00, 0x00, 0x00, 0x00, 0x00, 0x00, 0x00, 0x00,
    0x00, 0x00, 0x00, 0x00, 0x00, 0x00, 0x00, 0x00,
    0x00, 0x00, 0x00, 0x00, 0x00, 0x00, 0x00, 0x00,
    0x00, 0x00, 0x00, 0x00, 0x00, 0x00, 0x00, 0x00,
    0x00, 0x00, 0x00, 0x00, 0x00, 0x00, 0x00, 0x00,
    0x6b, 0x6e, 0x8f, 0xc0, 0x6d, 0x6f, 0x90, 0xff,
    0x6d, 0x6f, 0x90, 0xff, 0x6d, 0x6f, 0x90, 0xff,
    0x6d, 0x6f, 0x90, 0xff, 0x6d, 0x6f, 0x90, 0xff,
    0x6d, 0x6f, 0x90, 0xff, 0x6d, 0x6f, 0x90, 0xff,
    0x6d, 0x6f, 0x90, 0xff, 0x6d, 0x6f, 0x90, 0xff,
    0x6d, 0x6f, 0x90, 0xff, 0x6d, 0x6f, 0x90, 0xff,
    0x6b, 0x6e, 0x8f, 0xff, 0x69, 0x6c, 0x8e, 0xff,
    0x67, 0x6b, 0x8d, 0xff, 0x67, 0x6b, 0x8d, 0xff,
    0xa7, 0xb1, 0xb7, 0xff, 0xb0, 0xbb, 0xbd, 0xff,
    0xb0, 0xbb, 0xbd, 0xff, 0xb0, 0xbb, 0xbd, 0xff,
    0xb0, 0xbb, 0xbd, 0xff, 0xb0, 0xbb, 0xbd, 0xff,
    0xb0, 0xbb, 0xbd, 0xff, 0xb0, 0xbb, 0xbd, 0xff,
    0xb0, 0xbb, 0xbd, 0xff, 0xb0, 0xbb, 0xbd, 0xff,
    0xb0, 0xbb, 0xbd, 0xff, 0xb0, 0xbb, 0xbd, 0xff,
    0xb0, 0xbb, 0xbd, 0xff, 0xb0, 0xbb, 0xbd, 0xff,
    0xc9, 0xd0, 0xd2, 0xff, 0xc9, 0xd0, 0xd2, 0xff,
    0xd3, 0xd9, 0xda, 0xff, 0xbf, 0xc8, 0xc9, 0xff,
    0xb0, 0xbb, 0xbd, 0xff, 0xb0, 0xbb, 0xbd, 0xff,
    0x75, 0x79, 0x96, 0xff, 0x6d, 0x6f, 0x90, 0xff,
    0x6d, 0x6f, 0x90, 0xff, 0x6d, 0x6f, 0x90, 0xff,
    0x6d, 0x6f, 0x90, 0xff, 0x6d, 0x6f, 0x90, 0xff,
    0x6d, 0x6f, 0x90, 0xff, 0x6d, 0x6f, 0x90, 0xff,
    0x6d, 0x6f, 0x90, 0xff, 0x6d, 0x6f, 0x90, 0xff,
    0x6d, 0x6f, 0x90, 0xff, 0x6d, 0x6f, 0x90, 0xff,
    0x6d, 0x6f, 0x90, 0xff, 0x6d, 0x6f, 0x90, 0xff,
    0x6d, 0x6f, 0x90, 0xff, 0x6c, 0x6e, 0x8f, 0xe6,
    0x00, 0x00, 0x00, 0x00, 0x00, 0x00, 0x00, 0x00,
    0x00, 0x00, 0x00, 0x00, 0x00, 0x00, 0x00, 0x00,
    0x00, 0x00, 0x00, 0x00, 0x00, 0x00, 0x00, 0x00,
    0x00, 0x00, 0x00, 0x00, 0x00, 0x00, 0x00, 0x00,
    0x00, 0x00, 0x00, 0x00, 0x00, 0x00, 0x00, 0x00,
    0x00, 0x00, 0x00, 0x00, 0x00, 0x00, 0x00, 0x00,
    0x00, 0x00, 0x00, 0x00, 0x00, 0x00, 0x00, 0x00,
    0x00, 0x00, 0x00, 0x00, 0x00, 0x00, 0x00, 0x00,
    0x6b, 0x6e, 0x8f, 0xeb, 0x6d, 0x6f, 0x90, 0xff,
    0x6d, 0x6f, 0x90, 0xff, 0x6d, 0x6f, 0x90, 0xff,
    0x6d, 0x6f, 0x90, 0xff, 0x6d, 0x6f, 0x90, 0xff,
    0x6d, 0x6f, 0x90, 0xff, 0x6d, 0x6f, 0x90, 0xff,
    0x6d, 0x6f, 0x90, 0xff, 0x6d, 0x6f, 0x90, 0xff,
    0x6d, 0x6f, 0x90, 0xff, 0x6d, 0x6f, 0x90, 0xff,
    0x6d, 0x6f, 0x90, 0xff, 0x6d, 0x6f, 0x90, 0xff,
    0x6c, 0x6f, 0x90, 0xff, 0x84, 0x8a, 0xa0, 0xff,
    0xb0, 0xbb, 0xbd, 0xff, 0xb0, 0xbb, 0xbd, 0xff,
    0xb0, 0xbb, 0xbd, 0xff, 0xb0, 0xbb, 0xbd, 0xff,
    0xb0, 0xbb, 0xbd, 0xff, 0xb0, 0xbb, 0xbd, 0xff,
    0xb0, 0xbb, 0xbd, 0xff, 0xb0, 0xbb, 0xbd, 0xff,
    0xb0, 0xbb, 0xbd, 0xff, 0xb0, 0xbb, 0xbd, 0xff,
    0xb0, 0xbb, 0xbd, 0xff, 0xb0, 0xbb, 0xbd, 0xff,
    0xb0, 0xbb, 0xbd, 0xff, 0xb0, 0xbb, 0xbd, 0xff,
    0xb0, 0xbb, 0xbd, 0xff, 0xb0, 0xbb, 0xbd, 0xff,
    0xb0, 0xbb, 0xbd, 0xff, 0xb0, 0xbb, 0xbd, 0xff,
    0xb0, 0xbb, 0xbd, 0xff, 0xb0, 0xbb, 0xbd, 0xff,
    0x93, 0x9a, 0xa9, 0xff, 0x6d, 0x6f, 0x90, 0xff,
    0x6d, 0x6f, 0x90, 0xff, 0x6d, 0x6f, 0x90, 0xff,
    0x6d, 0x6f, 0x90, 0xff, 0x6d, 0x6f, 0x90, 0xff,
    0x6d, 0x6f, 0x90, 0xff, 0x6d, 0x6f, 0x90, 0xff,
    0x6d, 0x6f, 0x90, 0xff, 0x6d, 0x6f, 0x90, 0xff,
    0x6d, 0x6f, 0x90, 0xff, 0x6d, 0x6f, 0x90, 0xff,
    0x6d, 0x6f, 0x90, 0xff, 0x6d, 0x6f, 0x90, 0xff,
    0x6d, 0x6f, 0x90, 0xff, 0x6c, 0x6e, 0x8f, 0xfc,
    0x00, 0x00, 0x00, 0x00, 0x00, 0x00, 0x00, 0x00,
    0x00, 0x00, 0x00, 0x00, 0x00, 0x00, 0x00, 0x00,
    0x00, 0x00, 0x00, 0x00, 0x00, 0x00, 0x00, 0x00,
    0x00, 0x00, 0x00, 0x00, 0x00, 0x00, 0x00, 0x00,
    0x00, 0x00, 0x00, 0x00, 0x00, 0x00, 0x00, 0x00,
    0x00, 0x00, 0x00, 0x00, 0x00, 0x00, 0x00, 0x00,
    0x00, 0x00, 0x00, 0x00, 0x00, 0x00, 0x00, 0x00,
    0x00, 0x00, 0x00, 0x00, 0x00, 0x00, 0x00, 0x00,
    0x6c, 0x6e, 0x8f, 0xf3, 0x6d, 0x6f, 0x90, 0xff,
    0x6d, 0x6f, 0x90, 0xff, 0x6d, 0x6f, 0x90, 0xff,
    0x6d, 0x6f, 0x90, 0xff, 0x6d, 0x6f, 0x90, 0xff,
    0x6d, 0x6f, 0x90, 0xff, 0x6d, 0x6f, 0x90, 0xff,
    0x6d, 0x6f, 0x90, 0xff, 0x6d, 0x6f, 0x90, 0xff,
    0x6d, 0x6f, 0x90, 0xff, 0x6d, 0x6f, 0x90, 0xff,
    0x6d, 0x6f, 0x90, 0xff, 0x6d, 0x6f, 0x90, 0xff,
    0x6d, 0x6f, 0x90, 0xff, 0x9f, 0xa8, 0xb2, 0xff,
    0xb0, 0xbb, 0xbd, 0xff, 0xb0, 0xbb, 0xbd, 0xff,
    0xb0, 0xbb, 0xbd, 0xff, 0xb0, 0xbb, 0xbd, 0xff,
    0xb0, 0xbb, 0xbd, 0xff, 0xb0, 0xbb, 0xbd, 0xff,
    0xb0, 0xbb, 0xbd, 0xff, 0xb0, 0xbb, 0xbd, 0xff,
    0xb0, 0xbb, 0xbd, 0xff, 0xb0, 0xbb, 0xbd, 0xff,
    0xb0, 0xbb, 0xbd, 0xff, 0xb0, 0xbb, 0xbd, 0xff,
    0xb0, 0xbb, 0xbd, 0xff, 0xb0, 0xbb, 0xbd, 0xff,
    0xb0, 0xbb, 0xbd, 0xff, 0xb0, 0xbb, 0xbd, 0xff,
    0xb0, 0xbb, 0xbd, 0xff, 0xb0, 0xbb, 0xbd, 0xff,
    0xb0, 0xbb, 0xbd, 0xff, 0xb0, 0xbb, 0xbd, 0xff,
    0xac, 0xb6, 0xba, 0xff, 0x6d, 0x6f, 0x90, 0xff,
    0x6d, 0x6f, 0x90, 0xff, 0x6d, 0x6f, 0x90, 0xff,
    0x6d, 0x6f, 0x90, 0xff, 0x6d, 0x6f, 0x90, 0xff,
    0x6d, 0x6f, 0x90, 0xff, 0x6d, 0x6f, 0x90, 0xff,
    0x6d, 0x6f, 0x90, 0xff, 0x6d, 0x6f, 0x90, 0xff,
    0x6d, 0x6f, 0x90, 0xff, 0x6d, 0x6f, 0x90, 0xff,
    0x6d, 0x6f, 0x90, 0xff, 0x6d, 0x6f, 0x90, 0xff,
    0x6d, 0x6f, 0x90, 0xff, 0x6d, 0x6f, 0x90, 0xff,
    0x00, 0x00, 0x00, 0x00, 0x00, 0x00, 0x00, 0x00,
    0x00, 0x00, 0x00, 0x00, 0x00, 0x00, 0x00, 0x00,
    0x00, 0x00, 0x00, 0x00, 0x00, 0x00, 0x00, 0x00,
    0x00, 0x00, 0x00, 0x00, 0x00, 0x00, 0x00, 0x00,
    0x00, 0x00, 0x00, 0x00, 0x00, 0x00, 0x00, 0x00,
    0x00, 0x00, 0x00, 0x00, 0x00, 0x00, 0x00, 0x00,
    0x00, 0x00, 0x00, 0x00, 0x00, 0x00, 0x00, 0x00,
    0x00, 0x00, 0x00, 0x00, 0x00, 0x00, 0x00, 0x00,
    0x6d, 0x6f, 0x90, 0xff, 0x6d, 0x6f, 0x90, 0xff,
    0x6d, 0x6f, 0x90, 0xff, 0x6d, 0x6f, 0x90, 0xff,
    0x6d, 0x6f, 0x90, 0xff, 0x6d, 0x6f, 0x90, 0xff,
    0x6d, 0x6f, 0x90, 0xff, 0x6d, 0x6f, 0x90, 0xff,
    0x6d, 0x6f, 0x90, 0xff, 0x6d, 0x6f, 0x90, 0xff,
    0x6d, 0x6f, 0x90, 0xff, 0x6d, 0x6f, 0x90, 0xff,
    0x6d, 0x6f, 0x90, 0xff, 0x6d, 0x6f, 0x90, 0xff,
    0x6d, 0x6f, 0x90, 0xff, 0xb0, 0xbb, 0xbd, 0xff,
    0xb0, 0xbb, 0xbd, 0xff, 0xb0, 0xbb, 0xbd, 0xff,
    0xb0, 0xbb, 0xbd, 0xff, 0xb0, 0xbb, 0xbd, 0xff,
    0xb0, 0xbb, 0xbd, 0xff, 0xb0, 0xbb, 0xbd, 0xff,
    0xb0, 0xbb, 0xbd, 0xff, 0xb0, 0xbb, 0xbd, 0xff,
    0xb0, 0xbb, 0xbd, 0xff, 0xb0, 0xbb, 0xbd, 0xff,
    0xb0, 0xbb, 0xbd, 0xff, 0xb0, 0xbb, 0xbd, 0xff,
    0xb0, 0xbb, 0xbd, 0xff, 0xb0, 0xbb, 0xbd, 0xff,
    0xb0, 0xbb, 0xbd, 0xff, 0xb0, 0xbb, 0xbd, 0xff,
    0xb0, 0xbb, 0xbd, 0xff, 0xb0, 0xbb, 0xbd, 0xff,
    0xb0, 0xbb, 0xbd, 0xff, 0xb0, 0xbb, 0xbd, 0xff,
    0xb0, 0xbb, 0xbd, 0xff, 0x7a, 0x7d, 0x98, 0xff,
    0x6d, 0x6f, 0x90, 0xff, 0x6d, 0x6f, 0x90, 0xff,
    0x6d, 0x6f, 0x90, 0xff, 0x6d, 0x6f, 0x90, 0xff,
    0x6d, 0x6f, 0x90, 0xff, 0x6d, 0x6f, 0x90, 0xff,
    0x6d, 0x6f, 0x90, 0xff, 0x6d, 0x6f, 0x90, 0xff,
    0x6d, 0x6f, 0x90, 0xff, 0x6d, 0x6f, 0x90, 0xff,
    0x6d, 0x6f, 0x90, 0xff, 0x6d, 0x6f, 0x90, 0xff,
    0x6d, 0x6f, 0x90, 0xff, 0x6d, 0x6f, 0x90, 0xff,
    0x67, 0x6b, 0x8d, 0x30, 0x00, 0x00, 0x00, 0x00,
    0x00, 0x00, 0x00, 0x00, 0x00, 0x00, 0x00, 0x00,
    0x00, 0x00, 0x00, 0x00, 0x00, 0x00, 0x00, 0x00,
    0x00, 0x00, 0x00, 0x00, 0x00, 0x00, 0x00, 0x00,
    0x00, 0x00, 0x00, 0x00, 0x00, 0x00, 0x00, 0x00,
    0x00, 0x00, 0x00, 0x00, 0x00, 0x00, 0x00, 0x00,
    0x00, 0x00, 0x00, 0x00, 0x00, 0x00, 0x00, 0x00,
    0x00, 0x00, 0x00, 0x00, 0x00, 0x00, 0x00, 0x00,
    0x6d, 0x6f, 0x90, 0xff, 0x6d, 0x6f, 0x90, 0xff,
    0x6d, 0x6f, 0x90, 0xff, 0x6d, 0x6f, 0x90, 0xff,
    0x6d, 0x6f, 0x90, 0xff, 0x6d, 0x6f, 0x90, 0xff,
    0x6d, 0x6f, 0x90, 0xff, 0x6d, 0x6f, 0x90, 0xff,
    0x6d, 0x6f, 0x90, 0xff, 0x6d, 0x6f, 0x90, 0xff,
    0x6d, 0x6f, 0x90, 0xff, 0x6d, 0x6f, 0x90, 0xff,
    0x6d, 0x6f, 0x90, 0xff, 0x6d, 0x6f, 0x90, 0xff,
    0x7e, 0x82, 0x9b, 0xff, 0xb0, 0xbb, 0xbd, 0xff,
    0xb0, 0xbb, 0xbd, 0xff, 0xb0, 0xbb, 0xbd, 0xff,
    0xb0, 0xbb, 0xbd, 0xff, 0xb0, 0xbb, 0xbd, 0xff,
    0xb0, 0xbb, 0xbd, 0xff, 0xb0, 0xbb, 0xbd, 0xff,
    0xb0, 0xbb, 0xbd, 0xff, 0xb0, 0xbb, 0xbd, 0xff,
    0xb0, 0xbb, 0xbd, 0xff, 0xb5, 0xc1, 0xc8, 0xff,
    0xb8, 0xc4, 0xce, 0xff, 0xb0, 0xbb, 0xbd, 0xff,
    0xb0, 0xbb, 0xbd, 0xff, 0xb0, 0xbb, 0xbd, 0xff,
    0xb0, 0xbb, 0xbd, 0xff, 0xb0, 0xbb, 0xbd, 0xff,
    0xb0, 0xbb, 0xbd, 0xff, 0xb0, 0xbb, 0xbd, 0xff,
    0xb0, 0xbb, 0xbd, 0xff, 0xb0, 0xbb, 0xbd, 0xff,
    0xb0, 0xbb, 0xbd, 0xff, 0x86, 0x8c, 0xa1, 0xff,
    0x6d, 0x6f, 0x90, 0xff, 0x6d, 0x6f, 0x90, 0xff,
    0x6d, 0x6f, 0x90, 0xff, 0x6d, 0x6f, 0x90, 0xff,
    0x6d, 0x6f, 0x90, 0xff, 0x6d, 0x6f, 0x90, 0xff,
    0x6d, 0x6f, 0x90, 0xff, 0x6d, 0x6f, 0x90, 0xff,
    0x6d, 0x6f, 0x90, 0xff, 0x6d, 0x6f, 0x90, 0xff,
    0x6d, 0x6f, 0x90, 0xff, 0x6d, 0x6f, 0x90, 0xff,
    0x6d, 0x6f, 0x90, 0xff, 0x6d, 0x6f, 0x90, 0xff,
    0x6a, 0x6d, 0x8e, 0x64, 0x00, 0x00, 0x00, 0x00,
    0x00, 0x00, 0x00, 0x00, 0x00, 0x00, 0x00, 0x00,
    0x00, 0x00, 0x00, 0x00, 0x00, 0x00, 0x00, 0x00,
    0x00, 0x00, 0x00, 0x00, 0x00, 0x00, 0x00, 0x00,
    0x00, 0x00, 0x00, 0x00, 0x00, 0x00, 0x00, 0x00,
    0x00, 0x00, 0x00, 0x00, 0x00, 0x00, 0x00, 0x00,
    0x00, 0x00, 0x00, 0x00, 0x00, 0x00, 0x00, 0x00,
    0x00, 0x00, 0x00, 0x00, 0x00, 0x00, 0x00, 0x00,
    0x6d, 0x6f, 0x90, 0xff, 0x6d, 0x6f, 0x90, 0xff,
    0x6d, 0x6f, 0x90, 0xff, 0x6d, 0x6f, 0x90, 0xff,
    0x6d, 0x6f, 0x90, 0xff, 0x6d, 0x6f, 0x90, 0xff,
    0x6d, 0x6f, 0x90, 0xff, 0x6d, 0x6f, 0x90, 0xff,
    0x6d, 0x6f, 0x90, 0xff, 0x6d, 0x6f, 0x90, 0xff,
    0x6d, 0x6f, 0x90, 0xff, 0x6d, 0x6f, 0x90, 0xff,
    0x6d, 0x6f, 0x90, 0xff, 0x6d, 0x6f, 0x90, 0xff,
    0x7e, 0x82, 0x9b, 0xff, 0xb0, 0xbb, 0xbd, 0xff,
    0xb0, 0xbb, 0xbd, 0xff, 0xb0, 0xbb, 0xbd, 0xff,
    0xb0, 0xbb, 0xbd, 0xff, 0xb0, 0xbb, 0xbd, 0xff,
    0xb0, 0xbb, 0xbd, 0xff, 0xb0, 0xbb, 0xbd, 0xff,
    0xb0, 0xbb, 0xbd, 0xff, 0xb0, 0xbb, 0xbd, 0xff,
    0xb4, 0xbf, 0xc5, 0xff, 0xc5, 0xd2, 0xe9, 0xff,
    0xc5, 0xd2, 0xe9, 0xff, 0xb8, 0xc4, 0xce, 0xff,
    0xb0, 0xbb, 0xbd, 0xff, 0xb0, 0xbb, 0xbd, 0xff,
    0xb0, 0xbb, 0xbd, 0xff, 0xb0, 0xbb, 0xbd, 0xff,
    0xb0, 0xbb, 0xbd, 0xff, 0xb0, 0xbb, 0xbd, 0xff,
    0xb0, 0xbb, 0xbd, 0xff, 0xb0, 0xbb, 0xbd, 0xff,
    0xb0, 0xbb, 0xbd, 0xff, 0x8f, 0x95, 0xa7, 0xff,
    0x6d, 0x6f, 0x90, 0xff, 0x6d, 0x6f, 0x90, 0xff,
    0x6d, 0x6f, 0x90, 0xff, 0x6d, 0x6f, 0x90, 0xff,
    0x6d, 0x6f, 0x90, 0xff, 0x6d, 0x6f, 0x90, 0xff,
    0x6d, 0x6f, 0x90, 0xff, 0x6d, 0x6f, 0x90, 0xff,
    0x6d, 0x6f, 0x90, 0xff, 0x6d, 0x6f, 0x90, 0xff,
    0x6d, 0x6f, 0x90, 0xff, 0x6d, 0x6f, 0x90, 0xff,
    0x6d, 0x6f, 0x90, 0xff, 0x6d, 0x6f, 0x90, 0xff,
    0x6a, 0x6d, 0x8f, 0x70, 0x00, 0x00, 0x00, 0x00,
    0x00, 0x00, 0x00, 0x00, 0x00, 0x00, 0x00, 0x00,
    0x00, 0x00, 0x00, 0x00, 0x00, 0x00, 0x00, 0x00,
    0x00, 0x00, 0x00, 0x00, 0x00, 0x00, 0x00, 0x00,
    0x00, 0x00, 0x00, 0x00, 0x00, 0x00, 0x00, 0x00,
    0x00, 0x00, 0x00, 0x00, 0x00, 0x00, 0x00, 0x00,
    0x00, 0x00, 0x00, 0x00, 0x00, 0x00, 0x00, 0x00,
    0x00, 0x00, 0x00, 0x00, 0x00, 0x00, 0x00, 0x00,
    0x6d, 0x6f, 0x90, 0xff, 0x6d, 0x6f, 0x90, 0xff,
    0x6d, 0x6f, 0x90, 0xff, 0x6d, 0x6f, 0x90, 0xff,
    0x6d, 0x6f, 0x90, 0xff, 0x6d, 0x6f, 0x90, 0xff,
    0x6d, 0x6f, 0x90, 0xff, 0x6d, 0x6f, 0x90, 0xff,
    0x6d, 0x6f, 0x90, 0xff, 0x6d, 0x6f, 0x90, 0xff,
    0x6d, 0x6f, 0x90, 0xff, 0x6d, 0x6f, 0x90, 0xff,
    0x6d, 0x6f, 0x90, 0xff, 0x6d, 0x6f, 0x90, 0xff,
    0x7e, 0x82, 0x9b, 0xff, 0xb0, 0xbb, 0xbd, 0xff,
    0xb0, 0xbb, 0xbd, 0xff, 0xb0, 0xbb, 0xbd, 0xff,
    0xb0, 0xbb, 0xbd, 0xff, 0xb0, 0xbb, 0xbd, 0xff,
    0xb0, 0xbb, 0xbd, 0xff, 0xb0, 0xbb, 0xbd, 0xff,
    0xb0, 0xbb, 0xbd, 0xff, 0xb0, 0xbb, 0xbd, 0xff,
    0xb3, 0xbe, 0xc3, 0xff, 0xc5, 0xd2, 0xe9, 0xff,
    0xc5, 0xd2, 0xe9, 0xff, 0xb7, 0xc2, 0xcb, 0xff,
    0xb0, 0xbb, 0xbd, 0xff, 0xb0, 0xbb, 0xbd, 0xff,
    0xb0, 0xbb, 0xbd, 0xff, 0xb0, 0xbb, 0xbd, 0xff,
    0xb0, 0xbb, 0xbd, 0xff, 0xb0, 0xbb, 0xbd, 0xff,
    0xb0, 0xbb, 0xbd, 0xff, 0xb0, 0xbb, 0xbd, 0xff,
    0xb0, 0xbb, 0xbd, 0xff, 0x8f, 0x95, 0xa7, 0xff,
    0x6d, 0x6f, 0x90, 0xff, 0x6d, 0x6f, 0x90, 0xff,
    0x6d, 0x6f, 0x90, 0xff, 0x6d, 0x6f, 0x90, 0xff,
    0x6d, 0x6f, 0x90, 0xff, 0x6d, 0x6f, 0x90, 0xff,
    0x6d, 0x6f, 0x90, 0xff, 0x6d, 0x6f, 0x90, 0xff,
    0x6d, 0x6f, 0x90, 0xff, 0x6d, 0x6f, 0x90, 0xff,
    0x6d, 0x6f, 0x90, 0xff, 0x6d, 0x6f, 0x90, 0xff,
    0x6d, 0x6f, 0x90, 0xff, 0x6d, 0x6f, 0x90, 0xff,
    0x6a, 0x6d, 0x8f, 0x70, 0x00, 0x00, 0x00, 0x00,
    0x00, 0x00, 0x00, 0x00, 0x00, 0x00, 0x00, 0x00,
    0x00, 0x00, 0x00, 0x00, 0x00, 0x00, 0x00, 0x00,
    0x00, 0x00, 0x00, 0x00, 0x00, 0x00, 0x00, 0x00,
    0x00, 0x00, 0x00, 0x00, 0x00, 0x00, 0x00, 0x00,
    0x00, 0x00, 0x00, 0x00, 0x00, 0x00, 0x00, 0x00,
    0x00, 0x00, 0x00, 0x00, 0x00, 0x00, 0x00, 0x00,
    0x00, 0x00, 0x00, 0x00, 0x00, 0x00, 0x00, 0x00,
    0x6d, 0x6f, 0x90, 0xff, 0x6d, 0x6f, 0x90, 0xff,
    0x6d, 0x6f, 0x90, 0xff, 0x6d, 0x6f, 0x90, 0xff,
    0x6d, 0x6f, 0x90, 0xff, 0x6d, 0x6f, 0x90, 0xff,
    0x6d, 0x6f, 0x90, 0xff, 0x6d, 0x6f, 0x90, 0xff,
    0x6d, 0x6f, 0x90, 0xff, 0x6d, 0x6f, 0x90, 0xff,
    0x6d, 0x6f, 0x90, 0xff, 0x6d, 0x6f, 0x90, 0xff,
    0x6d, 0x6f, 0x90, 0xff, 0x6d, 0x6f, 0x90, 0xff,
    0x7e, 0x82, 0x9b, 0xff, 0xb0, 0xbb, 0xbd, 0xff,
    0xb0, 0xbb, 0xbd, 0xff, 0xb0, 0xbb, 0xbd, 0xff,
    0xb0, 0xbb, 0xbd, 0xff, 0xb0, 0xbb, 0xbd, 0xff,
    0xb0, 0xbb, 0xbd, 0xff, 0xb0, 0xbb, 0xbd, 0xff,
    0xb0, 0xbb, 0xbd, 0xff, 0xb0, 0xbb, 0xbd, 0xff,
    0xb0, 0xbb, 0xbd, 0xff, 0xb3, 0xbe, 0xc3, 0xff,
    0xb4, 0xbf, 0xc5, 0xff, 0xb0, 0xbb, 0xbd, 0xff,
    0xb0, 0xbb, 0xbd, 0xff, 0xb0, 0xbb, 0xbd, 0xff,
    0xb0, 0xbb, 0xbd, 0xff, 0xb0, 0xbb, 0xbd, 0xff,
    0xb0, 0xbb, 0xbd, 0xff, 0xb0, 0xbb, 0xbd, 0xff,
    0xb0, 0xbb, 0xbd, 0xff, 0xb0, 0xbb, 0xbd, 0xff,
    0xb0, 0xbb, 0xbd, 0xff, 0x86, 0x8c, 0xa1, 0xff,
    0x6d, 0x6f, 0x90, 0xff, 0x6d, 0x6f, 0x90, 0xff,
    0x6d, 0x6f, 0x90, 0xff, 0x6d, 0x6f, 0x90, 0xff,
    0x6d, 0x6f, 0x90, 0xff, 0x6d, 0x6f, 0x90, 0xff,
    0x6d, 0x6f, 0x90, 0xff, 0x6d, 0x6f, 0x90, 0xff,
    0x6d, 0x6f, 0x90, 0xff, 0x6d, 0x6f, 0x90, 0xff,
    0x6d, 0x6f, 0x90, 0xff, 0x6d, 0x6f, 0x90, 0xff,
    0x6d, 0x6f, 0x90, 0xff, 0x6d, 0x6f, 0x90, 0xff,
    0x6a, 0x6d, 0x8e, 0x64, 0x00, 0x00, 0x00, 0x00,
    0x00, 0x00, 0x00, 0x00, 0x00, 0x00, 0x00, 0x00,
    0x00, 0x00, 0x00, 0x00, 0x00, 0x00, 0x00, 0x00,
    0x00, 0x00, 0x00, 0x00, 0x00, 0x00, 0x00, 0x00,
    0x00, 0x00, 0x00, 0x00, 0x00, 0x00, 0x00, 0x00,
    0x00, 0x00, 0x00, 0x00, 0x00, 0x00, 0x00, 0x00,
    0x00, 0x00, 0x00, 0x00, 0x00, 0x00, 0x00, 0x00,
    0x00, 0x00, 0x00, 0x00, 0x00, 0x00, 0x00, 0x00,
    0x6d, 0x6f, 0x90, 0xff, 0x6d, 0x6f, 0x90, 0xff,
    0x6d, 0x6f, 0x90, 0xff, 0x6d, 0x6f, 0x90, 0xff,
    0x6d, 0x6f, 0x90, 0xff, 0x6d, 0x6f, 0x90, 0xff,
    0x6d, 0x6f, 0x90, 0xff, 0x6d, 0x6f, 0x90, 0xff,
    0x6d, 0x6f, 0x90, 0xff, 0x6d, 0x6f, 0x90, 0xff,
    0x6d, 0x6f, 0x90, 0xff, 0x6d, 0x6f, 0x90, 0xff,
    0x6d, 0x6f, 0x90, 0xff, 0x6d, 0x6f, 0x90, 0xff,
    0x6d, 0x6f, 0x90, 0xff, 0xb0, 0xbb, 0xbd, 0xff,
    0xb0, 0xbb, 0xbd, 0xff, 0xb0, 0xbb, 0xbd, 0xff,
    0xb0, 0xbb, 0xbd, 0xff, 0xb0, 0xbb, 0xbd, 0xff,
    0xb0, 0xbb, 0xbd, 0xff, 0xb0, 0xbb, 0xbd, 0xff,
    0xb0, 0xbb, 0xbd, 0xff, 0xb0, 0xbb, 0xbd, 0xff,
    0xb0, 0xbb, 0xbd, 0xff, 0xb0, 0xbb, 0xbd, 0xff,
    0xb0, 0xbb, 0xbd, 0xff, 0xb0, 0xbb, 0xbd, 0xff,
    0xb0, 0xbb, 0xbd, 0xff, 0xb0, 0xbb, 0xbd, 0xff,
    0xb0, 0xbb, 0xbd, 0xff, 0xb0, 0xbb, 0xbd, 0xff,
    0xb0, 0xbb, 0xbd, 0xff, 0xb0, 0xbb, 0xbd, 0xff,
    0xb0, 0xbb, 0xbd, 0xff, 0xb0, 0xbb, 0xbd, 0xff,
    0xb0, 0xbb, 0xbd, 0xff, 0x7a, 0x7d, 0x98, 0xff,
    0x6d, 0x6f, 0x90, 0xff, 0x6d, 0x6f, 0x90, 0xff,
    0x6d, 0x6f, 0x90, 0xff, 0x6d, 0x6f, 0x90, 0xff,
    0x6d, 0x6f, 0x90, 0xff, 0x6d, 0x6f, 0x90, 0xff,
    0x6d, 0x6f, 0x90, 0xff, 0x6d, 0x6f, 0x90, 0xff,
    0x6d, 0x6f, 0x90, 0xff, 0x6d, 0x6f, 0x90, 0xff,
    0x6d, 0x6f, 0x90, 0xff, 0x6d, 0x6f, 0x90, 0xff,
    0x6d, 0x6f, 0x90, 0xff, 0x6d, 0x6f, 0x90, 0xff,
    0x67, 0x6b, 0x8d, 0x30, 0x00, 0x00, 0x00, 0x00,
    0x00, 0x00, 0x00, 0x00, 0x00, 0x00, 0x00, 0x00,
    0x00, 0x00, 0x00, 0x00, 0x00, 0x00, 0x00, 0x00,
    0x00, 0x00, 0x00, 0x00, 0x00, 0x00, 0x00, 0x00,
    0x00, 0x00, 0x00, 0x00, 0x00, 0x00, 0x00, 0x00,
    0x00, 0x00, 0x00, 0x00, 0x00, 0x00, 0x00, 0x00,
    0x00, 0x00, 0x00, 0x00, 0x00, 0x00, 0x00, 0x00,
    0x00, 0x00, 0x00, 0x00, 0x00, 0x00, 0x00, 0x00,
    0x6c, 0x6f, 0x90, 0xf9, 0x6d, 0x6f, 0x90, 0xff,
    0x6d, 0x6f, 0x90, 0xff, 0x6d, 0x6f, 0x90, 0xff,
    0x6d, 0x6f, 0x90, 0xff, 0x6d, 0x6f, 0x90, 0xff,
    0x6d, 0x6f, 0x90, 0xff, 0x6d, 0x6f, 0x90, 0xff,
    0x6d, 0x6f, 0x90, 0xff, 0x6d, 0x6f, 0x90, 0xff,
    0x6d, 0x6f, 0x90, 0xff, 0x6d, 0x6f, 0x90, 0xff,
    0x6d, 0x6f, 0x90, 0xff, 0x6d, 0x6f, 0x90, 0xff,
    0x6d, 0x6f, 0x90, 0xff, 0x9b, 0xa3, 0xaf, 0xff,
    0xb0, 0xbb, 0xbd, 0xff, 0xb0, 0xbb, 0xbd, 0xff,
    0xb0, 0xbb, 0xbd, 0xff, 0xb0, 0xbb, 0xbd, 0xff,
    0xb0, 0xbb, 0xbd, 0xff, 0xb0, 0xbb, 0xbd, 0xff,
    0xb0, 0xbb, 0xbd, 0xff, 0xb0, 0xbb, 0xbd, 0xff,
    0xb0, 0xbb, 0xbd, 0xff, 0xb0, 0xbb, 0xbd, 0xff,
    0xb0, 0xbb, 0xbd, 0xff, 0xb0, 0xbb, 0xbd, 0xff,
    0xb0, 0xbb, 0xbd, 0xff, 0xb0, 0xbb, 0xbd, 0xff,
    0xb0, 0xbb, 0xbd, 0xff, 0xb0, 0xbb, 0xbd, 0xff,
    0xb0, 0xbb, 0xbd, 0xff, 0xb0, 0xbb, 0xbd, 0xff,
    0xb0, 0xbb, 0xbd, 0xff, 0xb0, 0xbb, 0xbd, 0xff,
    0xa8, 0xb2, 0xb7, 0xff, 0x6d, 0x6f, 0x90, 0xff,
    0x6d, 0x6f, 0x90, 0xff, 0x6d, 0x6f, 0x90, 0xff,
    0x6d, 0x6f, 0x90, 0xff, 0x6d, 0x6f, 0x90, 0xff,
    0x6d, 0x6f, 0x90, 0xff, 0x6d, 0x6f, 0x90, 0xff,
    0x6d, 0x6f, 0x90, 0xff, 0x6d, 0x6f, 0x90, 0xff,
    0x6d, 0x6f, 0x90, 0xff, 0x6d, 0x6f, 0x90, 0xff,
    0x6d, 0x6f, 0x90, 0xff, 0x6d, 0x6f, 0x90, 0xff,
    0x6d, 0x6f, 0x90, 0xff, 0x6d, 0x6f, 0x90, 0xff,
    0x00, 0x00, 0x00, 0x00, 0x00, 0x00, 0x00, 0x00,
    0x00, 0x00, 0x00, 0x00, 0x00, 0x00, 0x00, 0x00,
    0x00, 0x00, 0x00, 0x00, 0x00, 0x00, 0x00, 0x00,
    0x00, 0x00, 0x00, 0x00, 0x00, 0x00, 0x00, 0x00,
    0x00, 0x00, 0x00, 0x00, 0x00, 0x00, 0x00, 0x00,
    0x00, 0x00, 0x00, 0x00, 0x00, 0x00, 0x00, 0x00,
    0x00, 0x00, 0x00, 0x00, 0x00, 0x00, 0x00, 0x00,
    0x00, 0x00, 0x00, 0x00, 0x00, 0x00, 0x00, 0x00,
    0x6b, 0x6e, 0x8f, 0xe7, 0x6d, 0x6f, 0x90, 0xff,
    0x6d, 0x6f, 0x90, 0xff, 0x6d, 0x6f, 0x90, 0xff,
    0x6d, 0x6f, 0x90, 0xff, 0x6d, 0x6f, 0x90, 0xff,
    0x6d, 0x6f, 0x90, 0xff, 0x6d, 0x6f, 0x90, 0xff,
    0x6d, 0x6f, 0x90, 0xff, 0x6d, 0x6f, 0x90, 0xff,
    0x6d, 0x6f, 0x90, 0xff, 0x6d, 0x6f, 0x90, 0xff,
    0x6d, 0x6f, 0x90, 0xff, 0x6d, 0x6f, 0x90, 0xff,
    0x6d, 0x6f, 0x90, 0xff, 0x86, 0x8c, 0xa1, 0xff,
    0xb0, 0xbb, 0xbd, 0xff, 0xb0, 0xbb, 0xbd, 0xff,
    0xb0, 0xbb, 0xbd, 0xff, 0xb0, 0xbb, 0xbd, 0xff,
    0xb0, 0xbb, 0xbd, 0xff, 0xb0, 0xbb, 0xbd, 0xff,
    0xb0, 0xbb, 0xbd, 0xff, 0xb0, 0xbb, 0xbd, 0xff,
    0xb0, 0xbb, 0xbd, 0xff, 0xb0, 0xbb, 0xbd, 0xff,
    0xb0, 0xbb, 0xbd, 0xff, 0xb0, 0xbb, 0xbd, 0xff,
    0xb0, 0xbb, 0xbd, 0xff, 0xb0, 0xbb, 0xbd, 0xff,
    0xb0, 0xbb, 0xbd, 0xff, 0xb0, 0xbb, 0xbd, 0xff,
    0xb0, 0xbb, 0xbd, 0xff, 0xb0, 0xbb, 0xbd, 0xff,
    0xb0, 0xbb, 0xbd, 0xff, 0xb0, 0xbb, 0xbd, 0xff,
    0x8d, 0x94, 0xa6, 0xff, 0x6b, 0x6e, 0x8f, 0xff,
    0x6d, 0x6f, 0x90, 0xff, 0x6d, 0x6f, 0x90, 0xff,
    0x6d, 0x6f, 0x90, 0xff, 0x6d, 0x6f, 0x90, 0xff,
    0x6d, 0x6f, 0x90, 0xff, 0x6d, 0x6f, 0x90, 0xff,
    0x6d, 0x6f, 0x90, 0xff, 0x6d, 0x6f, 0x90, 0xff,
    0x6d, 0x6f, 0x90, 0xff, 0x6d, 0x6f, 0x90, 0xff,
    0x6d, 0x6f, 0x90, 0xff, 0x6d, 0x6f, 0x90, 0xff,
    0x6d, 0x6f, 0x90, 0xff, 0x6c, 0x6e, 0x8f, 0xf9,
    0x00, 0x00, 0x00, 0x00, 0x00, 0x00, 0x00, 0x00,
    0x00, 0x00, 0x00, 0x00, 0x00, 0x00, 0x00, 0x00,
    0x00, 0x00, 0x00, 0x00, 0x00, 0x00, 0x00, 0x00,
    0x00, 0x00, 0x00, 0x00, 0x00, 0x00, 0x00, 0x00,
    0x00, 0x00, 0x00, 0x00, 0x00, 0x00, 0x00, 0x00,
    0x00, 0x00, 0x00, 0x00, 0x00, 0x00, 0x00, 0x00,
    0x00, 0x00, 0x00, 0x00, 0x00, 0x00, 0x00, 0x00,
    0x00, 0x00, 0x00, 0x00, 0x00, 0x00, 0x00, 0x00,
    0x6b, 0x6d, 0x8f, 0xb8, 0x6d, 0x6f, 0x90, 0xff,
    0x6d, 0x6f, 0x90, 0xff, 0x6d, 0x6f, 0x90, 0xff,
    0x6d, 0x6f, 0x90, 0xff, 0x6d, 0x6f, 0x90, 0xff,
    0x6d, 0x6f, 0x90, 0xff, 0x6d, 0x6f, 0x90, 0xff,
    0x6d, 0x6f, 0x90, 0xff, 0x6d, 0x6f, 0x90, 0xff,
    0x6d, 0x6f, 0x90, 0xff, 0x6d, 0x6f, 0x90, 0xff,
    0x6d, 0x6f, 0x90, 0xff, 0x6d, 0x6f, 0x90, 0xff,
    0x6d, 0x6f, 0x90, 0xff, 0x6d, 0x6f, 0x90, 0xff,
    0xa3, 0xad, 0xb5, 0xff, 0xb0, 0xbb, 0xbd, 0xff,
    0xb0, 0xbb, 0xbd, 0xff, 0xb0, 0xbb, 0xbd, 0xff,
    0xb0, 0xbb, 0xbd, 0xff, 0xb0, 0xbb, 0xbd, 0xff,
    0xb0, 0xbb, 0xbd, 0xff, 0xb0, 0xbb, 0xbd, 0xff,
    0xb0, 0xbb, 0xbd, 0xff, 0xb0, 0xbb, 0xbd, 0xff,
    0xb0, 0xbb, 0xbd, 0xff, 0xb0, 0xbb, 0xbd, 0xff,
    0xb0, 0xbb, 0xbd, 0xff, 0xb0, 0xbb, 0xbd, 0xff,
    0xb0, 0xbb, 0xbd, 0xff, 0xb0, 0xbb, 0xbd, 0xff,
    0xb0, 0xbb, 0xbd, 0xff, 0xb0, 0xbb, 0xbd, 0xff,
    0xb0, 0xbb, 0xbd, 0xff, 0xab, 0xb6, 0xba, 0xff,
    0x6c, 0x70, 0x90, 0xff, 0x67, 0x6b, 0x8d, 0xff,
    0x68, 0x6c, 0x8d, 0xff, 0x6a, 0x6d, 0x8f, 0xff,
    0x6c, 0x6f, 0x90, 0xff, 0x6d, 0x6f, 0x90, 0xff,
    0x6d, 0x6f, 0x90, 0xff, 0x6d, 0x6f, 0x90, 0xff,
    0x6d, 0x6f, 0x90, 0xff, 0x6d, 0x6f, 0x90, 0xff,
    0x6d, 0x6f, 0x90, 0xff, 0x6d, 0x6f, 0x90, 0xff,
    0x6d, 0x6f, 0x90, 0xff, 0x6d, 0x6f, 0x90, 0xff,
    0x6d, 0x6f, 0x90, 0xff, 0x6b, 0x6e, 0x8f, 0xe1,
    0x00, 0x00, 0x00, 0x00, 0x00, 0x00, 0x00, 0x00,
    0x00, 0x00, 0x00, 0x00, 0x00, 0x00, 0x00, 0x00,
    0x00, 0x00, 0x00, 0x00, 0x00, 0x00, 0x00, 0x00,
    0x00, 0x00, 0x00, 0x00, 0x00, 0x00, 0x00, 0x00,
    0x00, 0x00, 0x00, 0x00, 0x00, 0x00, 0x00, 0x00,
    0x00, 0x00, 0x00, 0x00, 0x00, 0x00, 0x00, 0x00,
    0x00, 0x00, 0x00, 0x00, 0x00, 0x00, 0x00, 0x00,
    0x00, 0x00, 0x00, 0x00, 0x00, 0x00, 0x00, 0x00,
    0x6a, 0x6d, 0x8e, 0x64, 0x6d, 0x6f, 0x90, 0xff,
    0x6d, 0x6f, 0x90, 0xff, 0x6d, 0x6f, 0x90, 0xff,
    0x6d, 0x6f, 0x90, 0xff, 0x6d, 0x6f, 0x90, 0xff,
    0x6d, 0x6f, 0x90, 0xff, 0x6d, 0x6f, 0x90, 0xff,
    0x6d, 0x6f, 0x90, 0xff, 0x6d, 0x6f, 0x90, 0xff,
    0x6d, 0x6f, 0x90, 0xff, 0x6d, 0x6f, 0x90, 0xff,
    0x6d, 0x6f, 0x90, 0xff, 0x6d, 0x6f, 0x90, 0xff,
    0x6d, 0x6f, 0x90, 0xff, 0x6d, 0x6f, 0x90, 0xff,
    0x7e, 0x82, 0x9b, 0xff, 0xb0, 0xbb, 0xbd, 0xff,
    0xb0, 0xbb, 0xbd, 0xff, 0xb0, 0xbb, 0xbd, 0xff,
    0xb0, 0xbb, 0xbd, 0xff, 0xb0, 0xbb, 0xbd, 0xff,
    0xb0, 0xbb, 0xbd, 0xff, 0xb0, 0xbb, 0xbd, 0xff,
    0xb0, 0xbb, 0xbd, 0xff, 0xb0, 0xbb, 0xbd, 0xff,
    0xb0, 0xbb, 0xbd, 0xff, 0xb0, 0xbb, 0xbd, 0xff,
    0xb0, 0xbb, 0xbd, 0xff, 0xb0, 0xbb, 0xbd, 0xff,
    0xb0, 0xbb, 0xbd, 0xff, 0xb0, 0xbb, 0xbd, 0xff,
    0xb0, 0xbb, 0xbd, 0xff, 0xb0, 0xbb, 0xbd, 0xff,
    0xb0, 0xbb, 0xbd, 0xff, 0x82, 0x89, 0x9f, 0xff,
    0x67, 0x6b, 0x8d, 0xff, 0x67, 0x6b, 0x8d, 0xff,
    0x67, 0x6b, 0x8d, 0xff, 0x67, 0x6b, 0x8d, 0xff,
    0x67, 0x6b, 0x8d, 0xff, 0x69, 0x6d, 0x8e, 0xff,
    0x6c, 0x6e, 0x8f, 0xff, 0x6d, 0x6f, 0x90, 0xff,
    0x6d, 0x6f, 0x90, 0xff, 0x6d, 0x6f, 0x90, 0xff,
    0x6d, 0x6f, 0x90, 0xff, 0x6d, 0x6f, 0x90, 0xff,
    0x6d, 0x6f, 0x90, 0xff, 0x6d, 0x6f, 0x90, 0xff,
    0x6d, 0x6f, 0x90, 0xff, 0x6a, 0x6d, 0x8f, 0xa6,
    0x00, 0x00, 0x00, 0x00, 0x00, 0x00, 0x00, 0x00,
    0x00, 0x00, 0x00, 0x00, 0x00, 0x00, 0x00, 0x00,
    0x00, 0x00, 0x00, 0x00, 0x00, 0x00, 0x00, 0x00,
    0x00, 0x00, 0x00, 0x00, 0x00, 0x00, 0x00, 0x00,
    0x00, 0x00, 0x00, 0x00, 0x00, 0x00, 0x00, 0x00,
    0x00, 0x00, 0x00, 0x00, 0x00, 0x00, 0x00, 0x00,
    0x00, 0x00, 0x00, 0x00, 0x00, 0x00, 0x00, 0x00,
    0x00, 0x00, 0x00, 0x00, 0x00, 0x00, 0x00, 0x00,
    0x00, 0x00, 0x00, 0x00, 0x6d, 0x6f, 0x90, 0xfe,
    0x6d, 0x6f, 0x90, 0xff, 0x6d, 0x6f, 0x90, 0xff,
    0x6d, 0x6f, 0x90, 0xff, 0x6d, 0x6f, 0x90, 0xff,
    0x6d, 0x6f, 0x90, 0xff, 0x6d, 0x6f, 0x90, 0xff,
    0x6d, 0x6f, 0x90, 0xff, 0x6d, 0x6f, 0x90, 0xff,
    0x6d, 0x6f, 0x90, 0xff, 0x6d, 0x6f, 0x90, 0xff,
    0x6d, 0x6f, 0x90, 0xff, 0x6d, 0x6f, 0x90, 0xff,
    0x6d, 0x6f, 0x90, 0xff, 0x6d, 0x6f, 0x90, 0xff,
    0x6d, 0x6f, 0x90, 0xff, 0x86, 0x8c, 0xa1, 0xff,
    0xb0, 0xbb, 0xbd, 0xff, 0xb0, 0xbb, 0xbd, 0xff,
    0xb0, 0xbb, 0xbd, 0xff, 0xb0, 0xbb, 0xbd, 0xff,
    0xb0, 0xbb, 0xbd, 0xff, 0xb0, 0xbb, 0xbd, 0xff,
    0xb0, 0xbb, 0xbd, 0xff, 0xb0, 0xbb, 0xbd, 0xff,
    0xb0, 0xbb, 0xbd, 0xff, 0xb0, 0xbb, 0xbd, 0xff,
    0xb0, 0xbb, 0xbd, 0xff, 0xb0, 0xbb, 0xbd, 0xff,
    0xb0, 0xbb, 0xbd, 0xff, 0xb0, 0xbb, 0xbd, 0xff,
    0xb0, 0xbb, 0xbd, 0xff, 0xb0, 0xbb, 0xbd, 0xff,
    0x95, 0x9d, 0xab, 0xff, 0x67, 0x6b, 0x8d, 0xff,
    0x67, 0x6b, 0x8d, 0xff, 0x67, 0x6b, 0x8d, 0xff,
    0x67, 0x6b, 0x8d, 0xff, 0x67, 0x6b, 0x8d, 0xff,
    0x67, 0x6b, 0x8d, 0xff, 0x67, 0x6b, 0x8d, 0xff,
    0x67, 0x6b, 0x8d, 0xff, 0x68, 0x6c, 0x8d, 0xff,
    0x6a, 0x6d, 0x8f, 0xff, 0x6d, 0x6f, 0x90, 0xff,
    0x6d, 0x6f, 0x90, 0xff, 0x6d, 0x6f, 0x90, 0xff,
    0x6d, 0x6f, 0x90, 0xff, 0x6d, 0x6f, 0x90, 0xff,
    0x6d, 0x6f, 0x90, 0xff, 0x69, 0x6c, 0x8e, 0x2e,
    0x00, 0x00, 0x00, 0x00, 0x00, 0x00, 0x00, 0x00,
    0x00, 0x00, 0x00, 0x00, 0x00, 0x00, 0x00, 0x00,
    0x00, 0x00, 0x00, 0x00, 0x00, 0x00, 0x00, 0x00,
    0x00, 0x00, 0x00, 0x00, 0x00, 0x00, 0x00, 0x00,
    0x00, 0x00, 0x00, 0x00, 0x00, 0x00, 0x00, 0x00,
    0x00, 0x00, 0x00, 0x00, 0x00, 0x00, 0x00, 0x00,
    0x00, 0x00, 0x00, 0x00, 0x00, 0x00, 0x00, 0x00,
    0x00, 0x00, 0x00, 0x00, 0x00, 0x00, 0x00, 0x00,
    0x00, 0x00, 0x00, 0x00, 0x6b, 0x6e, 0x8f, 0xdb,
    0x6d, 0x6f, 0x90, 0xff, 0x6d, 0x6f, 0x90, 0xff,
    0x6d, 0x6f, 0x90, 0xff, 0x6d, 0x6f, 0x90, 0xff,
    0x6d, 0x6f, 0x90, 0xff, 0x6d, 0x6f, 0x90, 0xff,
    0x6d, 0x6f, 0x90, 0xff, 0x6d, 0x6f, 0x90, 0xff,
    0x6d, 0x6f, 0x90, 0xff, 0x6d, 0x6f, 0x90, 0xff,
    0x6d, 0x6f, 0x90, 0xff, 0x6d, 0x6f, 0x90, 0xff,
    0x6d, 0x6f, 0x90, 0xff, 0x6d, 0x6f, 0x90, 0xff,
    0x6d, 0x6f, 0x90, 0xff, 0x6d, 0x6f, 0x90, 0xff,
    0x86, 0x8c, 0xa1, 0xff, 0xb0, 0xbb, 0xbd, 0xff,
    0xb0, 0xbb, 0xbd, 0xff, 0xb0, 0xbb, 0xbd, 0xff,
    0xb0, 0xbb, 0xbd, 0xff, 0xb0, 0xbb, 0xbd, 0xff,
    0xb0, 0xbb, 0xbd, 0xff, 0xb0, 0xbb, 0xbd, 0xff,
    0xb0, 0xbb, 0xbd, 0xff, 0xb0, 0xbb, 0xbd, 0xff,
    0xb0, 0xbb, 0xbd, 0xff, 0xb0, 0xbb, 0xbd, 0xff,
    0xb0, 0xbb, 0xbd, 0xff, 0xb0, 0xbb, 0xbd, 0xff,
    0xb0, 0xbb, 0xbd, 0xff, 0x95, 0x9d, 0xab, 0xff,
    0x67, 0x6b, 0x8d, 0xff, 0x67, 0x6b, 0x8d, 0xff,
    0x67, 0x6b, 0x8d, 0xff, 0x67, 0x6b, 0x8d, 0xff,
    0x67, 0x6b, 0x8d, 0xff, 0x67, 0x6b, 0x8d, 0xff,
    0x67, 0x6b, 0x8d, 0xff, 0x67, 0x6b, 0x8d, 0xff,
    0x67, 0x6b, 0x8d, 0xff, 0x67, 0x6b, 0x8d, 0xff,
    0x67, 0x6b, 0x8d, 0xff, 0x67, 0x6b, 0x8d, 0xff,
    0x69, 0x6d, 0x8e, 0xff, 0x6c, 0x6e, 0x8f, 0xff,
    0x6d, 0x6f, 0x90, 0xff, 0x6d, 0x6f, 0x90, 0xff,
    0x6c, 0x6e, 0x8f, 0xf7, 0x00, 0x00, 0x00, 0x00,
    0x00, 0x00, 0x00, 0x00, 0x00, 0x00, 0x00, 0x00,
    0x00, 0x00, 0x00, 0x00, 0x00, 0x00, 0x00, 0x00,
    0x00, 0x00, 0x00, 0x00, 0x00, 0x00, 0x00, 0x00,
    0x00, 0x00, 0x00, 0x00, 0x00, 0x00, 0x00, 0x00,
    0x00, 0x00, 0x00, 0x00, 0x00, 0x00, 0x00, 0x00,
    0x00, 0x00, 0x00, 0x00, 0x00, 0x00, 0x00, 0x00,
    0x00, 0x00, 0x00, 0x00, 0x00, 0x00, 0x00, 0x00,
    0x00, 0x00, 0x00, 0x00, 0x00, 0x00, 0x00, 0x00,
    0x00, 0x00, 0x00, 0x00, 0x6a, 0x6d, 0x8e, 0x71,
    0x6d, 0x6f, 0x90, 0xff, 0x6d, 0x6f, 0x90, 0xff,
    0x6d, 0x6f, 0x90, 0xff, 0x6d, 0x6f, 0x90, 0xff,
    0x6d, 0x6f, 0x90, 0xff, 0x6d, 0x6f, 0x90, 0xff,
    0x6d, 0x6f, 0x90, 0xff, 0x6d, 0x6f, 0x90, 0xff,
    0x6d, 0x6f, 0x90, 0xff, 0x6d, 0x6f, 0x90, 0xff,
    0x6d, 0x6f, 0x90, 0xff, 0x6d, 0x6f, 0x90, 0xff,
    0x6d, 0x6f, 0x90, 0xff, 0x6d, 0x6f, 0x90, 0xff,
    0x6d, 0x6f, 0x90, 0xff, 0x6d, 0x6f, 0x90, 0xff,
    0x6d, 0x6f, 0x90, 0xff, 0x7e, 0x82, 0x9b, 0xff,
    0xa8, 0xb2, 0xb7, 0xff, 0xb0, 0xbb, 0xbd, 0xff,
    0xb0, 0xbb, 0xbd, 0xff, 0xb0, 0xbb, 0xbd, 0xff,
    0xb0, 0xbb, 0xbd, 0xff, 0xb0, 0xbb, 0xbd, 0xff,
    0xb0, 0xbb, 0xbd, 0xff, 0xb0, 0xbb, 0xbd, 0xff,
    0xb0, 0xbb, 0xbd, 0xff, 0xb0, 0xbb, 0xbd, 0xff,
    0xb0, 0xbb, 0xbd, 0xff, 0xab, 0xb6, 0xba, 0xff,
    0x7e, 0x84, 0x9c, 0xff, 0x67, 0x6b, 0x8d, 0xff,
    0x67, 0x6b, 0x8d, 0xff, 0x67, 0x6b, 0x8d, 0xff,
    0x67, 0x6b, 0x8d, 0xff, 0x67, 0x6b, 0x8d, 0xff,
    0x67, 0x6b, 0x8d, 0xff, 0x67, 0x6b, 0x8d, 0xff,
    0x67, 0x6b, 0x8d, 0xff, 0x67, 0x6b, 0x8d, 0xff,
    0x67, 0x6b, 0x8d, 0xff, 0x67, 0x6b, 0x8d, 0xff,
    0x67, 0x6b, 0x8d, 0xff, 0x67, 0x6b, 0x8d, 0xff,
    0x67, 0x6b, 0x8d, 0xff, 0x67, 0x6b, 0x8d, 0xff,
    0x69, 0x6c, 0x8e, 0xff, 0x6b, 0x6e, 0x8f, 0xff,
    0x6b, 0x6e, 0x8f, 0xaf, 0x00, 0x00, 0x00, 0x00,
    0x00, 0x00, 0x00, 0x00, 0x00, 0x00, 0x00, 0x00,
    0x00, 0x00, 0x00, 0x00, 0x00, 0x00, 0x00, 0x00,
    0x00, 0x00, 0x00, 0x00, 0x00, 0x00, 0x00, 0x00,
    0x00, 0x00, 0x00, 0x00, 0x00, 0x00, 0x00, 0x00,
    0x00, 0x00, 0x00, 0x00, 0x00, 0x00, 0x00, 0x00,
    0x00, 0x00, 0x00, 0x00, 0x00, 0x00, 0x00, 0x00,
    0x00, 0x00, 0x00, 0x00, 0x00, 0x00, 0x00, 0x00,
    0x00, 0x00, 0x00, 0x00, 0x00, 0x00, 0x00, 0x00,
    0x00, 0x00, 0x00, 0x00, 0x00, 0x00, 0x00, 0x00,
    0x6c, 0x6e, 0x8f, 0xf9, 0x6d, 0x6f, 0x90, 0xff,
    0x6d, 0x6f, 0x90, 0xff, 0x6d, 0x6f, 0x90, 0xff,
    0x6d, 0x6f, 0x90, 0xff, 0x6d, 0x6f, 0x90, 0xff,
    0x6d, 0x6f, 0x90, 0xff, 0x6d, 0x6f, 0x90, 0xff,
    0x6d, 0x6f, 0x90, 0xff, 0x6d, 0x6f, 0x90, 0xff,
    0x6d, 0x6f, 0x90, 0xff, 0x6d, 0x6f, 0x90, 0xff,
    0x6d, 0x6f, 0x90, 0xff, 0x6d, 0x6f, 0x90, 0xff,
    0x6d, 0x6f, 0x90, 0xff, 0x6d, 0x6f, 0x90, 0xff,
    0x6d, 0x6f, 0x90, 0xff, 0x6d, 0x6f, 0x90, 0xff,
    0x6d, 0x6f, 0x90, 0xff, 0x86, 0x8b, 0xa0, 0xff,
    0x99, 0xa2, 0xae, 0xff, 0xb0, 0xbb, 0xbd, 0xff,
    0xb0, 0xbb, 0xbd, 0xff, 0xb0, 0xbb, 0xbd, 0xff,
    0xb0, 0xbb, 0xbd, 0xff, 0xb0, 0xbb, 0xbd, 0xff,
    0xb0, 0xbb, 0xbd, 0xff, 0xa2, 0xac, 0xb4, 0xff,
    0x87, 0x8e, 0xa2, 0xff, 0x6c, 0x70, 0x90, 0xff,
    0x67, 0x6b, 0x8d, 0xff, 0x67, 0x6b, 0x8d, 0xff,
    0x67, 0x6b, 0x8d, 0xff, 0x67, 0x6b, 0x8d, 0xff,
    0x67, 0x6b, 0x8d, 0xff, 0x67, 0x6b, 0x8d, 0xff,
    0x67, 0x6b, 0x8d, 0xff, 0x67, 0x6b, 0x8d, 0xff,
    0x67, 0x6b, 0x8d, 0xff, 0x67, 0x6b, 0x8d, 0xff,
    0x67, 0x6b, 0x8d, 0xff, 0x67, 0x6b, 0x8d, 0xff,
    0x67, 0x6b, 0x8d, 0xff, 0x67, 0x6b, 0x8d, 0xff,
    0x67, 0x6b, 0x8d, 0xff, 0x67, 0x6b, 0x8d, 0xff,
    0x67, 0x6b, 0x8d, 0xff, 0x67, 0x6b, 0x8d, 0xff,
    0x67, 0x6b, 0x8d, 0x10, 0x00, 0x00, 0x00, 0x00,
    0x00, 0x00, 0x00, 0x00, 0x00, 0x00, 0x00, 0x00,
    0x00, 0x00, 0x00, 0x00, 0x00, 0x00, 0x00, 0x00,
    0x00, 0x00, 0x00, 0x00, 0x00, 0x00, 0x00, 0x00,
    0x00, 0x00, 0x00, 0x00, 0x00, 0x00, 0x00, 0x00,
    0x00, 0x00, 0x00, 0x00, 0x00, 0x00, 0x00, 0x00,
    0x00, 0x00, 0x00, 0x00, 0x00, 0x00, 0x00, 0x00,
    0x00, 0x00, 0x00, 0x00, 0x00, 0x00, 0x00, 0x00,
    0x00, 0x00, 0x00, 0x00, 0x00, 0x00, 0x00, 0x00,
    0x00, 0x00, 0x00, 0x00, 0x00, 0x00, 0x00, 0x00,
    0x6b, 0x6d, 0x8f, 0x9c, 0x6d, 0x6f, 0x90, 0xff,
    0x6d, 0x6f, 0x90, 0xff, 0x6d, 0x6f, 0x90, 0xff,
    0x6d, 0x6f, 0x90, 0xff, 0x6d, 0x6f, 0x90, 0xff,
    0x6d, 0x6f, 0x90, 0xff, 0x6d, 0x6f, 0x90, 0xff,
    0x6d, 0x6f, 0x90, 0xff, 0x6d, 0x6f, 0x90, 0xff,
    0x6d, 0x6f, 0x90, 0xff, 0x6d, 0x6f, 0x90, 0xff,
    0x6d, 0x6f, 0x90, 0xff, 0x6d, 0x6f, 0x90, 0xff,
    0x6d, 0x6f, 0x90, 0xff, 0x6d, 0x6f, 0x90, 0xff,
    0x6d, 0x6f, 0x90, 0xff, 0x6d, 0x6f, 0x90, 0xff,
    0x6d, 0x6f, 0x90, 0xff, 0x69, 0x6c, 0x8e, 0xff,
    0x67, 0x6b, 0x8d, 0xff, 0x67, 0x6b, 0x8d, 0xff,
    0x79, 0x7f, 0x99, 0xff, 0x79, 0x7f, 0x99, 0xff,
    0x79, 0x7f, 0x99, 0xff, 0x79, 0x7f, 0x99, 0xff,
    0x6c, 0x70, 0x90, 0xff, 0x67, 0x6b, 0x8d, 0xff,
    0x67, 0x6b, 0x8d, 0xff, 0x67, 0x6b, 0x8d, 0xff,
    0x67, 0x6b, 0x8d, 0xff, 0x67, 0x6b, 0x8d, 0xff,
    0x67, 0x6b, 0x8d, 0xff, 0x67, 0x6b, 0x8d, 0xff,
    0x67, 0x6b, 0x8d, 0xff, 0x67, 0x6b, 0x8d, 0xff,
    0x67, 0x6b, 0x8d, 0xff, 0x67, 0x6b, 0x8d, 0xff,
    0x67, 0x6b, 0x8d, 0xff, 0x67, 0x6b, 0x8d, 0xff,
    0x67, 0x6b, 0x8d, 0xff, 0x67, 0x6b, 0x8d, 0xff,
    0x67, 0x6b, 0x8d, 0xff, 0x67, 0x6b, 0x8d, 0xff,
    0x67, 0x6b, 0x8d, 0xff, 0x67, 0x6b, 0x8d, 0xff,
    0x67, 0x6b, 0x8d, 0xff, 0x67, 0x6b, 0x8d, 0x9f,
    0x00, 0x00, 0x00, 0x00, 0x00, 0x00, 0x00, 0x00,
    0x00, 0x00, 0x00, 0x00, 0x00, 0x00, 0x00, 0x00,
    0x00, 0x00, 0x00, 0x00, 0x00, 0x00, 0x00, 0x00,
    0x00, 0x00, 0x00, 0x00, 0x00, 0x00, 0x00, 0x00,
    0x00, 0x00, 0x00, 0x00, 0x00, 0x00, 0x00, 0x00,
    0x00, 0x00, 0x00, 0x00, 0x00, 0x00, 0x00, 0x00,
    0x00, 0x00, 0x00, 0x00, 0x00, 0x00, 0x00, 0x00,
    0x00, 0x00, 0x00, 0x00, 0x00, 0x00, 0x00, 0x00,
    0x00, 0x00, 0x00, 0x00, 0x00, 0x00, 0x00, 0x00,
    0x00, 0x00, 0x00, 0x00, 0x00, 0x00, 0x00, 0x00,
    0x00, 0x00, 0x00, 0x00, 0x6c, 0x6e, 0x8f, 0xf9,
    0x6d, 0x6f, 0x90, 0xff, 0x6d, 0x6f, 0x90, 0xff,
    0x6d, 0x6f, 0x90, 0xff, 0x6d, 0x6f, 0x90, 0xff,
    0x6d, 0x6f, 0x90, 0xff, 0x6d, 0x6f, 0x90, 0xff,
    0x6d, 0x6f, 0x90, 0xff, 0x6d, 0x6f, 0x90, 0xff,
    0x6d, 0x6f, 0x90, 0xff, 0x6d, 0x6f, 0x90, 0xff,
    0x6d, 0x6f, 0x90, 0xff, 0x6d, 0x6f, 0x90, 0xff,
    0x6d, 0x6f, 0x90, 0xff, 0x6d, 0x6f, 0x90, 0xff,
    0x6d, 0x6f, 0x90, 0xff, 0x6d, 0x6f, 0x90, 0xff,
    0x6c, 0x6f, 0x90, 0xff, 0x67, 0x6b, 0x8d, 0xff,
    0x67, 0x6b, 0x8d, 0xff, 0x67, 0x6b, 0x8d, 0xff,
    0x67, 0x6b, 0x8d, 0xff, 0x67, 0x6b, 0x8d, 0xff,
    0x67, 0x6b, 0x8d, 0xff, 0x67, 0x6b, 0x8d, 0xff,
    0x67, 0x6b, 0x8d, 0xff, 0x67, 0x6b, 0x8d, 0xff,
    0x67, 0x6b, 0x8d, 0xff, 0x67, 0x6b, 0x8d, 0xff,
    0x67, 0x6b, 0x8d, 0xff, 0x67, 0x6b, 0x8d, 0xff,
    0x67, 0x6b, 0x8d, 0xff, 0x67, 0x6b, 0x8d, 0xff,
    0x67, 0x6b, 0x8d, 0xff, 0x67, 0x6b, 0x8d, 0xff,
    0x67, 0x6b, 0x8d, 0xff, 0x67, 0x6b, 0x8d, 0xff,
    0x67, 0x6b, 0x8d, 0xff, 0x67, 0x6b, 0x8d, 0xff,
    0x67, 0x6b, 0x8d, 0xff, 0x67, 0x6b, 0x8d, 0xff,
    0x67, 0x6b, 0x8d, 0xff, 0x67, 0x6b, 0x8d, 0xff,
    0x67, 0x6b, 0x8d, 0xff, 0x67, 0x6b, 0x8d, 0xff,
    0x67, 0x6b, 0x8d, 0xef, 0x67, 0x6b, 0x8d, 0x20,
    0x00, 0x00, 0x00, 0x00, 0x00, 0x00, 0x00, 0x00,
    0x00, 0x00, 0x00, 0x00, 0x00, 0x00, 0x00, 0x00,
    0x00, 0x00, 0x00, 0x00, 0x00, 0x00, 0x00, 0x00,
    0x00, 0x00, 0x00, 0x00, 0x00, 0x00, 0x00, 0x00,
    0x00, 0x00, 0x00, 0x00, 0x00, 0x00, 0x00, 0x00,
    0x00, 0x00, 0x00, 0x00, 0x00, 0x00, 0x00, 0x00,
    0x00, 0x00, 0x00, 0x00, 0x00, 0x00, 0x00, 0x00,
    0x00, 0x00, 0x00, 0x00, 0x00, 0x00, 0x00, 0x00,
    0x00, 0x00, 0x00, 0x00, 0x00, 0x00, 0x00, 0x00,
    0x00, 0x00, 0x00, 0x00, 0x00, 0x00, 0x00, 0x00,
    0x00, 0x00, 0x00, 0x00, 0x6a, 0x6d, 0x8f, 0x7c,
    0x6d, 0x6f, 0x90, 0xff, 0x6d, 0x6f, 0x90, 0xff,
    0x6d, 0x6f, 0x90, 0xff, 0x6d, 0x6f, 0x90, 0xff,
    0x6d, 0x6f, 0x90, 0xff, 0x6d, 0x6f, 0x90, 0xff,
    0x6d, 0x6f, 0x90, 0xff, 0x6d, 0x6f, 0x90, 0xff,
    0x6d, 0x6f, 0x90, 0xff, 0x6d, 0x6f, 0x90, 0xff,
    0x6d, 0x6f, 0x90, 0xff, 0x6d, 0x6f, 0x90, 0xff,
    0x6d, 0x6f, 0x90, 0xff, 0x6d, 0x6f, 0x90, 0xff,
    0x6d, 0x6f, 0x90, 0xff, 0x6d, 0x6f, 0x90, 0xff,
    0x6a, 0x6d, 0x8f, 0xff, 0x67, 0x6b, 0x8d, 0xff,
    0x67, 0x6b, 0x8d, 0xff, 0x67, 0x6b, 0x8d, 0xff,
    0x67, 0x6b, 0x8d, 0xff, 0x67, 0x6b, 0x8d, 0xff,
    0x67, 0x6b, 0x8d, 0xff, 0x67, 0x6b, 0x8d, 0xff,
    0x67, 0x6b, 0x8d, 0xff, 0x67, 0x6b, 0x8d, 0xff,
    0x67, 0x6b, 0x8d, 0xff, 0x67, 0x6b, 0x8d, 0xff,
    0x67, 0x6b, 0x8d, 0xff, 0x67, 0x6b, 0x8d, 0xff,
    0x67, 0x6b, 0x8d, 0xff, 0x67, 0x6b, 0x8d, 0xff,
    0x67, 0x6b, 0x8d, 0xff, 0x67, 0x6b, 0x8d, 0xff,
    0x67, 0x6b, 0x8d, 0xff, 0x67, 0x6b, 0x8d, 0xff,
    0x67, 0x6b, 0x8d, 0xff, 0x67, 0x6b, 0x8d, 0xff,
    0x67, 0x6b, 0x8d, 0xff, 0x67, 0x6b, 0x8d, 0xff,
    0x67, 0x6b, 0x8d, 0xff, 0x67, 0x6b, 0x8d, 0xff,
    0x67, 0x6b, 0x8d, 0xff, 0x67, 0x6b, 0x8d, 0xff,
    0x67, 0x6b, 0x8d, 0x80, 0x00, 0x00, 0x00, 0x00,
    0x00, 0x00, 0x00, 0x00, 0x00, 0x00, 0x00, 0x00,
    0x00, 0x00, 0x00, 0x00, 0x00, 0x00, 0x00, 0x00,
    0x00, 0x00, 0x00, 0x00, 0x00, 0x00, 0x00, 0x00,
    0x00, 0x00, 0x00, 0x00, 0x00, 0x00, 0x00, 0x00,
    0x00, 0x00, 0x00, 0x00, 0x00, 0x00, 0x00, 0x00,
    0x00, 0x00, 0x00, 0x00, 0x00, 0x00, 0x00, 0x00,
    0x00, 0x00, 0x00, 0x00, 0x00, 0x00, 0x00, 0x00,
    0x00, 0x00, 0x00, 0x00, 0x00, 0x00, 0x00, 0x00,
    0x00, 0x00, 0x00, 0x00, 0x00, 0x00, 0x00, 0x00,
    0x00, 0x00, 0x00, 0x00, 0x00, 0x00, 0x00, 0x00,
    0x00, 0x00, 0x00, 0x00, 0x00, 0x00, 0x00, 0x00,
    0x6b, 0x6e, 0x8f, 0xdc, 0x6d, 0x6f, 0x90, 0xff,
    0x6d, 0x6f, 0x90, 0xff, 0x6d, 0x6f, 0x90, 0xff,
    0x6d, 0x6f, 0x90, 0xff, 0x6d, 0x6f, 0x90, 0xff,
    0x6d, 0x6f, 0x90, 0xff, 0x6d, 0x6f, 0x90, 0xff,
    0x6d, 0x6f, 0x90, 0xff, 0x6d, 0x6f, 0x90, 0xff,
    0x6d, 0x6f, 0x90, 0xff, 0x6d, 0x6f, 0x90, 0xff,
    0x6d, 0x6f, 0x90, 0xff, 0x6d, 0x6f, 0x90, 0xff,
    0x6d, 0x6f, 0x90, 0xff, 0x6d, 0x6f, 0x90, 0xff,
    0x67, 0x6b, 0x8d, 0xff, 0x67, 0x6b, 0x8d, 0xff,
    0x67, 0x6b, 0x8d, 0xff, 0x67, 0x6b, 0x8d, 0xff,
    0x67, 0x6b, 0x8d, 0xff, 0x67, 0x6b, 0x8d, 0xff,
    0x67, 0x6b, 0x8d, 0xff, 0x67, 0x6b, 0x8d, 0xff,
    0x67, 0x6b, 0x8d, 0xff, 0x67, 0x6b, 0x8d, 0xff,
    0x67, 0x6b, 0x8d, 0xff, 0x67, 0x6b, 0x8d, 0xff,
    0x67, 0x6b, 0x8d, 0xff, 0x67, 0x6b, 0x8d, 0xff,
    0x67, 0x6b, 0x8d, 0xff, 0x67, 0x6b, 0x8d, 0xff,
    0x67, 0x6b, 0x8d, 0xff, 0x67, 0x6b, 0x8d, 0xff,
    0x67, 0x6b, 0x8d, 0xff, 0x67, 0x6b, 0x8d, 0xff,
    0x67, 0x6b, 0x8d, 0xff, 0x67, 0x6b, 0x8d, 0xff,
    0x67, 0x6b, 0x8d, 0xff, 0x67, 0x6b, 0x8d, 0xff,
    0x67, 0x6b, 0x8d, 0xff, 0x67, 0x6b, 0x8d, 0xff,
    0x67, 0x6b, 0x8d, 0xff, 0x67, 0x6b, 0x8d, 0xcf,
    0x00, 0x00, 0x00, 0x00, 0x00, 0x00, 0x00, 0x00,
    0x00, 0x00, 0x00, 0x00, 0x00, 0x00, 0x00, 0x00,
    0x00, 0x00, 0x00, 0x00, 0x00, 0x00, 0x00, 0x00,
    0x00, 0x00, 0x00, 0x00, 0x00, 0x00, 0x00, 0x00,
    0x00, 0x00, 0x00, 0x00, 0x00, 0x00, 0x00, 0x00,
    0x00, 0x00, 0x00, 0x00, 0x00, 0x00, 0x00, 0x00,
    0x00, 0x00, 0x00, 0x00, 0x00, 0x00, 0x00, 0x00,
    0x00, 0x00, 0x00, 0x00, 0x00, 0x00, 0x00, 0x00,
    0x00, 0x00, 0x00, 0x00, 0x00, 0x00, 0x00, 0x00,
    0x00, 0x00, 0x00, 0x00, 0x00, 0x00, 0x00, 0x00,
    0x00, 0x00, 0x00, 0x00, 0x00, 0x00, 0x00, 0x00,
    0x00, 0x00, 0x00, 0x00, 0x00, 0x00, 0x00, 0x00,
    0x6a, 0x6d, 0x8f, 0x1f, 0x6c, 0x6f, 0x90, 0xfb,
    0x6d, 0x6f, 0x90, 0xff, 0x6d, 0x6f, 0x90, 0xff,
    0x6d, 0x6f, 0x90, 0xff, 0x6d, 0x6f, 0x90, 0xff,
    0x6d, 0x6f, 0x90, 0xff, 0x6d, 0x6f, 0x90, 0xff,
    0x6d, 0x6f, 0x90, 0xff, 0x6d, 0x6f, 0x90, 0xff,
    0x6d, 0x6f, 0x90, 0xff, 0x6d, 0x6f, 0x90, 0xff,
    0x6d, 0x6f, 0x90, 0xff, 0x6d, 0x6f, 0x90, 0xff,
    0x6d, 0x6f, 0x90, 0xff, 0x6b, 0x6e, 0x8f, 0xff,
    0x67, 0x6b, 0x8d, 0xff, 0x67, 0x6b, 0x8d, 0xff,
    0x67, 0x6b, 0x8d, 0xff, 0x67, 0x6b, 0x8d, 0xff,
    0x67, 0x6b, 0x8d, 0xff, 0x67, 0x6b, 0x8d, 0xff,
    0x67, 0x6b, 0x8d, 0xff, 0x67, 0x6b, 0x8d, 0xff,
    0x67, 0x6b, 0x8d, 0xff, 0x67, 0x6b, 0x8d, 0xff,
    0x67, 0x6b, 0x8d, 0xff, 0x67, 0x6b, 0x8d, 0xff,
    0x67, 0x6b, 0x8d, 0xff, 0x67, 0x6b, 0x8d, 0xff,
    0x67, 0x6b, 0x8d, 0xff, 0x67, 0x6b, 0x8d, 0xff,
    0x67, 0x6b, 0x8d, 0xff, 0x67, 0x6b, 0x8d, 0xff,
    0x67, 0x6b, 0x8d, 0xff, 0x67, 0x6b, 0x8d, 0xff,
    0x67, 0x6b, 0x8d, 0xff, 0x67, 0x6b, 0x8d, 0xff,
    0x67, 0x6b, 0x8d, 0xff, 0x67, 0x6b, 0x8d, 0xff,
    0x67, 0x6b, 0x8d, 0xff, 0x67, 0x6b, 0x8d, 0xff,
    0x67, 0x6b, 0x8d, 0xef, 0x67, 0x6b, 0x8d, 0x30,
    0x00, 0x00, 0x00, 0x00, 0x00, 0x00, 0x00, 0x00,
    0x00, 0x00, 0x00, 0x00, 0x00, 0x00, 0x00, 0x00,
    0x00, 0x00, 0x00, 0x00, 0x00, 0x00, 0x00, 0x00,
    0x00, 0x00, 0x00, 0x00, 0x00, 0x00, 0x00, 0x00,
    0x00, 0x00, 0x00, 0x00, 0x00, 0x00, 0x00, 0x00,
    0x00, 0x00, 0x00, 0x00, 0x00, 0x00, 0x00, 0x00,
    0x00, 0x00, 0x00, 0x00, 0x00, 0x00, 0x00, 0x00,
    0x00, 0x00, 0x00, 0x00, 0x00, 0x00, 0x00, 0x00,
    0x00, 0x00, 0x00, 0x00, 0x00, 0x00, 0x00, 0x00,
    0x00, 0x00, 0x00, 0x00, 0x00, 0x00, 0x00, 0x00,
    0x00, 0x00, 0x00, 0x00, 0x00, 0x00, 0x00, 0x00,
    0x00, 0x00, 0x00, 0x00, 0x00, 0x00, 0x00, 0x00,
    0x00, 0x00, 0x00, 0x00, 0x6a, 0x6d, 0x8f, 0x57,
    0x6d, 0x6f, 0x90, 0xff, 0x6d, 0x6f, 0x90, 0xff,
    0x6d, 0x6f, 0x90, 0xff, 0x6d, 0x6f, 0x90, 0xff,
    0x6d, 0x6f, 0x90, 0xff, 0x6d, 0x6f, 0x90, 0xff,
    0x6d, 0x6f, 0x90, 0xff, 0x6d, 0x6f, 0x90, 0xff,
    0x6d, 0x6f, 0x90, 0xff, 0x6d, 0x6f, 0x90, 0xff,
    0x6d, 0x6f, 0x90, 0xff, 0x6d, 0x6f, 0x90, 0xff,
    0x6d, 0x6f, 0x90, 0xff, 0x69, 0x6c, 0x8e, 0xff,
    0x67, 0x6b, 0x8d, 0xff, 0x67, 0x6b, 0x8d, 0xff,
    0x67, 0x6b, 0x8d, 0xff, 0x67, 0x6b, 0x8d, 0xff,
    0x67, 0x6b, 0x8d, 0xff, 0x67, 0x6b, 0x8d, 0xff,
    0x67, 0x6b, 0x8d, 0xff, 0x67, 0x6b, 0x8d, 0xff,
    0x67, 0x6b, 0x8d, 0xff, 0x67, 0x6b, 0x8d, 0xff,
    0x67, 0x6b, 0x8d, 0xff, 0x67, 0x6b, 0x8d, 0xff,
    0x67, 0x6b, 0x8d, 0xff, 0x67, 0x6b, 0x8d, 0xff,
    0x67, 0x6b, 0x8d, 0xff, 0x67, 0x6b, 0x8d, 0xff,
    0x67, 0x6b, 0x8d, 0xff, 0x67, 0x6b, 0x8d, 0xff,
    0x67, 0x6b, 0x8d, 0xff, 0x67, 0x6b, 0x8d, 0xff,
    0x67, 0x6b, 0x8d, 0xff, 0x67, 0x6b, 0x8d, 0xff,
    0x67, 0x6b, 0x8d, 0xff, 0x67, 0x6b, 0x8d, 0xff,
    0x67, 0x6b, 0x8d, 0xff, 0x67, 0x6b, 0x8d, 0xff,
    0x67, 0x6b, 0x8d, 0x60, 0x00, 0x00, 0x00, 0x00,
    0x00, 0x00, 0x00, 0x00, 0x00, 0x00, 0x00, 0x00,
    0x00, 0x00, 0x00, 0x00, 0x00, 0x00, 0x00, 0x00,
    0x00, 0x00, 0x00, 0x00, 0x00, 0x00, 0x00, 0x00,
    0x00, 0x00, 0x00, 0x00, 0x00, 0x00, 0x00, 0x00,
    0x00, 0x00, 0x00, 0x00, 0x00, 0x00, 0x00, 0x00,
    0x00, 0x00, 0x00, 0x00, 0x00, 0x00, 0x00, 0x00,
    0x00, 0x00, 0x00, 0x00, 0x00, 0x00, 0x00, 0x00,
    0x00, 0x00, 0x00, 0x00, 0x00, 0x00, 0x00, 0x00,
    0x00, 0x00, 0x00, 0x00, 0x00, 0x00, 0x00, 0x00,
    0x00, 0x00, 0x00, 0x00, 0x00, 0x00, 0x00, 0x00,
    0x00, 0x00, 0x00, 0x00, 0x00, 0x00, 0x00, 0x00,
    0x00, 0x00, 0x00, 0x00, 0x00, 0x00, 0x00, 0x00,
    0x00, 0x00, 0x00, 0x00, 0x00, 0x00, 0x00, 0x00,
    0x69, 0x6d, 0x8e, 0x7e, 0x6d, 0x6f, 0x90, 0xff,
    0x6d, 0x6f, 0x90, 0xff, 0x6d, 0x6f, 0x90, 0xff,
    0x6d, 0x6f, 0x90, 0xff, 0x6d, 0x6f, 0x90, 0xff,
    0x6d, 0x6f, 0x90, 0xff, 0x6d, 0x6f, 0x90, 0xff,
    0x6d, 0x6f, 0x90, 0xff, 0x6d, 0x6f, 0x90, 0xff,
    0x6d, 0x6f, 0x90, 0xff, 0x6d, 0x6f, 0x90, 0xff,
    0x6c, 0x6e, 0x8f, 0xff, 0x67, 0x6b, 0x8d, 0xff,
    0x67, 0x6b, 0x8d, 0xff, 0x67, 0x6b, 0x8d, 0xff,
    0x67, 0x6b, 0x8d, 0xff, 0x67, 0x6b, 0x8d, 0xff,
    0x67, 0x6b, 0x8d, 0xff, 0x67, 0x6b, 0x8d, 0xff,
    0x67, 0x6b, 0x8d, 0xff, 0x67, 0x6b, 0x8d, 0xff,
    0x67, 0x6b, 0x8d, 0xff, 0x67, 0x6b, 0x8d, 0xff,
    0x67, 0x6b, 0x8d, 0xff, 0x67, 0x6b, 0x8d, 0xff,
    0x67, 0x6b, 0x8d, 0xff, 0x67, 0x6b, 0x8d, 0xff,
    0x67, 0x6b, 0x8d, 0xff, 0x67, 0x6b, 0x8d, 0xff,
    0x67, 0x6b, 0x8d, 0xff, 0x67, 0x6b, 0x8d, 0xff,
    0x67, 0x6b, 0x8d, 0xff, 0x67, 0x6b, 0x8d, 0xff,
    0x67, 0x6b, 0x8d, 0xff, 0x67, 0x6b, 0x8d, 0xff,
    0x67, 0x6b, 0x8d, 0xff, 0x67, 0x6b, 0x8d, 0xff,
    0x67, 0x6b, 0x8d, 0xff, 0x67, 0x6b, 0x8d, 0x80,
    0x00, 0x00, 0x00, 0x00, 0x00, 0x00, 0x00, 0x00,
    0x00, 0x00, 0x00, 0x00, 0x00, 0x00, 0x00, 0x00,
    0x00, 0x00, 0x00, 0x00, 0x00, 0x00, 0x00, 0x00,
    0x00, 0x00, 0x00, 0x00, 0x00, 0x00, 0x00, 0x00,
    0x00, 0x00, 0x00, 0x00, 0x00, 0x00, 0x00, 0x00,
    0x00, 0x00, 0x00, 0x00, 0x00, 0x00, 0x00, 0x00,
    0x00, 0x00, 0x00, 0x00, 0x00, 0x00, 0x00, 0x00,
    0x00, 0x00, 0x00, 0x00, 0x00, 0x00, 0x00, 0x00,
    0x00, 0x00, 0x00, 0x00, 0x00, 0x00, 0x00, 0x00,
    0x00, 0x00, 0x00, 0x00, 0x00, 0x00, 0x00, 0x00,
    0x00, 0x00, 0x00, 0x00, 0x00, 0x00, 0x00, 0x00,
    0x00, 0x00, 0x00, 0x00, 0x00, 0x00, 0x00, 0x00,
    0x00, 0x00, 0x00, 0x00, 0x00, 0x00, 0x00, 0x00,
    0x00, 0x00, 0x00, 0x00, 0x00, 0x00, 0x00, 0x00,
    0x00, 0x00, 0x00, 0x00, 0x6b, 0x6d, 0x8f, 0x9c,
    0x6d, 0x6f, 0x90, 0xff, 0x6d, 0x6f, 0x90, 0xff,
    0x6d, 0x6f, 0x90, 0xff, 0x6d, 0x6f, 0x90, 0xff,
    0x6d, 0x6f, 0x90, 0xff, 0x6d, 0x6f, 0x90, 0xff,
    0x6d, 0x6f, 0x90, 0xff, 0x6d, 0x6f, 0x90, 0xff,
    0x6d, 0x6f, 0x90, 0xff, 0x6d, 0x6f, 0x90, 0xff,
    0x69, 0x6d, 0x8e, 0xff, 0x67, 0x6b, 0x8d, 0xff,
    0x67, 0x6b, 0x8d, 0xff, 0x67, 0x6b, 0x8d, 0xff,
    0x67, 0x6b, 0x8d, 0xff, 0x67, 0x6b, 0x8d, 0xff,
    0x67, 0x6b, 0x8d, 0xff, 0x67, 0x6b, 0x8d, 0xff,
    0x67, 0x6b, 0x8d, 0xff, 0x67, 0x6b, 0x8d, 0xff,
    0x67, 0x6b, 0x8d, 0xff, 0x67, 0x6b, 0x8d, 0xff,
    0x67, 0x6b, 0x8d, 0xff, 0x67, 0x6b, 0x8d, 0xff,
    0x67, 0x6b, 0x8d, 0xff, 0x67, 0x6b, 0x8d, 0xff,
    0x67, 0x6b, 0x8d, 0xff, 0x67, 0x6b, 0x8d, 0xff,
    0x67, 0x6b, 0x8d, 0xff, 0x67, 0x6b, 0x8d, 0xff,
    0x67, 0x6b, 0x8d, 0xff, 0x67, 0x6b, 0x8d, 0xff,
    0x67, 0x6b, 0x8d, 0xff, 0x67, 0x6b, 0x8d, 0xff,
    0x67, 0x6b, 0x8d, 0xff, 0x67, 0x6b, 0x8d, 0xff,
    0x67, 0x6b, 0x8d, 0x9f, 0x00, 0x00, 0x00, 0x00,
    0x00, 0x00, 0x00, 0x00, 0x00, 0x00, 0x00, 0x00,
    0x00, 0x00, 0x00, 0x00, 0x00, 0x00, 0x00, 0x00,
    0x00, 0x00, 0x00, 0x00, 0x00, 0x00, 0x00, 0x00,
    0x00, 0x00, 0x00, 0x00, 0x00, 0x00, 0x00, 0x00,
    0x00, 0x00, 0x00, 0x00, 0x00, 0x00, 0x00, 0x00,
    0x00, 0x00, 0x00, 0x00, 0x00, 0x00, 0x00, 0x00,
    0x00, 0x00, 0x00, 0x00, 0x00, 0x00, 0x00, 0x00,
    0x00, 0x00, 0x00, 0x00, 0x00, 0x00, 0x00, 0x00,
    0x00, 0x00, 0x00, 0x00, 0x00, 0x00, 0x00, 0x00,
    0x00, 0x00, 0x00, 0x00, 0x00, 0x00, 0x00, 0x00,
    0x00, 0x00, 0x00, 0x00, 0x00, 0x00, 0x00, 0x00,
    0x00, 0x00, 0x00, 0x00, 0x00, 0x00, 0x00, 0x00,
    0x00, 0x00, 0x00, 0x00, 0x00, 0x00, 0x00, 0x00,
    0x00, 0x00, 0x00, 0x00, 0x00, 0x00, 0x00, 0x00,
    0x00, 0x00, 0x00, 0x00, 0x00, 0x00, 0x00, 0x00,
    0x6b, 0x6d, 0x8f, 0x9c, 0x6d, 0x6f, 0x90, 0xff,
    0x6d, 0x6f, 0x90, 0xff, 0x6d, 0x6f, 0x90, 0xff,
    0x6d, 0x6f, 0x90, 0xff, 0x6d, 0x6f, 0x90, 0xff,
    0x6d, 0x6f, 0x90, 0xff, 0x6d, 0x6f, 0x90, 0xff,
    0x6d, 0x6f, 0x90, 0xff, 0x6d, 0x6f, 0x90, 0xff,
    0x67, 0x6b, 0x8d, 0xff, 0x67, 0x6b, 0x8d, 0xff,
    0x67, 0x6b, 0x8d, 0xff, 0x67, 0x6b, 0x8d, 0xff,
    0x67, 0x6b, 0x8d, 0xff, 0x67, 0x6b, 0x8d, 0xff,
    0x67, 0x6b, 0x8d, 0xff, 0x67, 0x6b, 0x8d, 0xff,
    0x67, 0x6b, 0x8d, 0xff, 0x67, 0x6b, 0x8d, 0xff,
    0x67, 0x6b, 0x8d, 0xff, 0x67, 0x6b, 0x8d, 0xff,
    0x67, 0x6b, 0x8d, 0xff, 0x67, 0x6b, 0x8d, 0xff,
    0x67, 0x6b, 0x8d, 0xff, 0x67, 0x6b, 0x8d, 0xff,
    0x67, 0x6b, 0x8d, 0xff, 0x67, 0x6b, 0x8d, 0xff,
    0x67, 0x6b, 0x8d, 0xff, 0x67, 0x6b, 0x8d, 0xff,
    0x67, 0x6b, 0x8d, 0xff, 0x67, 0x6b, 0x8d, 0xff,
    0x67, 0x6b, 0x8d, 0xff, 0x67, 0x6b, 0x8d, 0xff,
    0x67, 0x6b, 0x8d, 0xff, 0x67, 0x6b, 0x8d, 0x80,
    0x00, 0x00, 0x00, 0x00, 0x00, 0x00, 0x00, 0x00,
    0x00, 0x00, 0x00, 0x00, 0x00, 0x00, 0x00, 0x00,
    0x00, 0x00, 0x00, 0x00, 0x00, 0x00, 0x00, 0x00,
    0x00, 0x00, 0x00, 0x00, 0x00, 0x00, 0x00, 0x00,
    0x00, 0x00, 0x00, 0x00, 0x00, 0x00, 0x00, 0x00,
    0x00, 0x00, 0x00, 0x00, 0x00, 0x00, 0x00, 0x00,
    0x00, 0x00, 0x00, 0x00, 0x00, 0x00, 0x00, 0x00,
    0x00, 0x00, 0x00, 0x00, 0x00, 0x00, 0x00, 0x00,
    0x00, 0x00, 0x00, 0x00, 0x00, 0x00, 0x00, 0x00,
    0x00, 0x00, 0x00, 0x00, 0x00, 0x00, 0x00, 0x00,
    0x00, 0x00, 0x00, 0x00, 0x00, 0x00, 0x00, 0x00,
    0x00, 0x00, 0x00, 0x00, 0x00, 0x00, 0x00, 0x00,
    0x00, 0x00, 0x00, 0x00, 0x00, 0x00, 0x00, 0x00,
    0x00, 0x00, 0x00, 0x00, 0x00, 0x00, 0x00, 0x00,
    0x00, 0x00, 0x00, 0x00, 0x00, 0x00, 0x00, 0x00,
    0x00, 0x00, 0x00, 0x00, 0x00, 0x00, 0x00, 0x00,
    0x00, 0x00, 0x00, 0x00, 0x6a, 0x6d, 0x8f, 0x57,
    0x6c, 0x6e, 0x8f, 0xfc, 0x6d, 0x6f, 0x90, 0xff,
    0x6d, 0x6f, 0x90, 0xff, 0x6d, 0x6f, 0x90, 0xff,
    0x6d, 0x6f, 0x90, 0xff, 0x6d, 0x6f, 0x90, 0xff,
    0x6d, 0x6f, 0x90, 0xff, 0x6b, 0x6e, 0x8f, 0xff,
    0x67, 0x6b, 0x8d, 0xff, 0x67, 0x6b, 0x8d, 0xff,
    0x67, 0x6b, 0x8d, 0xff, 0x67, 0x6b, 0x8d, 0xff,
    0x67, 0x6b, 0x8d, 0xff, 0x67, 0x6b, 0x8d, 0xff,
    0x67, 0x6b, 0x8d, 0xff, 0x67, 0x6b, 0x8d, 0xff,
    0x67, 0x6b, 0x8d, 0xff, 0x67, 0x6b, 0x8d, 0xff,
    0x67, 0x6b, 0x8d, 0xff, 0x67, 0x6b, 0x8d, 0xff,
    0x67, 0x6b, 0x8d, 0xff, 0x67, 0x6b, 0x8d, 0xff,
    0x67, 0x6b, 0x8d, 0xff, 0x67, 0x6b, 0x8d, 0xff,
    0x67, 0x6b, 0x8d, 0xff, 0x67, 0x6b, 0x8d, 0xff,
    0x67, 0x6b, 0x8d, 0xff, 0x67, 0x6b, 0x8d, 0xff,
    0x67, 0x6b, 0x8d, 0xff, 0x67, 0x6b, 0x8d, 0xff,
    0x67, 0x6b, 0x8d, 0xff, 0x67, 0x6b, 0x8d, 0xef,
    0x67, 0x6b, 0x8d, 0x60, 0x00, 0x00, 0x00, 0x00,
    0x00, 0x00, 0x00, 0x00, 0x00, 0x00, 0x00, 0x00,
    0x00, 0x00, 0x00, 0x00, 0x00, 0x00, 0x00, 0x00,
    0x00, 0x00, 0x00, 0x00, 0x00, 0x00, 0x00, 0x00,
    0x00, 0x00, 0x00, 0x00, 0x00, 0x00, 0x00, 0x00,
    0x00, 0x00, 0x00, 0x00, 0x00, 0x00, 0x00, 0x00,
    0x00, 0x00, 0x00, 0x00, 0x00, 0x00, 0x00, 0x00,
    0x00, 0x00, 0x00, 0x00, 0x00, 0x00, 0x00, 0x00,
    0x00, 0x00, 0x00, 0x00, 0x00, 0x00, 0x00, 0x00,
    0x00, 0x00, 0x00, 0x00, 0x00, 0x00, 0x00, 0x00,
    0x00, 0x00, 0x00, 0x00, 0x00, 0x00, 0x00, 0x00,
    0x00, 0x00, 0x00, 0x00, 0x00, 0x00, 0x00, 0x00,
    0x00, 0x00, 0x00, 0x00, 0x00, 0x00, 0x00, 0x00,
    0x00, 0x00, 0x00, 0x00, 0x00, 0x00, 0x00, 0x00,
    0x00, 0x00, 0x00, 0x00, 0x00, 0x00, 0x00, 0x00,
    0x00, 0x00, 0x00, 0x00, 0x00, 0x00, 0x00, 0x00,
    0x00, 0x00, 0x00, 0x00, 0x00, 0x00, 0x00, 0x00,
    0x00, 0x00, 0x00, 0x00, 0x00, 0x00, 0x00, 0x00,
    0x6a, 0x6d, 0x8f, 0x1f, 0x6b, 0x6e, 0x8f, 0xe1,
    0x6d, 0x6f, 0x90, 0xff, 0x6d, 0x6f, 0x90, 0xff,
    0x6d, 0x6f, 0x90, 0xff, 0x6d, 0x6f, 0x90, 0xff,
    0x6d, 0x6f, 0x90, 0xff, 0x68, 0x6c, 0x8d, 0xff,
    0x67, 0x6b, 0x8d, 0xff, 0x67, 0x6b, 0x8d, 0xff,
    0x67, 0x6b, 0x8d, 0xff, 0x67, 0x6b, 0x8d, 0xff,
    0x67, 0x6b, 0x8d, 0xff, 0x67, 0x6b, 0x8d, 0xff,
    0x67, 0x6b, 0x8d, 0xff, 0x67, 0x6b, 0x8d, 0xff,
    0x67, 0x6b, 0x8d, 0xff, 0x67, 0x6b, 0x8d, 0xff,
    0x67, 0x6b, 0x8d, 0xff, 0x67, 0x6b, 0x8d, 0xff,
    0x67, 0x6b, 0x8d, 0xff, 0x67, 0x6b, 0x8d, 0xff,
    0x67, 0x6b, 0x8d, 0xff, 0x67, 0x6b, 0x8d, 0xff,
    0x67, 0x6b, 0x8d, 0xff, 0x67, 0x6b, 0x8d, 0xff,
    0x67, 0x6b, 0x8d, 0xff, 0x67, 0x6b, 0x8d, 0xff,
    0x67, 0x6b, 0x8d, 0xff, 0x67, 0x6b, 0x8d, 0xff,
    0x67, 0x6b, 0x8d, 0xcf, 0x67, 0x6b, 0x8d, 0x30,
    0x00, 0x00, 0x00, 0x00, 0x00, 0x00, 0x00, 0x00,
    0x00, 0x00, 0x00, 0x00, 0x00, 0x00, 0x00, 0x00,
    0x00, 0x00, 0x00, 0x00, 0x00, 0x00, 0x00, 0x00,
    0x00, 0x00, 0x00, 0x00, 0x00, 0x00, 0x00, 0x00,
    0x00, 0x00, 0x00, 0x00, 0x00, 0x00, 0x00, 0x00,
    0x00, 0x00, 0x00, 0x00, 0x00, 0x00, 0x00, 0x00,
    0x00, 0x00, 0x00, 0x00, 0x00, 0x00, 0x00, 0x00,
    0x00, 0x00, 0x00, 0x00, 0x00, 0x00, 0x00, 0x00,
    0x00, 0x00, 0x00, 0x00, 0x00, 0x00, 0x00, 0x00,
    0x00, 0x00, 0x00, 0x00, 0x00, 0x00, 0x00, 0x00,
    0x00, 0x00, 0x00, 0x00, 0x00, 0x00, 0x00, 0x00,
    0x00, 0x00, 0x00, 0x00, 0x00, 0x00, 0x00, 0x00,
    0x00, 0x00, 0x00, 0x00, 0x00, 0x00, 0x00, 0x00,
    0x00, 0x00, 0x00, 0x00, 0x00, 0x00, 0x00, 0x00,
    0x00, 0x00, 0x00, 0x00, 0x00, 0x00, 0x00, 0x00,
    0x00, 0x00, 0x00, 0x00, 0x00, 0x00, 0x00, 0x00,
    0x00, 0x00, 0x00, 0x00, 0x00, 0x00, 0x00, 0x00,
    0x00, 0x00, 0x00, 0x00, 0x00, 0x00, 0x00, 0x00,
    0x00, 0x00, 0x00, 0x00, 0x00, 0x00, 0x00, 0x00,
    0x6a, 0x6d, 0x8f, 0x7c, 0x6c, 0x6e, 0x8f, 0xf9,
    0x6d, 0x6f, 0x90, 0xff, 0x6d, 0x6f, 0x90, 0xff,
    0x6c, 0x6e, 0x8f, 0xff, 0x67, 0x6b, 0x8d, 0xff,
    0x67, 0x6b, 0x8d, 0xff, 0x67, 0x6b, 0x8d, 0xff,
    0x67, 0x6b, 0x8d, 0xff, 0x67, 0x6b, 0x8d, 0xff,
    0x67, 0x6b, 0x8d, 0xff, 0x67, 0x6b, 0x8d, 0xff,
    0x67, 0x6b, 0x8d, 0xff, 0x67, 0x6b, 0x8d, 0xff,
    0x67, 0x6b, 0x8d, 0xff, 0x67, 0x6b, 0x8d, 0xff,
    0x67, 0x6b, 0x8d, 0xff, 0x67, 0x6b, 0x8d, 0xff,
    0x67, 0x6b, 0x8d, 0xff, 0x67, 0x6b, 0x8d, 0xff,
    0x67, 0x6b, 0x8d, 0xff, 0x67, 0x6b, 0x8d, 0xff,
    0x67, 0x6b, 0x8d, 0xff, 0x67, 0x6b, 0x8d, 0xff,
    0x67, 0x6b, 0x8d, 0xff, 0x67, 0x6b, 0x8d, 0xff,
    0x67, 0x6b, 0x8d, 0xef, 0x67, 0x6b, 0x8d, 0x70,
    0x00, 0x00, 0x00, 0x00, 0x00, 0x00, 0x00, 0x00,
    0x00, 0x00, 0x00, 0x00, 0x00, 0x00, 0x00, 0x00,
    0x00, 0x00, 0x00, 0x00, 0x00, 0x00, 0x00, 0x00,
    0x00, 0x00, 0x00, 0x00, 0x00, 0x00, 0x00, 0x00,
    0x00, 0x00, 0x00, 0x00, 0x00, 0x00, 0x00, 0x00,
    0x00, 0x00, 0x00, 0x00, 0x00, 0x00, 0x00, 0x00,
    0x00, 0x00, 0x00, 0x00, 0x00, 0x00, 0x00, 0x00,
    0x00, 0x00, 0x00, 0x00, 0x00, 0x00, 0x00, 0x00,
    0x00, 0x00, 0x00, 0x00, 0x00, 0x00, 0x00, 0x00,
    0x00, 0x00, 0x00, 0x00, 0x00, 0x00, 0x00, 0x00,
    0x00, 0x00, 0x00, 0x00, 0x00, 0x00, 0x00, 0x00,
    0x00, 0x00, 0x00, 0x00, 0x00, 0x00, 0x00, 0x00,
    0x00, 0x00, 0x00, 0x00, 0x00, 0x00, 0x00, 0x00,
    0x00, 0x00, 0x00, 0x00, 0x00, 0x00, 0x00, 0x00,
    0x00, 0x00, 0x00, 0x00, 0x00, 0x00, 0x00, 0x00,
    0x00, 0x00, 0x00, 0x00, 0x00, 0x00, 0x00, 0x00,
    0x00, 0x00, 0x00, 0x00, 0x00, 0x00, 0x00, 0x00,
    0x00, 0x00, 0x00, 0x00, 0x00, 0x00, 0x00, 0x00,
    0x00, 0x00, 0x00, 0x00, 0x00, 0x00, 0x00, 0x00,
    0x00, 0x00, 0x00, 0x00, 0x00, 0x00, 0x00, 0x00,
    0x00, 0x00, 0x00, 0x00, 0x00, 0x00, 0x00, 0x00,
    0x6b, 0x6d, 0x8f, 0x9c, 0x6c, 0x6f, 0x90, 0xfb,
    0x69, 0x6d, 0x8e, 0xff, 0x67, 0x6b, 0x8d, 0xff,
    0x67, 0x6b, 0x8d, 0xff, 0x67, 0x6b, 0x8d, 0xff,
    0x67, 0x6b, 0x8d, 0xff, 0x67, 0x6b, 0x8d, 0xff,
    0x67, 0x6b, 0x8d, 0xff, 0x67, 0x6b, 0x8d, 0xff,
    0x67, 0x6b, 0x8d, 0xff, 0x67, 0x6b, 0x8d, 0xff,
    0x67, 0x6b, 0x8d, 0xff, 0x67, 0x6b, 0x8d, 0xff,
    0x67, 0x6b, 0x8d, 0xff, 0x67, 0x6b, 0x8d, 0xff,
    0x67, 0x6b, 0x8d, 0xff, 0x67, 0x6b, 0x8d, 0xff,
    0x67, 0x6b, 0x8d, 0xff, 0x67, 0x6b, 0x8d, 0xff,
    0x67, 0x6b, 0x8d, 0xff, 0x67, 0x6b, 0x8d, 0xff,
    0x67, 0x6b, 0x8d, 0xef, 0x67, 0x6b, 0x8d, 0x80,
    0x67, 0x6b, 0x8d, 0x10, 0x00, 0x00, 0x00, 0x00,
    0x00, 0x00, 0x00, 0x00, 0x00, 0x00, 0x00, 0x00,
    0x00, 0x00, 0x00, 0x00, 0x00, 0x00, 0x00, 0x00,
    0x00, 0x00, 0x00, 0x00, 0x00, 0x00, 0x00, 0x00,
    0x00, 0x00, 0x00, 0x00, 0x00, 0x00, 0x00, 0x00,
    0x00, 0x00, 0x00, 0x00, 0x00, 0x00, 0x00, 0x00,
    0x00, 0x00, 0x00, 0x00, 0x00, 0x00, 0x00, 0x00,
    0x00, 0x00, 0x00, 0x00, 0x00, 0x00, 0x00, 0x00,
    0x00, 0x00, 0x00, 0x00, 0x00, 0x00, 0x00, 0x00,
    0x00, 0x00, 0x00, 0x00, 0x00, 0x00, 0x00, 0x00,
    0x00, 0x00, 0x00, 0x00, 0x00, 0x00, 0x00, 0x00,
    0x00, 0x00, 0x00, 0x00, 0x00, 0x00, 0x00, 0x00,
    0x00, 0x00, 0x00, 0x00, 0x00, 0x00, 0x00, 0x00,
    0x00, 0x00, 0x00, 0x00, 0x00, 0x00, 0x00, 0x00,
    0x00, 0x00, 0x00, 0x00, 0x00, 0x00, 0x00, 0x00,
    0x00, 0x00, 0x00, 0x00, 0x00, 0x00, 0x00, 0x00,
    0x00, 0x00, 0x00, 0x00, 0x00, 0x00, 0x00, 0x00,
    0x00, 0x00, 0x00, 0x00, 0x00, 0x00, 0x00, 0x00,
    0x00, 0x00, 0x00, 0x00, 0x00, 0x00, 0x00, 0x00,
    0x00, 0x00, 0x00, 0x00, 0x00, 0x00, 0x00, 0x00,
    0x00, 0x00, 0x00, 0x00, 0x00, 0x00, 0x00, 0x00,
    0x00, 0x00, 0x00, 0x00, 0x00, 0x00, 0x00, 0x00,
    0x00, 0x00, 0x00, 0x00, 0x00, 0x00, 0x00, 0x00,
    0x67, 0x6b, 0x8d, 0x50, 0x67, 0x6b, 0x8d, 0xaf,
    0x67, 0x6b, 0x8d, 0xff, 0x67, 0x6b, 0x8d, 0xff,
    0x67, 0x6b, 0x8d, 0xff, 0x67, 0x6b, 0x8d, 0xff,
    0x67, 0x6b, 0x8d, 0xff, 0x67, 0x6b, 0x8d, 0xff,
    0x67, 0x6b, 0x8d, 0xff, 0x67, 0x6b, 0x8d, 0xff,
    0x67, 0x6b, 0x8d, 0xff, 0x67, 0x6b, 0x8d, 0xff,
    0x67, 0x6b, 0x8d, 0xff, 0x67, 0x6b, 0x8d, 0xff,
    0x67, 0x6b, 0x8d, 0xff, 0x67, 0x6b, 0x8d, 0xff,
    0x67, 0x6b, 0x8d, 0xff, 0x67, 0x6b, 0x8d, 0xff,
    0x67, 0x6b, 0x8d, 0xaf, 0x67, 0x6b, 0x8d, 0x60,
    0x00, 0x00, 0x00, 0x00, 0x00, 0x00, 0x00, 0x00,
    0x00, 0x00, 0x00, 0x00, 0x00, 0x00, 0x00, 0x00,
    0x00, 0x00, 0x00, 0x00, 0x00, 0x00, 0x00, 0x00,
    0x00, 0x00, 0x00, 0x00, 0x00, 0x00, 0x00, 0x00,
    0x00, 0x00, 0x00, 0x00, 0x00, 0x00, 0x00, 0x00,
    0x00, 0x00, 0x00, 0x00, 0x00, 0x00, 0x00, 0x00,
    0x00, 0x00, 0x00, 0x00, 0x00, 0x00, 0x00, 0x00,
    0x00, 0x00, 0x00, 0x00, 0x00, 0x00, 0x00, 0x00,
    0x00, 0x00, 0x00, 0x00, 0x00, 0x00, 0x00, 0x00,
    0x00, 0x00, 0x00, 0x00, 0x00, 0x00, 0x00, 0x00,
    0x00, 0x00, 0x00, 0x00, 0x00, 0x00, 0x00, 0x00,
    0x00, 0x00, 0x00, 0x00, 0x00, 0x00, 0x00, 0x00,
    0x00, 0x00, 0x00, 0x00, 0x00, 0x00, 0x00, 0x00,
    0x00, 0x00, 0x00, 0x00, 0x00, 0x00, 0x00, 0x00,
    0x00, 0x00, 0x00, 0x00, 0x00, 0x00, 0x00, 0x00,
    0x00, 0x00, 0x00, 0x00, 0x00, 0x00, 0x00, 0x00,
    0x00, 0x00, 0x00, 0x00, 0x00, 0x00, 0x00, 0x00,
    0x00, 0x00, 0x00, 0x00, 0x00, 0x00, 0x00, 0x00,
    0x00, 0x00, 0x00, 0x00, 0x00, 0x00, 0x00, 0x00,
    0x00, 0x00, 0x00, 0x00, 0x00, 0x00, 0x00, 0x00,
    0x00, 0x00, 0x00, 0x00, 0x00, 0x00, 0x00, 0x00,
    0x00, 0x00, 0x00, 0x00, 0x00, 0x00, 0x00, 0x00,
    0x00, 0x00, 0x00, 0x00, 0x00, 0x00, 0x00, 0x00,
    0x00, 0x00, 0x00, 0x00, 0x00, 0x00, 0x00, 0x00,
    0x00, 0x00, 0x00, 0x00, 0x00, 0x00, 0x00, 0x00,
    0x00, 0x00, 0x00, 0x00, 0x67, 0x6b, 0x8d, 0x50,
    0x67, 0x6b, 0x8d, 0x80, 0x67, 0x6b, 0x8d, 0xbf,
    0x67, 0x6b, 0x8d, 0xdf, 0x67, 0x6b, 0x8d, 0xff,
    0x67, 0x6b, 0x8d, 0xff, 0x67, 0x6b, 0x8d, 0xff,
    0x67, 0x6b, 0x8d, 0xff, 0x67, 0x6b, 0x8d, 0xff,
    0x67, 0x6b, 0x8d, 0xff, 0x67, 0x6b, 0x8d, 0xef,
    0x67, 0x6b, 0x8d, 0xbf, 0x67, 0x6b, 0x8d, 0x8f,
    0x67, 0x6b, 0x8d, 0x50, 0x67, 0x6b, 0x8d, 0x10,
    0x00, 0x00, 0x00, 0x00, 0x00, 0x00, 0x00, 0x00,
    0x00, 0x00, 0x00, 0x00, 0x00, 0x00, 0x00, 0x00,
    0x00, 0x00, 0x00, 0x00, 0x00, 0x00, 0x00, 0x00,
    0x00, 0x00, 0x00, 0x00, 0x00, 0x00, 0x00, 0x00,
    0x00, 0x00, 0x00, 0x00, 0x00, 0x00, 0x00, 0x00,
    0x00, 0x00, 0x00, 0x00, 0x00, 0x00, 0x00, 0x00,
    0x00, 0x00, 0x00, 0x00, 0x00, 0x00, 0x00, 0x00,
    0x00, 0x00, 0x00, 0x00, 0x00, 0x00, 0x00, 0x00,
    0x00, 0x00, 0x00, 0x00, 0x00, 0x00, 0x00, 0x00,
    0x00, 0x00, 0x00, 0x00, 0x00, 0x00, 0x00, 0x00,
    0x00, 0x00, 0x00, 0x00, 0x00, 0x00, 0x00, 0x00,
    0x00, 0x00, 0x00, 0x00, 0x00, 0x00, 0x00, 0x00,
    0x00, 0x00, 0x00, 0x00, 0x00, 0x00, 0x00, 0x00,
    0x00, 0x00, 0x00, 0x00, 0x00, 0x00, 0x00, 0x00,
    0x00, 0x00, 0x00, 0x00, 0x00, 0x00, 0x00, 0x00,
    0x00, 0x00, 0x00, 0x00, 0x00, 0x00, 0x00, 0x00,
    0x00, 0x00, 0x00, 0x00, 0x00, 0x00, 0x00, 0x00,
    0x00, 0x00, 0x00, 0x00, 0x00, 0x00, 0x00, 0x00,
    0x00, 0x00, 0x00, 0x00, 0x00, 0x00, 0x00, 0x00,
    0x00, 0x00, 0x00, 0x00, 0x00, 0x00, 0x00, 0x00,
    0x00, 0x00, 0x00, 0x00, 0x00, 0x00, 0x00, 0x00,
    0x00, 0x00, 0x00, 0x00, 0x00, 0x00, 0x00, 0x00,
    0x00, 0x00, 0x00, 0x00, 0x00, 0x00, 0x00, 0x00,
    0x00, 0x00, 0x00, 0x00, 0x00, 0x00, 0x00, 0x00,
    0x00, 0x00, 0x00, 0x00, 0x00, 0x00, 0x00, 0x00,
    0x00, 0x00, 0x00, 0x00, 0x00, 0x00, 0x00, 0x00,
    0x00, 0x00, 0x00, 0x00, 0x00, 0x00, 0x00, 0x00,
    0x00, 0x00, 0x00, 0x00, 0x00, 0x00, 0x00, 0x00,
    0x00, 0x00, 0x00, 0x00, 0x00, 0x00, 0x00, 0x00,
    0x00, 0x00, 0x00, 0x00, 0x67, 0x6b, 0x8d, 0x20,
    0x67, 0x6b, 0x8d, 0x20, 0x00, 0x00, 0x00, 0x00,
    0x00, 0x00, 0x00, 0x00, 0x00, 0x00, 0x00, 0x00,
    0x00, 0x00, 0x00, 0x00, 0x00, 0x00, 0x00, 0x00,
    0x00, 0x00, 0x00, 0x00, 0x00, 0x00, 0x00, 0x00,
    0x00, 0x00, 0x00, 0x00, 0x00, 0x00, 0x00, 0x00,
    0x00, 0x00, 0x00, 0x00, 0x00, 0x00, 0x00, 0x00,
    0x00, 0x00, 0x00, 0x00, 0x00, 0x00, 0x00, 0x00,
    0x00, 0x00, 0x00, 0x00, 0x00, 0x00, 0x00, 0x00,
    0x00, 0x00, 0x00, 0x00, 0x00, 0x00, 0x00, 0x00,
    0x00, 0x00, 0x00, 0x00, 0x00, 0x00, 0x00, 0x00,
    0x00, 0x00, 0x00, 0x00, 0x00, 0x00, 0x00, 0x00,
    0x00, 0x00, 0x00, 0x00, 0x00, 0x00, 0x00, 0x00,
    0x00, 0x00, 0x00, 0x00, 0x00, 0x00, 0x00, 0x00,
    0x00, 0x00, 0x00, 0x00, 0x00, 0x00, 0x00, 0x00,
    0x00, 0x00, 0x00, 0x00, 0x00, 0x00, 0x00, 0x00,
    0x00, 0x00, 0x00, 0x00, 0x00, 0x00, 0x00, 0x00,
    0x00, 0x00, 0x00, 0x00, 0x00, 0x00, 0x00, 0x00,
    0x00, 0x00, 0x00, 0x00, 0x00, 0x00, 0x00, 0x00,
    0x00, 0x00, 0x00, 0x00, 0x00, 0x00, 0x00, 0x00,
    0x00, 0x00, 0x00, 0x00, 0x00, 0x00, 0x00, 0x00,
    0x00, 0x00, 0x00, 0x00, 0x00, 0x00, 0x00, 0x00,
    0x00, 0x00, 0x00, 0x00, 0x00, 0x00, 0x00, 0x00,
    0x00, 0x00, 0x00, 0x00, 0x00, 0x00, 0x00, 0x00,
    0x00, 0x00, 0x00, 0x00, 0x00, 0x00, 0x00, 0x00,
    0x00, 0x00, 0x00, 0x00, 0x00, 0x00, 0x00, 0x00,
    0x00, 0x00, 0x00, 0x00, 0x00, 0x00, 0x00, 0x00,
    0x00, 0x00, 0x00, 0x00, 0x00, 0x00, 0x00, 0x00,
    0x00, 0x00, 0x00, 0x00, 0x00, 0x00, 0x00, 0x00,
    0x00, 0x00, 0x00, 0x00, 0x00, 0x00, 0x00, 0x00,
    0x00, 0x00, 0x00, 0x00, 0x00, 0x00, 0x00, 0x00,
    0x00, 0x00, 0x00, 0x00, 0x00, 0x00, 0x00, 0x00,
    0x00, 0x00, 0x00, 0x00, 0x00, 0x00, 0x00, 0x00,
    0x00, 0x00, 0x00, 0x00, 0x00, 0x00, 0x00, 0x00,
    0x00, 0x00, 0x00, 0x00, 0x00, 0x00, 0x00, 0x00,
    0x00, 0x00, 0x00, 0x00, 0x00, 0x00, 0x00, 0x00,
    0x00, 0x00, 0x00, 0x00, 0x00, 0x00, 0x00, 0x00,
    0x00, 0x00, 0x00, 0x00, 0x00, 0x00, 0x00, 0x00,
    0x00, 0x00, 0x00, 0x00, 0x00, 0x00, 0x00, 0x00,
    0x00, 0x00, 0x00, 0x00, 0x00, 0x00, 0x00, 0x00,
    0x00, 0x00, 0x00, 0x00, 0x00, 0x00, 0x00, 0x00,
    0x00, 0x00, 0x00, 0x00, 0x00, 0x00, 0x00, 0x00,
    0x00, 0x00, 0x00, 0x00, 0x00, 0x00, 0x00, 0x00,
    0x00, 0x00, 0x00, 0x00, 0x00, 0x00, 0x00, 0x00,
    0x00, 0x00, 0x00, 0x00, 0x00, 0x00, 0x00, 0x00,
    0x00, 0x00, 0x00, 0x00, 0x00, 0x00, 0x00, 0x00,
    0x00, 0x00, 0x00, 0x00, 0x00, 0x00, 0x00, 0x00,
    0x00, 0x00, 0x00, 0x00, 0x00, 0x00, 0x00, 0x00,
    0x00, 0x00, 0x00, 0x00, 0x00, 0x00, 0x00, 0x00,
    0x00, 0x00, 0x00, 0x00, 0x00, 0x00, 0x00, 0x00,
    0x00, 0x00, 0x00, 0x00, 0x00, 0x00, 0x00, 0x00,
    0x00, 0x00, 0x00, 0x00, 0x00, 0x00, 0x00, 0x00,
    0x00, 0x00, 0x00, 0x00, 0x00, 0x00, 0x00, 0x00,
    0x00, 0x00, 0x00, 0x00, 0x00, 0x00, 0x00, 0x00,
    0x00, 0x00, 0x00, 0x00, 0x00, 0x00, 0x00, 0x00,
    0x00, 0x00, 0x00, 0x00, 0x00, 0x00, 0x00, 0x00,
    0x00, 0x00, 0x00, 0x00, 0x00, 0x00, 0x00, 0x00,
    0x00, 0x00, 0x00, 0x00, 0x00, 0x00, 0x00, 0x00,
    0x00, 0x00, 0x00, 0x00, 0x00, 0x00, 0x00, 0x00,
    0x00, 0x00, 0x00, 0x00, 0x00, 0x00, 0x00, 0x00,
    0x00, 0x00, 0x00, 0x00, 0x00, 0x00, 0x00, 0x00,
    0x00, 0x00, 0x00, 0x00, 0x00, 0x00, 0x00, 0x00,
    0x00, 0x00, 0x00, 0x00, 0x00, 0x00, 0x00, 0x00,
    0x00, 0x00, 0x00, 0x00, 0x00, 0x00, 0x00, 0x00,
    0x00, 0x00, 0x00, 0x00, 0x00, 0x00, 0x00, 0x00,
    0x00, 0x00, 0x00, 0x00, 0x00, 0x00, 0x00, 0x00,
    0x00, 0x00, 0x00, 0x00, 0x00, 0x00, 0x00, 0x00,
    0x00, 0x00, 0x00, 0x00, 0x00, 0x00, 0x00, 0x00,
    0x00, 0x00, 0x00, 0x00, 0x00, 0x00, 0x00, 0x00,
    0x00, 0x00, 0x00, 0x00, 0x00, 0x00, 0x00, 0x00,
    0x00, 0x00, 0x00, 0x00, 0x00, 0x00, 0x00, 0x00,
    0x00, 0x00, 0x00, 0x00, 0x00, 0x00, 0x00, 0x00,
    0x00, 0x00, 0x00, 0x00, 0x00, 0x00, 0x00, 0x00,
    0x00, 0x00, 0x00, 0x00, 0x00, 0x00, 0x00, 0x00,
    0x00, 0x00, 0x00, 0x00, 0x00, 0x00, 0x00, 0x00,
    0x00, 0x00, 0x00, 0x00, 0x00, 0x00, 0x00, 0x00,
    0x00, 0x00, 0x00, 0x00, 0x00, 0x00, 0x00, 0x00,
    0x00, 0x00, 0x00, 0x00, 0x00, 0x00, 0x00, 0x00,
    0x00, 0x00, 0x00, 0x00, 0x00, 0x00, 0x00, 0x00,
    0x00, 0x00, 0x00, 0x00, 0x00, 0x00, 0x00, 0x00,
    0x00, 0x00, 0x00, 0x00, 0x00, 0x00, 0x00, 0x00,
    0x00, 0x00, 0x00, 0x00, 0x00, 0x00, 0x00, 0x00,
    0x00, 0x00, 0x00, 0x00, 0x00, 0x00, 0x00, 0x00,
    0x00, 0x00, 0x00, 0x00, 0x00, 0x00, 0x00, 0x00,
    0x00, 0x00, 0x00, 0x00, 0x00, 0x00, 0x00, 0x00,
    0x00, 0x00, 0x00, 0x00, 0x00, 0x00, 0x00, 0x00,
    0x00, 0x00, 0x00, 0x00, 0x00, 0x00, 0x00, 0x00,
    0x00, 0x00, 0x00, 0x00, 0x00, 0x00, 0x00, 0x00,
    0x00, 0x00, 0x00, 0x00, 0x00, 0x00, 0x00, 0x00,
    0x00, 0x00, 0x00, 0x00, 0x00, 0x00, 0x00, 0x00,
    0x00, 0x00, 0x00, 0x00, 0x00, 0x00, 0x00, 0x00,
    0x00, 0x00, 0x00, 0x00, 0x00, 0x00, 0x00, 0x00,
    0x00, 0x00, 0x00, 0x00, 0x00, 0x00, 0x00, 0x00,
    0x00, 0x00, 0x00, 0x00, 0x00, 0x00, 0x00, 0x00,
    0x00, 0x00, 0x00, 0x00, 0x00, 0x00, 0x00, 0x00,
    0x00, 0x00, 0x00, 0x00, 0x00, 0x00, 0x00, 0x00,
    0x00, 0x00, 0x00, 0x00, 0x00, 0x00, 0x00, 0x00,
    0x00, 0x00, 0x00, 0x00, 0x00, 0x00, 0x00, 0x00,
    0x00, 0x00, 0x00, 0x00, 0x00, 0x00, 0x00, 0x00,
    0x00, 0x00, 0x00, 0x00, 0x00, 0x00, 0x00, 0x00,
    0x00, 0x00, 0x00, 0x00, 0x00, 0x00, 0x00, 0x00,
    0x00, 0x00, 0x00, 0x00, 0x00, 0x00, 0x00, 0x00,
    0x00, 0x00, 0x00, 0x00, 0x00, 0x00, 0x00, 0x00,
    0x00, 0x00, 0x00, 0x00, 0x00, 0x00, 0x00, 0x00,
    0x00, 0x00, 0x00, 0x00, 0x00, 0x00, 0x00, 0x00,
    0x00, 0x00, 0x00, 0x00, 0x00, 0x00, 0x00, 0x00,
    0x00, 0x00, 0x00, 0x00, 0x00, 0x00, 0x00, 0x00,
    0x00, 0x00, 0x00, 0x00, 0x00, 0x00, 0x00, 0x00,
    0x00, 0x00, 0x00, 0x00, 0x00, 0x00, 0x00, 0x00,
    0x00, 0x00, 0x00, 0x00, 0x00, 0x00, 0x00, 0x00,
    0x00, 0x00, 0x00, 0x00, 0x00, 0x00, 0x00, 0x00,
    0x00, 0x00, 0x00, 0x00, 0x00, 0x00, 0x00, 0x00,
    0x00, 0x00, 0x00, 0x00, 0x00, 0x00, 0x00, 0x00,
    0x00, 0x00, 0x00, 0x00, 0x00, 0x00, 0x00, 0x00,
    0x00, 0x00, 0x00, 0x00, 0x00, 0x00, 0x00, 0x00,
    0x00, 0x00, 0x00, 0x00, 0x00, 0x00, 0x00, 0x00,
    0x00, 0x00, 0x00, 0x00, 0x00, 0x00, 0x00, 0x00,
    0x00, 0x00, 0x00, 0x00, 0x00, 0x00, 0x00, 0x00,
    0x00, 0x00, 0x00, 0x00, 0x00, 0x00, 0x00, 0x00,
    0x00, 0x00, 0x00, 0x00, 0x00, 0x00, 0x00, 0x00,
};

const lv_image_dsc_t music_inner_icon_68x68 = {
    .header.magic = LV_IMAGE_HEADER_MAGIC,
    .header.cf = LV_COLOR_FORMAT_ARGB8888,
    .header.flags = 0,
    .header.w = 68,
    .header.h = 68,
    .header.stride = 272,
    .data_size = sizeof(music_inner_icon_68x68_map),
    .data = music_inner_icon_68x68_map,
};
