/*
 * @Description: 相机应用 68×68 像素 LVGL 图标资源
 * @Author: LILYGO_L
 * @Date: 2026-05-11 00:54:36
 * @LastEditTime: 2026-07-14 21:08:13
 * @License: GPL 3.0
 */
#include "lvgl.h"

#ifndef LV_ATTRIBUTE_MEM_ALIGN
#define LV_ATTRIBUTE_MEM_ALIGN
#endif

#ifndef LV_ATTRIBUTE_IMAGE_CAMERA_INNER_ICON_68X68
#define LV_ATTRIBUTE_IMAGE_CAMERA_INNER_ICON_68X68
#endif

static const LV_ATTRIBUTE_MEM_ALIGN LV_ATTRIBUTE_LARGE_CONST
    LV_ATTRIBUTE_IMAGE_CAMERA_INNER_ICON_68X68 uint8_t
    camera_inner_icon_68x68_map[] = {
    0x00, 0x00, 0x00, 0x00, 0x00, 0x00, 0x00, 0x00,
    0x00, 0x00, 0x00, 0x00, 0x00, 0x00, 0x00, 0x00,
    0x00, 0x00, 0x00, 0x00, 0x00, 0x00, 0x00, 0x00,
    0x00, 0x00, 0x00, 0x00, 0x00, 0x00, 0x00, 0x00,
    0x00, 0x00, 0x00, 0x00, 0x00, 0x00, 0x00, 0x00,
    0x00, 0x00, 0x00, 0x00, 0x00, 0x00, 0x00, 0x00,
    0x00, 0x00, 0x00, 0x00, 0x00, 0x00, 0x00, 0x00,
    0x00, 0x00, 0x00, 0x00, 0x00, 0x00, 0x00, 0x00,
    0x00, 0x00, 0x00, 0x00, 0x00, 0x00, 0x00, 0x00,
    0x00, 0x00, 0x00, 0x00, 0x00, 0x00, 0x00, 0x00,
    0x00, 0x00, 0x00, 0x00, 0x00, 0x00, 0x00, 0x00,
    0x00, 0x00, 0x00, 0x00, 0x00, 0x00, 0x00, 0x00,
    0x00, 0x00, 0x00, 0x00, 0x00, 0x00, 0x00, 0x00,
    0xff, 0xff, 0xff, 0x20, 0xff, 0xff, 0xff, 0x60,
    0xff, 0xff, 0xff, 0x80, 0xff, 0xff, 0xff, 0xaf,
    0xff, 0xff, 0xff, 0xbf, 0xff, 0xff, 0xff, 0xef,
    0xff, 0xff, 0xff, 0xff, 0xff, 0xff, 0xff, 0xff,
    0xff, 0xff, 0xff, 0xff, 0xff, 0xff, 0xff, 0xff,
    0xff, 0xff, 0xff, 0xef, 0xff, 0xff, 0xff, 0xbf,
    0xff, 0xff, 0xff, 0xaf, 0xff, 0xff, 0xff, 0x80,
    0xff, 0xff, 0xff, 0x60, 0xff, 0xff, 0xff, 0x20,
    0x00, 0x00, 0x00, 0x00, 0x00, 0x00, 0x00, 0x00,
    0x00, 0x00, 0x00, 0x00, 0x00, 0x00, 0x00, 0x00,
    0x00, 0x00, 0x00, 0x00, 0x00, 0x00, 0x00, 0x00,
    0x00, 0x00, 0x00, 0x00, 0x00, 0x00, 0x00, 0x00,
    0x00, 0x00, 0x00, 0x00, 0x00, 0x00, 0x00, 0x00,
    0x00, 0x00, 0x00, 0x00, 0x00, 0x00, 0x00, 0x00,
    0x00, 0x00, 0x00, 0x00, 0x00, 0x00, 0x00, 0x00,
    0x00, 0x00, 0x00, 0x00, 0x00, 0x00, 0x00, 0x00,
    0x00, 0x00, 0x00, 0x00, 0x00, 0x00, 0x00, 0x00,
    0x00, 0x00, 0x00, 0x00, 0x00, 0x00, 0x00, 0x00,
    0x00, 0x00, 0x00, 0x00, 0x00, 0x00, 0x00, 0x00,
    0x00, 0x00, 0x00, 0x00, 0x00, 0x00, 0x00, 0x00,
    0x00, 0x00, 0x00, 0x00, 0x00, 0x00, 0x00, 0x00,
    0x00, 0x00, 0x00, 0x00, 0x00, 0x00, 0x00, 0x00,
    0x00, 0x00, 0x00, 0x00, 0x00, 0x00, 0x00, 0x00,
    0x00, 0x00, 0x00, 0x00, 0x00, 0x00, 0x00, 0x00,
    0x00, 0x00, 0x00, 0x00, 0x00, 0x00, 0x00, 0x00,
    0x00, 0x00, 0x00, 0x00, 0x00, 0x00, 0x00, 0x00,
    0x00, 0x00, 0x00, 0x00, 0x00, 0x00, 0x00, 0x00,
    0x00, 0x00, 0x00, 0x00, 0x00, 0x00, 0x00, 0x00,
    0x00, 0x00, 0x00, 0x00, 0x00, 0x00, 0x00, 0x00,
    0x00, 0x00, 0x00, 0x00, 0x00, 0x00, 0x00, 0x00,
    0x00, 0x00, 0x00, 0x00, 0x00, 0x00, 0x00, 0x00,
    0x00, 0x00, 0x00, 0x00, 0x00, 0x00, 0x00, 0x00,
    0x00, 0x00, 0x00, 0x00, 0xff, 0xff, 0xff, 0x50,
    0xff, 0xff, 0xff, 0x9f, 0xff, 0xff, 0xff, 0xef,
    0xff, 0xff, 0xff, 0xff, 0xff, 0xff, 0xff, 0xff,
    0xff, 0xff, 0xff, 0xff, 0xff, 0xff, 0xff, 0xff,
    0xff, 0xff, 0xff, 0xff, 0xff, 0xff, 0xff, 0xff,
    0xff, 0xff, 0xff, 0xff, 0xff, 0xff, 0xff, 0xff,
    0xff, 0xff, 0xff, 0xff, 0xff, 0xff, 0xff, 0xff,
    0xff, 0xff, 0xff, 0xff, 0xff, 0xff, 0xff, 0xff,
    0xff, 0xff, 0xff, 0xff, 0xff, 0xff, 0xff, 0xff,
    0xff, 0xff, 0xff, 0xff, 0xff, 0xff, 0xff, 0xff,
    0xff, 0xff, 0xff, 0xef, 0xff, 0xff, 0xff, 0x9f,
    0xff, 0xff, 0xff, 0x50, 0x00, 0x00, 0x00, 0x00,
    0x00, 0x00, 0x00, 0x00, 0x00, 0x00, 0x00, 0x00,
    0x00, 0x00, 0x00, 0x00, 0x00, 0x00, 0x00, 0x00,
    0x00, 0x00, 0x00, 0x00, 0x00, 0x00, 0x00, 0x00,
    0x00, 0x00, 0x00, 0x00, 0x00, 0x00, 0x00, 0x00,
    0x00, 0x00, 0x00, 0x00, 0x00, 0x00, 0x00, 0x00,
    0x00, 0x00, 0x00, 0x00, 0x00, 0x00, 0x00, 0x00,
    0x00, 0x00, 0x00, 0x00, 0x00, 0x00, 0x00, 0x00,
    0x00, 0x00, 0x00, 0x00, 0x00, 0x00, 0x00, 0x00,
    0x00, 0x00, 0x00, 0x00, 0x00, 0x00, 0x00, 0x00,
    0x00, 0x00, 0x00, 0x00, 0x00, 0x00, 0x00, 0x00,
    0x00, 0x00, 0x00, 0x00, 0x00, 0x00, 0x00, 0x00,
    0x00, 0x00, 0x00, 0x00, 0x00, 0x00, 0x00, 0x00,
    0x00, 0x00, 0x00, 0x00, 0x00, 0x00, 0x00, 0x00,
    0x00, 0x00, 0x00, 0x00, 0x00, 0x00, 0x00, 0x00,
    0x00, 0x00, 0x00, 0x00, 0x00, 0x00, 0x00, 0x00,
    0x00, 0x00, 0x00, 0x00, 0x00, 0x00, 0x00, 0x00,
    0x00, 0x00, 0x00, 0x00, 0x00, 0x00, 0x00, 0x00,
    0x00, 0x00, 0x00, 0x00, 0x00, 0x00, 0x00, 0x00,
    0x00, 0x00, 0x00, 0x00, 0x00, 0x00, 0x00, 0x00,
    0x00, 0x00, 0x00, 0x00, 0x00, 0x00, 0x00, 0x00,
    0x00, 0x00, 0x00, 0x00, 0x00, 0x00, 0x00, 0x00,
    0xff, 0xff, 0xff, 0x20, 0xff, 0xff, 0xff, 0x9f,
    0xff, 0xff, 0xff, 0xef, 0xff, 0xff, 0xff, 0xff,
    0xff, 0xff, 0xff, 0xff, 0xff, 0xff, 0xff, 0xff,
    0xff, 0xff, 0xff, 0xff, 0xff, 0xff, 0xff, 0xff,
    0xff, 0xff, 0xff, 0xff, 0xff, 0xff, 0xff, 0xff,
    0xff, 0xff, 0xff, 0xff, 0xff, 0xff, 0xff, 0xff,
    0xff, 0xff, 0xff, 0xff, 0xff, 0xff, 0xff, 0xff,
    0xff, 0xff, 0xff, 0xff, 0xff, 0xff, 0xff, 0xff,
    0xff, 0xff, 0xff, 0xff, 0xff, 0xff, 0xff, 0xff,
    0xff, 0xff, 0xff, 0xff, 0xff, 0xff, 0xff, 0xff,
    0xff, 0xff, 0xff, 0xff, 0xff, 0xff, 0xff, 0xff,
    0xff, 0xff, 0xff, 0xff, 0xff, 0xff, 0xff, 0xff,
    0xff, 0xff, 0xff, 0xff, 0xff, 0xff, 0xff, 0xef,
    0xff, 0xff, 0xff, 0x9f, 0xff, 0xff, 0xff, 0x20,
    0x00, 0x00, 0x00, 0x00, 0x00, 0x00, 0x00, 0x00,
    0x00, 0x00, 0x00, 0x00, 0x00, 0x00, 0x00, 0x00,
    0x00, 0x00, 0x00, 0x00, 0x00, 0x00, 0x00, 0x00,
    0x00, 0x00, 0x00, 0x00, 0x00, 0x00, 0x00, 0x00,
    0x00, 0x00, 0x00, 0x00, 0x00, 0x00, 0x00, 0x00,
    0x00, 0x00, 0x00, 0x00, 0x00, 0x00, 0x00, 0x00,
    0x00, 0x00, 0x00, 0x00, 0x00, 0x00, 0x00, 0x00,
    0x00, 0x00, 0x00, 0x00, 0x00, 0x00, 0x00, 0x00,
    0x00, 0x00, 0x00, 0x00, 0x00, 0x00, 0x00, 0x00,
    0x00, 0x00, 0x00, 0x00, 0x00, 0x00, 0x00, 0x00,
    0x00, 0x00, 0x00, 0x00, 0x00, 0x00, 0x00, 0x00,
    0x00, 0x00, 0x00, 0x00, 0x00, 0x00, 0x00, 0x00,
    0x00, 0x00, 0x00, 0x00, 0x00, 0x00, 0x00, 0x00,
    0x00, 0x00, 0x00, 0x00, 0x00, 0x00, 0x00, 0x00,
    0x00, 0x00, 0x00, 0x00, 0x00, 0x00, 0x00, 0x00,
    0x00, 0x00, 0x00, 0x00, 0x00, 0x00, 0x00, 0x00,
    0x00, 0x00, 0x00, 0x00, 0x00, 0x00, 0x00, 0x00,
    0x00, 0x00, 0x00, 0x00, 0x00, 0x00, 0x00, 0x00,
    0x00, 0x00, 0x00, 0x00, 0x00, 0x00, 0x00, 0x00,
    0xff, 0xff, 0xff, 0x40, 0xff, 0xff, 0xff, 0xbf,
    0xff, 0xff, 0xff, 0xff, 0xff, 0xff, 0xff, 0xff,
    0xff, 0xff, 0xff, 0xff, 0xff, 0xff, 0xff, 0xff,
    0xff, 0xff, 0xff, 0xff, 0xff, 0xff, 0xff, 0xff,
    0xff, 0xff, 0xff, 0xff, 0xff, 0xff, 0xff, 0xff,
    0xff, 0xff, 0xff, 0xff, 0xff, 0xff, 0xff, 0xff,
    0xff, 0xff, 0xff, 0xff, 0xff, 0xff, 0xff, 0xff,
    0xff, 0xff, 0xff, 0xff, 0xff, 0xff, 0xff, 0xff,
    0xff, 0xff, 0xff, 0xff, 0xff, 0xff, 0xff, 0xff,
    0xff, 0xff, 0xff, 0xff, 0xff, 0xff, 0xff, 0xff,
    0xff, 0xff, 0xff, 0xff, 0xff, 0xff, 0xff, 0xff,
    0xff, 0xff, 0xff, 0xff, 0xff, 0xff, 0xff, 0xff,
    0xff, 0xff, 0xff, 0xff, 0xff, 0xff, 0xff, 0xff,
    0xff, 0xff, 0xff, 0xff, 0xff, 0xff, 0xff, 0xff,
    0xff, 0xff, 0xff, 0xff, 0xff, 0xff, 0xff, 0xff,
    0xff, 0xff, 0xff, 0xbf, 0xff, 0xff, 0xff, 0x40,
    0x00, 0x00, 0x00, 0x00, 0x00, 0x00, 0x00, 0x00,
    0x00, 0x00, 0x00, 0x00, 0x00, 0x00, 0x00, 0x00,
    0x00, 0x00, 0x00, 0x00, 0x00, 0x00, 0x00, 0x00,
    0x00, 0x00, 0x00, 0x00, 0x00, 0x00, 0x00, 0x00,
    0x00, 0x00, 0x00, 0x00, 0x00, 0x00, 0x00, 0x00,
    0x00, 0x00, 0x00, 0x00, 0x00, 0x00, 0x00, 0x00,
    0x00, 0x00, 0x00, 0x00, 0x00, 0x00, 0x00, 0x00,
    0x00, 0x00, 0x00, 0x00, 0x00, 0x00, 0x00, 0x00,
    0x00, 0x00, 0x00, 0x00, 0x00, 0x00, 0x00, 0x00,
    0x00, 0x00, 0x00, 0x00, 0x00, 0x00, 0x00, 0x00,
    0x00, 0x00, 0x00, 0x00, 0x00, 0x00, 0x00, 0x00,
    0x00, 0x00, 0x00, 0x00, 0x00, 0x00, 0x00, 0x00,
    0x00, 0x00, 0x00, 0x00, 0x00, 0x00, 0x00, 0x00,
    0x00, 0x00, 0x00, 0x00, 0x00, 0x00, 0x00, 0x00,
    0x00, 0x00, 0x00, 0x00, 0x00, 0x00, 0x00, 0x00,
    0x00, 0x00, 0x00, 0x00, 0x00, 0x00, 0x00, 0x00,
    0x00, 0x00, 0x00, 0x00, 0x00, 0x00, 0x00, 0x00,
    0xff, 0xff, 0xff, 0x20, 0xff, 0xff, 0xff, 0xbf,
    0xff, 0xff, 0xff, 0xff, 0xff, 0xff, 0xff, 0xff,
    0xff, 0xff, 0xff, 0xff, 0xff, 0xff, 0xff, 0xff,
    0xff, 0xff, 0xff, 0xff, 0xff, 0xff, 0xff, 0xff,
    0xff, 0xff, 0xff, 0xff, 0xff, 0xff, 0xff, 0xff,
    0xff, 0xff, 0xff, 0xff, 0xff, 0xff, 0xff, 0xff,
    0xff, 0xff, 0xff, 0xff, 0xff, 0xff, 0xff, 0xff,
    0xff, 0xff, 0xff, 0xff, 0xff, 0xff, 0xff, 0xff,
    0xff, 0xff, 0xff, 0xff, 0xff, 0xff, 0xff, 0xff,
    0xff, 0xff, 0xff, 0xff, 0xff, 0xff, 0xff, 0xff,
    0xff, 0xff, 0xff, 0xff, 0xff, 0xff, 0xff, 0xff,
    0xff, 0xff, 0xff, 0xff, 0xff, 0xff, 0xff, 0xff,
    0xff, 0xff, 0xff, 0xff, 0xff, 0xff, 0xff, 0xff,
    0xff, 0xff, 0xff, 0xff, 0xff, 0xff, 0xff, 0xff,
    0xff, 0xff, 0xff, 0xff, 0xff, 0xff, 0xff, 0xff,
    0xff, 0xff, 0xff, 0xff, 0xff, 0xff, 0xff, 0xff,
    0xff, 0xff, 0xff, 0xff, 0xff, 0xff, 0xff, 0xff,
    0xff, 0xff, 0xff, 0xbf, 0xff, 0xff, 0xff, 0x20,
    0x00, 0x00, 0x00, 0x00, 0x00, 0x00, 0x00, 0x00,
    0x00, 0x00, 0x00, 0x00, 0x00, 0x00, 0x00, 0x00,
    0x00, 0x00, 0x00, 0x00, 0x00, 0x00, 0x00, 0x00,
    0x00, 0x00, 0x00, 0x00, 0x00, 0x00, 0x00, 0x00,
    0x00, 0x00, 0x00, 0x00, 0x00, 0x00, 0x00, 0x00,
    0x00, 0x00, 0x00, 0x00, 0x00, 0x00, 0x00, 0x00,
    0x00, 0x00, 0x00, 0x00, 0x00, 0x00, 0x00, 0x00,
    0x00, 0x00, 0x00, 0x00, 0x00, 0x00, 0x00, 0x00,
    0x00, 0x00, 0x00, 0x00, 0x00, 0x00, 0x00, 0x00,
    0x00, 0x00, 0x00, 0x00, 0x00, 0x00, 0x00, 0x00,
    0x00, 0x00, 0x00, 0x00, 0x00, 0x00, 0x00, 0x00,
    0x00, 0x00, 0x00, 0x00, 0x00, 0x00, 0x00, 0x00,
    0x00, 0x00, 0x00, 0x00, 0x00, 0x00, 0x00, 0x00,
    0x00, 0x00, 0x00, 0x00, 0x00, 0x00, 0x00, 0x00,
    0x00, 0x00, 0x00, 0x00, 0x00, 0x00, 0x00, 0x00,
    0x00, 0x00, 0x00, 0x00, 0xff, 0xff, 0xff, 0x80,
    0xff, 0xff, 0xff, 0xff, 0xff, 0xff, 0xff, 0xff,
    0xff, 0xff, 0xff, 0xff, 0xff, 0xff, 0xff, 0xff,
    0xff, 0xff, 0xff, 0xff, 0xff, 0xff, 0xff, 0xff,
    0xff, 0xff, 0xff, 0xff, 0xff, 0xff, 0xff, 0xff,
    0xff, 0xff, 0xff, 0xff, 0xff, 0xff, 0xff, 0xff,
    0xff, 0xff, 0xff, 0xff, 0xff, 0xff, 0xff, 0xff,
    0xff, 0xff, 0xff, 0xff, 0xff, 0xff, 0xff, 0xff,
    0xff, 0xff, 0xff, 0xff, 0xff, 0xff, 0xff, 0xff,
    0xff, 0xff, 0xff, 0xff, 0xff, 0xff, 0xff, 0xff,
    0xff, 0xff, 0xff, 0xff, 0xff, 0xff, 0xff, 0xff,
    0xff, 0xff, 0xff, 0xff, 0xff, 0xff, 0xff, 0xff,
    0xff, 0xff, 0xff, 0xff, 0xff, 0xff, 0xff, 0xff,
    0xff, 0xff, 0xff, 0xff, 0xff, 0xff, 0xff, 0xff,
    0xff, 0xff, 0xff, 0xff, 0xff, 0xff, 0xff, 0xff,
    0xff, 0xff, 0xff, 0xff, 0xff, 0xff, 0xff, 0xff,
    0xff, 0xff, 0xff, 0xff, 0xff, 0xff, 0xff, 0xff,
    0xff, 0xff, 0xff, 0xff, 0xff, 0xff, 0xff, 0xff,
    0xff, 0xff, 0xff, 0xff, 0xff, 0xff, 0xff, 0xff,
    0xff, 0xff, 0xff, 0x80, 0x00, 0x00, 0x00, 0x00,
    0x00, 0x00, 0x00, 0x00, 0x00, 0x00, 0x00, 0x00,
    0x00, 0x00, 0x00, 0x00, 0x00, 0x00, 0x00, 0x00,
    0x00, 0x00, 0x00, 0x00, 0x00, 0x00, 0x00, 0x00,
    0x00, 0x00, 0x00, 0x00, 0x00, 0x00, 0x00, 0x00,
    0x00, 0x00, 0x00, 0x00, 0x00, 0x00, 0x00, 0x00,
    0x00, 0x00, 0x00, 0x00, 0x00, 0x00, 0x00, 0x00,
    0x00, 0x00, 0x00, 0x00, 0x00, 0x00, 0x00, 0x00,
    0x00, 0x00, 0x00, 0x00, 0x00, 0x00, 0x00, 0x00,
    0x00, 0x00, 0x00, 0x00, 0x00, 0x00, 0x00, 0x00,
    0x00, 0x00, 0x00, 0x00, 0x00, 0x00, 0x00, 0x00,
    0x00, 0x00, 0x00, 0x00, 0x00, 0x00, 0x00, 0x00,
    0x00, 0x00, 0x00, 0x00, 0x00, 0x00, 0x00, 0x00,
    0x00, 0x00, 0x00, 0x00, 0x00, 0x00, 0x00, 0x00,
    0x00, 0x00, 0x00, 0x00, 0xff, 0xff, 0xff, 0x20,
    0xff, 0xff, 0xff, 0xcf, 0xff, 0xff, 0xff, 0xff,
    0xff, 0xff, 0xff, 0xff, 0xff, 0xff, 0xff, 0xff,
    0xff, 0xff, 0xff, 0xff, 0xff, 0xff, 0xff, 0xff,
    0xff, 0xff, 0xff, 0xff, 0xff, 0xff, 0xff, 0xff,
    0xff, 0xff, 0xff, 0xff, 0xff, 0xff, 0xff, 0xff,
    0xff, 0xff, 0xff, 0xff, 0xff, 0xff, 0xff, 0xff,
    0xff, 0xff, 0xff, 0xff, 0xff, 0xff, 0xff, 0xff,
    0xff, 0xff, 0xff, 0xff, 0xff, 0xff, 0xff, 0xff,
    0xff, 0xff, 0xff, 0xff, 0xff, 0xff, 0xff, 0xff,
    0xff, 0xff, 0xff, 0xff, 0xff, 0xff, 0xff, 0xff,
    0xff, 0xff, 0xff, 0xff, 0xff, 0xff, 0xff, 0xff,
    0xff, 0xff, 0xff, 0xff, 0xff, 0xff, 0xff, 0xff,
    0xff, 0xff, 0xff, 0xff, 0xff, 0xff, 0xff, 0xff,
    0xff, 0xff, 0xff, 0xff, 0xff, 0xff, 0xff, 0xff,
    0xff, 0xff, 0xff, 0xff, 0xff, 0xff, 0xff, 0xff,
    0xff, 0xff, 0xff, 0xff, 0xff, 0xff, 0xff, 0xff,
    0xff, 0xff, 0xff, 0xff, 0xff, 0xff, 0xff, 0xff,
    0xff, 0xff, 0xff, 0xff, 0xff, 0xff, 0xff, 0xff,
    0xff, 0xff, 0xff, 0xff, 0xff, 0xff, 0xff, 0xff,
    0xff, 0xff, 0xff, 0xff, 0xff, 0xff, 0xff, 0xcf,
    0xff, 0xff, 0xff, 0x20, 0x00, 0x00, 0x00, 0x00,
    0x00, 0x00, 0x00, 0x00, 0x00, 0x00, 0x00, 0x00,
    0x00, 0x00, 0x00, 0x00, 0x00, 0x00, 0x00, 0x00,
    0x00, 0x00, 0x00, 0x00, 0x00, 0x00, 0x00, 0x00,
    0x00, 0x00, 0x00, 0x00, 0x00, 0x00, 0x00, 0x00,
    0x00, 0x00, 0x00, 0x00, 0x00, 0x00, 0x00, 0x00,
    0x00, 0x00, 0x00, 0x00, 0x00, 0x00, 0x00, 0x00,
    0x00, 0x00, 0x00, 0x00, 0x00, 0x00, 0x00, 0x00,
    0x00, 0x00, 0x00, 0x00, 0x00, 0x00, 0x00, 0x00,
    0x00, 0x00, 0x00, 0x00, 0x00, 0x00, 0x00, 0x00,
    0x00, 0x00, 0x00, 0x00, 0x00, 0x00, 0x00, 0x00,
    0x00, 0x00, 0x00, 0x00, 0x00, 0x00, 0x00, 0x00,
    0x00, 0x00, 0x00, 0x00, 0x00, 0x00, 0x00, 0x00,
    0xff, 0xff, 0xff, 0x50, 0xff, 0xff, 0xff, 0xef,
    0xff, 0xff, 0xff, 0xff, 0xff, 0xff, 0xff, 0xff,
    0xff, 0xff, 0xff, 0xff, 0xff, 0xff, 0xff, 0xff,
    0xff, 0xff, 0xff, 0xff, 0xff, 0xff, 0xff, 0xff,
    0xff, 0xff, 0xff, 0xff, 0xff, 0xff, 0xff, 0xff,
    0xff, 0xff, 0xff, 0xff, 0xff, 0xff, 0xff, 0xff,
    0xff, 0xff, 0xff, 0xff, 0xff, 0xff, 0xff, 0xff,
    0xff, 0xff, 0xff, 0xff, 0xff, 0xff, 0xff, 0xff,
    0xff, 0xff, 0xff, 0xff, 0xff, 0xff, 0xff, 0xff,
    0xff, 0xff, 0xff, 0xff, 0xff, 0xff, 0xff, 0xff,
    0xff, 0xff, 0xff, 0xff, 0xff, 0xff, 0xff, 0xff,
    0xff, 0xff, 0xff, 0xff, 0xff, 0xff, 0xff, 0xff,
    0xff, 0xff, 0xff, 0xff, 0xff, 0xff, 0xff, 0xff,
    0xff, 0xff, 0xff, 0xff, 0xff, 0xff, 0xff, 0xff,
    0xff, 0xff, 0xff, 0xff, 0xff, 0xff, 0xff, 0xff,
    0xff, 0xff, 0xff, 0xff, 0xff, 0xff, 0xff, 0xff,
    0xff, 0xff, 0xff, 0xff, 0xff, 0xff, 0xff, 0xff,
    0xff, 0xff, 0xff, 0xff, 0xff, 0xff, 0xff, 0xff,
    0xff, 0xff, 0xff, 0xff, 0xff, 0xff, 0xff, 0xff,
    0xff, 0xff, 0xff, 0xff, 0xff, 0xff, 0xff, 0xff,
    0xff, 0xff, 0xff, 0xff, 0xff, 0xff, 0xff, 0xff,
    0xff, 0xff, 0xff, 0xef, 0xff, 0xff, 0xff, 0x50,
    0x00, 0x00, 0x00, 0x00, 0x00, 0x00, 0x00, 0x00,
    0x00, 0x00, 0x00, 0x00, 0x00, 0x00, 0x00, 0x00,
    0x00, 0x00, 0x00, 0x00, 0x00, 0x00, 0x00, 0x00,
    0x00, 0x00, 0x00, 0x00, 0x00, 0x00, 0x00, 0x00,
    0x00, 0x00, 0x00, 0x00, 0x00, 0x00, 0x00, 0x00,
    0x00, 0x00, 0x00, 0x00, 0x00, 0x00, 0x00, 0x00,
    0x00, 0x00, 0x00, 0x00, 0x00, 0x00, 0x00, 0x00,
    0x00, 0x00, 0x00, 0x00, 0x00, 0x00, 0x00, 0x00,
    0x00, 0x00, 0x00, 0x00, 0x00, 0x00, 0x00, 0x00,
    0x00, 0x00, 0x00, 0x00, 0x00, 0x00, 0x00, 0x00,
    0x00, 0x00, 0x00, 0x00, 0x00, 0x00, 0x00, 0x00,
    0x00, 0x00, 0x00, 0x00, 0xff, 0xff, 0xff, 0x60,
    0xff, 0xff, 0xff, 0xff, 0xff, 0xff, 0xff, 0xff,
    0xff, 0xff, 0xff, 0xff, 0xff, 0xff, 0xff, 0xff,
    0xff, 0xff, 0xff, 0xff, 0xff, 0xff, 0xff, 0xff,
    0xff, 0xff, 0xff, 0xff, 0xff, 0xff, 0xff, 0xff,
    0xff, 0xff, 0xff, 0xff, 0xff, 0xff, 0xff, 0xff,
    0xff, 0xff, 0xff, 0xff, 0xff, 0xff, 0xff, 0xff,
    0xff, 0xff, 0xff, 0xff, 0xff, 0xff, 0xff, 0xff,
    0xff, 0xff, 0xff, 0xff, 0xff, 0xff, 0xff, 0xff,
    0xfd, 0xfd, 0xfd, 0xff, 0xf9, 0xf9, 0xf9, 0xff,
    0xf4, 0xf4, 0xf4, 0xff, 0xf2, 0xf2, 0xf2, 0xff,
    0xf2, 0xf2, 0xf2, 0xff, 0xec, 0xec, 0xec, 0xff,
    0xec, 0xec, 0xec, 0xff, 0xf2, 0xf2, 0xf2, 0xff,
    0xf2, 0xf2, 0xf2, 0xff, 0xf4, 0xf4, 0xf4, 0xff,
    0xf9, 0xf9, 0xf9, 0xff, 0xfd, 0xfd, 0xfd, 0xff,
    0xff, 0xff, 0xff, 0xff, 0xff, 0xff, 0xff, 0xff,
    0xff, 0xff, 0xff, 0xff, 0xff, 0xff, 0xff, 0xff,
    0xff, 0xff, 0xff, 0xff, 0xff, 0xff, 0xff, 0xff,
    0xff, 0xff, 0xff, 0xff, 0xff, 0xff, 0xff, 0xff,
    0xff, 0xff, 0xff, 0xff, 0xff, 0xff, 0xff, 0xff,
    0xff, 0xff, 0xff, 0xff, 0xff, 0xff, 0xff, 0xff,
    0xff, 0xff, 0xff, 0xff, 0xff, 0xff, 0xff, 0xff,
    0xff, 0xff, 0xff, 0xff, 0xff, 0xff, 0xff, 0xff,
    0xff, 0xff, 0xff, 0x60, 0x00, 0x00, 0x00, 0x00,
    0x00, 0x00, 0x00, 0x00, 0x00, 0x00, 0x00, 0x00,
    0x00, 0x00, 0x00, 0x00, 0x00, 0x00, 0x00, 0x00,
    0x00, 0x00, 0x00, 0x00, 0x00, 0x00, 0x00, 0x00,
    0x00, 0x00, 0x00, 0x00, 0x00, 0x00, 0x00, 0x00,
    0x00, 0x00, 0x00, 0x00, 0x00, 0x00, 0x00, 0x00,
    0x00, 0x00, 0x00, 0x00, 0x00, 0x00, 0x00, 0x00,
    0x00, 0x00, 0x00, 0x00, 0x00, 0x00, 0x00, 0x00,
    0x00, 0x00, 0x00, 0x00, 0x00, 0x00, 0x00, 0x00,
    0x00, 0x00, 0x00, 0x00, 0x00, 0x00, 0x00, 0x00,
    0x00, 0x00, 0x00, 0x00, 0x00, 0x00, 0x00, 0x00,
    0xff, 0xff, 0xff, 0x9f, 0xff, 0xff, 0xff, 0xff,
    0xff, 0xff, 0xff, 0xff, 0xff, 0xff, 0xff, 0xff,
    0xff, 0xff, 0xff, 0xff, 0xff, 0xff, 0xff, 0xff,
    0xff, 0xff, 0xff, 0xff, 0xff, 0xff, 0xff, 0xff,
    0xff, 0xff, 0xff, 0xff, 0xff, 0xff, 0xff, 0xff,
    0xff, 0xff, 0xff, 0xff, 0xff, 0xff, 0xff, 0xff,
    0xff, 0xff, 0xff, 0xff, 0xff, 0xff, 0xff, 0xff,
    0xff, 0xff, 0xff, 0xff, 0xfa, 0xfa, 0xfa, 0xff,
    0xf0, 0xf0, 0xf0, 0xff, 0xea, 0xea, 0xea, 0xff,
    0xe5, 0xe5, 0xe5, 0xff, 0xe5, 0xe5, 0xe5, 0xff,
    0xe5, 0xe5, 0xe5, 0xff, 0xe5, 0xe5, 0xe5, 0xff,
    0xe5, 0xe5, 0xe5, 0xff, 0xe5, 0xe5, 0xe5, 0xff,
    0xe5, 0xe5, 0xe5, 0xff, 0xe5, 0xe5, 0xe5, 0xff,
    0xe5, 0xe5, 0xe5, 0xff, 0xe5, 0xe5, 0xe5, 0xff,
    0xe5, 0xe5, 0xe5, 0xff, 0xe5, 0xe5, 0xe5, 0xff,
    0xea, 0xea, 0xea, 0xff, 0xf0, 0xf0, 0xf0, 0xff,
    0xfa, 0xfa, 0xfa, 0xff, 0xff, 0xff, 0xff, 0xff,
    0xff, 0xff, 0xff, 0xff, 0xff, 0xff, 0xff, 0xff,
    0xff, 0xff, 0xff, 0xff, 0xff, 0xff, 0xff, 0xff,
    0xff, 0xff, 0xff, 0xff, 0xff, 0xff, 0xff, 0xff,
    0xff, 0xff, 0xff, 0xff, 0xff, 0xff, 0xff, 0xff,
    0xff, 0xff, 0xff, 0xff, 0xff, 0xff, 0xff, 0xff,
    0xff, 0xff, 0xff, 0xff, 0xff, 0xff, 0xff, 0xff,
    0xff, 0xff, 0xff, 0xff, 0xff, 0xff, 0xff, 0x9f,
    0x00, 0x00, 0x00, 0x00, 0x00, 0x00, 0x00, 0x00,
    0x00, 0x00, 0x00, 0x00, 0x00, 0x00, 0x00, 0x00,
    0x00, 0x00, 0x00, 0x00, 0x00, 0x00, 0x00, 0x00,
    0x00, 0x00, 0x00, 0x00, 0x00, 0x00, 0x00, 0x00,
    0x00, 0x00, 0x00, 0x00, 0x00, 0x00, 0x00, 0x00,
    0x00, 0x00, 0x00, 0x00, 0x00, 0x00, 0x00, 0x00,
    0x00, 0x00, 0x00, 0x00, 0x00, 0x00, 0x00, 0x00,
    0x00, 0x00, 0x00, 0x00, 0x00, 0x00, 0x00, 0x00,
    0x00, 0x00, 0x00, 0x00, 0x00, 0x00, 0x00, 0x00,
    0x00, 0x00, 0x00, 0x00, 0xff, 0xff, 0xff, 0x9f,
    0xff, 0xff, 0xff, 0xff, 0xff, 0xff, 0xff, 0xff,
    0xff, 0xff, 0xff, 0xff, 0xff, 0xff, 0xff, 0xff,
    0xff, 0xff, 0xff, 0xff, 0xff, 0xff, 0xff, 0xff,
    0xff, 0xff, 0xff, 0xff, 0xff, 0xff, 0xff, 0xff,
    0xff, 0xff, 0xff, 0xff, 0xff, 0xff, 0xff, 0xff,
    0xff, 0xff, 0xff, 0xff, 0xff, 0xff, 0xff, 0xff,
    0xff, 0xff, 0xff, 0xff, 0xf5, 0xf5, 0xf5, 0xff,
    0xea, 0xea, 0xea, 0xff, 0xe5, 0xe5, 0xe5, 0xff,
    0xe5, 0xe5, 0xe5, 0xff, 0xe5, 0xe5, 0xe5, 0xff,
    0xe5, 0xe5, 0xe5, 0xff, 0xcd, 0xca, 0xc9, 0xff,
    0xbd, 0xb9, 0xb6, 0xff, 0xa5, 0x9e, 0x9a, 0xff,
    0xa5, 0x9e, 0x9a, 0xff, 0xa5, 0x9e, 0x9a, 0xff,
    0xa5, 0x9e, 0x9a, 0xff, 0xa5, 0x9e, 0x9a, 0xff,
    0xa5, 0x9e, 0x9a, 0xff, 0xbd, 0xb9, 0xb6, 0xff,
    0xcd, 0xca, 0xc9, 0xff, 0xe5, 0xe5, 0xe5, 0xff,
    0xe5, 0xe5, 0xe5, 0xff, 0xe5, 0xe5, 0xe5, 0xff,
    0xe5, 0xe5, 0xe5, 0xff, 0xea, 0xea, 0xea, 0xff,
    0xf5, 0xf5, 0xf5, 0xff, 0xff, 0xff, 0xff, 0xff,
    0xff, 0xff, 0xff, 0xff, 0xff, 0xff, 0xff, 0xff,
    0xff, 0xff, 0xff, 0xff, 0xff, 0xff, 0xff, 0xff,
    0xff, 0xff, 0xff, 0xff, 0xff, 0xff, 0xff, 0xff,
    0xff, 0xff, 0xff, 0xff, 0xff, 0xff, 0xff, 0xff,
    0xff, 0xff, 0xff, 0xff, 0xff, 0xff, 0xff, 0xff,
    0xff, 0xff, 0xff, 0xff, 0xff, 0xff, 0xff, 0xff,
    0xff, 0xff, 0xff, 0x9f, 0x00, 0x00, 0x00, 0x00,
    0x00, 0x00, 0x00, 0x00, 0x00, 0x00, 0x00, 0x00,
    0x00, 0x00, 0x00, 0x00, 0x00, 0x00, 0x00, 0x00,
    0x00, 0x00, 0x00, 0x00, 0x00, 0x00, 0x00, 0x00,
    0x00, 0x00, 0x00, 0x00, 0x00, 0x00, 0x00, 0x00,
    0x00, 0x00, 0x00, 0x00, 0x00, 0x00, 0x00, 0x00,
    0x00, 0x00, 0x00, 0x00, 0x00, 0x00, 0x00, 0x00,
    0x00, 0x00, 0x00, 0x00, 0x00, 0x00, 0x00, 0x00,
    0x00, 0x00, 0x00, 0x00, 0x00, 0x00, 0x00, 0x00,
    0xff, 0xff, 0xff, 0x60, 0xff, 0xff, 0xff, 0xff,
    0xff, 0xff, 0xff, 0xff, 0xff, 0xff, 0xff, 0xff,
    0xff, 0xff, 0xff, 0xff, 0xff, 0xff, 0xff, 0xff,
    0xff, 0xff, 0xff, 0xff, 0xff, 0xff, 0xff, 0xff,
    0xff, 0xff, 0xff, 0xff, 0xff, 0xff, 0xff, 0xff,
    0xff, 0xff, 0xff, 0xff, 0xff, 0xff, 0xff, 0xff,
    0xff, 0xff, 0xff, 0xff, 0xf5, 0xf5, 0xf5, 0xff,
    0xe8, 0xe8, 0xe8, 0xff, 0xe5, 0xe5, 0xe5, 0xff,
    0xe5, 0xe5, 0xe5, 0xff, 0xdd, 0xdc, 0xdc, 0xff,
    0xb5, 0xb0, 0xad, 0xff, 0x8c, 0x83, 0x7e, 0xff,
    0x6c, 0x60, 0x58, 0xff, 0x64, 0x57, 0x4f, 0xff,
    0x64, 0x57, 0x4f, 0xff, 0x64, 0x57, 0x4f, 0xff,
    0x64, 0x57, 0x4f, 0xff, 0x64, 0x57, 0x4f, 0xff,
    0x64, 0x57, 0x4f, 0xff, 0x64, 0x57, 0x4f, 0xff,
    0x64, 0x57, 0x4f, 0xff, 0x64, 0x57, 0x4f, 0xff,
    0x64, 0x57, 0x4f, 0xff, 0x6c, 0x60, 0x58, 0xff,
    0x8c, 0x83, 0x7e, 0xff, 0xb5, 0xb0, 0xad, 0xff,
    0xdd, 0xdc, 0xdc, 0xff, 0xe5, 0xe5, 0xe5, 0xff,
    0xe5, 0xe5, 0xe5, 0xff, 0xe8, 0xe8, 0xe8, 0xff,
    0xf5, 0xf5, 0xf5, 0xff, 0xff, 0xff, 0xff, 0xff,
    0xff, 0xff, 0xff, 0xff, 0xff, 0xff, 0xff, 0xff,
    0xff, 0xff, 0xff, 0xff, 0xff, 0xff, 0xff, 0xff,
    0xff, 0xff, 0xff, 0xff, 0xff, 0xff, 0xff, 0xff,
    0xff, 0xff, 0xff, 0xff, 0xff, 0xff, 0xff, 0xff,
    0xff, 0xff, 0xff, 0xff, 0xff, 0xff, 0xff, 0xff,
    0xff, 0xff, 0xff, 0xff, 0xff, 0xff, 0xff, 0x60,
    0x00, 0x00, 0x00, 0x00, 0x00, 0x00, 0x00, 0x00,
    0x00, 0x00, 0x00, 0x00, 0x00, 0x00, 0x00, 0x00,
    0x00, 0x00, 0x00, 0x00, 0x00, 0x00, 0x00, 0x00,
    0x00, 0x00, 0x00, 0x00, 0x00, 0x00, 0x00, 0x00,
    0x00, 0x00, 0x00, 0x00, 0x00, 0x00, 0x00, 0x00,
    0x00, 0x00, 0x00, 0x00, 0x00, 0x00, 0x00, 0x00,
    0x00, 0x00, 0x00, 0x00, 0x00, 0x00, 0x00, 0x00,
    0x00, 0x00, 0x00, 0x00, 0xff, 0xff, 0xff, 0x50,
    0xff, 0xff, 0xff, 0xff, 0xff, 0xff, 0xff, 0xff,
    0xff, 0xff, 0xff, 0xff, 0xff, 0xff, 0xff, 0xff,
    0xff, 0xff, 0xff, 0xff, 0xff, 0xff, 0xff, 0xff,
    0xff, 0xff, 0xff, 0xff, 0xff, 0xff, 0xff, 0xff,
    0xff, 0xff, 0xff, 0xff, 0xff, 0xff, 0xff, 0xff,
    0xff, 0xff, 0xff, 0xff, 0xfa, 0xfa, 0xfa, 0xff,
    0xea, 0xea, 0xea, 0xff, 0xe5, 0xe5, 0xe5, 0xff,
    0xe5, 0xe5, 0xe5, 0xff, 0xd5, 0xd3, 0xd2, 0xff,
    0x94, 0x8c, 0x87, 0xff, 0x6c, 0x60, 0x58, 0xff,
    0x64, 0x57, 0x4f, 0xff, 0x64, 0x57, 0x4f, 0xff,
    0x64, 0x57, 0x4f, 0xff, 0x64, 0x57, 0x4f, 0xff,
    0x64, 0x57, 0x4f, 0xff, 0x64, 0x57, 0x4f, 0xff,
    0x64, 0x57, 0x4f, 0xff, 0x64, 0x57, 0x4f, 0xff,
    0x64, 0x57, 0x4f, 0xff, 0x64, 0x57, 0x4f, 0xff,
    0x64, 0x57, 0x4f, 0xff, 0x64, 0x57, 0x4f, 0xff,
    0x64, 0x57, 0x4f, 0xff, 0x64, 0x57, 0x4f, 0xff,
    0x64, 0x57, 0x4f, 0xff, 0x64, 0x57, 0x4f, 0xff,
    0x6c, 0x60, 0x58, 0xff, 0x94, 0x8c, 0x87, 0xff,
    0xd5, 0xd3, 0xd2, 0xff, 0xe5, 0xe5, 0xe5, 0xff,
    0xe5, 0xe5, 0xe5, 0xff, 0xea, 0xea, 0xea, 0xff,
    0xfa, 0xfa, 0xfa, 0xff, 0xff, 0xff, 0xff, 0xff,
    0xff, 0xff, 0xff, 0xff, 0xff, 0xff, 0xff, 0xff,
    0xff, 0xff, 0xff, 0xff, 0xff, 0xff, 0xff, 0xff,
    0xff, 0xff, 0xff, 0xff, 0xff, 0xff, 0xff, 0xff,
    0xff, 0xff, 0xff, 0xff, 0xff, 0xff, 0xff, 0xff,
    0xff, 0xff, 0xff, 0xff, 0xff, 0xff, 0xff, 0xff,
    0xff, 0xff, 0xff, 0x50, 0x00, 0x00, 0x00, 0x00,
    0x00, 0x00, 0x00, 0x00, 0x00, 0x00, 0x00, 0x00,
    0x00, 0x00, 0x00, 0x00, 0x00, 0x00, 0x00, 0x00,
    0x00, 0x00, 0x00, 0x00, 0x00, 0x00, 0x00, 0x00,
    0x00, 0x00, 0x00, 0x00, 0x00, 0x00, 0x00, 0x00,
    0x00, 0x00, 0x00, 0x00, 0x00, 0x00, 0x00, 0x00,
    0x00, 0x00, 0x00, 0x00, 0x00, 0x00, 0x00, 0x00,
    0xff, 0xff, 0xff, 0x20, 0xff, 0xff, 0xff, 0xef,
    0xff, 0xff, 0xff, 0xff, 0xff, 0xff, 0xff, 0xff,
    0xff, 0xff, 0xff, 0xff, 0xff, 0xff, 0xff, 0xff,
    0xff, 0xff, 0xff, 0xff, 0xff, 0xff, 0xff, 0xff,
    0xff, 0xff, 0xff, 0xff, 0xff, 0xff, 0xff, 0xff,
    0xff, 0xff, 0xff, 0xff, 0xff, 0xff, 0xff, 0xff,
    0xf4, 0xf4, 0xf4, 0xff, 0xe5, 0xe5, 0xe5, 0xff,
    0xe5, 0xe5, 0xe5, 0xff, 0xdd, 0xdc, 0xdc, 0xff,
    0x94, 0x8c, 0x87, 0xff, 0x64, 0x57, 0x4f, 0xff,
    0x64, 0x57, 0x4f, 0xff, 0x64, 0x57, 0x4f, 0xff,
    0x64, 0x57, 0x4f, 0xff, 0x64, 0x57, 0x4f, 0xff,
    0x64, 0x57, 0x4f, 0xff, 0x64, 0x57, 0x4f, 0xff,
    0x64, 0x57, 0x4f, 0xff, 0x64, 0x57, 0x4f, 0xff,
    0x64, 0x57, 0x4f, 0xff, 0x64, 0x57, 0x4f, 0xff,
    0x64, 0x57, 0x4f, 0xff, 0x64, 0x57, 0x4f, 0xff,
    0x64, 0x57, 0x4f, 0xff, 0x64, 0x57, 0x4f, 0xff,
    0x64, 0x57, 0x4f, 0xff, 0x64, 0x57, 0x4f, 0xff,
    0x64, 0x57, 0x4f, 0xff, 0x64, 0x57, 0x4f, 0xff,
    0x64, 0x57, 0x4f, 0xff, 0x64, 0x57, 0x4f, 0xff,
    0x64, 0x57, 0x4f, 0xff, 0x94, 0x8c, 0x87, 0xff,
    0xdd, 0xdc, 0xdc, 0xff, 0xe5, 0xe5, 0xe5, 0xff,
    0xe5, 0xe5, 0xe5, 0xff, 0xf4, 0xf4, 0xf4, 0xff,
    0xff, 0xff, 0xff, 0xff, 0xff, 0xff, 0xff, 0xff,
    0xff, 0xff, 0xff, 0xff, 0xff, 0xff, 0xff, 0xff,
    0xff, 0xff, 0xff, 0xff, 0xff, 0xff, 0xff, 0xff,
    0xff, 0xff, 0xff, 0xff, 0xff, 0xff, 0xff, 0xff,
    0xff, 0xff, 0xff, 0xff, 0xff, 0xff, 0xff, 0xff,
    0xff, 0xff, 0xff, 0xef, 0xff, 0xff, 0xff, 0x20,
    0x00, 0x00, 0x00, 0x00, 0x00, 0x00, 0x00, 0x00,
    0x00, 0x00, 0x00, 0x00, 0x00, 0x00, 0x00, 0x00,
    0x00, 0x00, 0x00, 0x00, 0x00, 0x00, 0x00, 0x00,
    0x00, 0x00, 0x00, 0x00, 0x00, 0x00, 0x00, 0x00,
    0x00, 0x00, 0x00, 0x00, 0x00, 0x00, 0x00, 0x00,
    0x00, 0x00, 0x00, 0x00, 0x00, 0x00, 0x00, 0x00,
    0xff, 0xff, 0xff, 0xcf, 0xff, 0xff, 0xff, 0xff,
    0xff, 0xff, 0xff, 0xff, 0xff, 0xff, 0xff, 0xff,
    0xff, 0xff, 0xff, 0xff, 0xff, 0xff, 0xff, 0xff,
    0xff, 0xff, 0xff, 0xff, 0xff, 0xff, 0xff, 0xff,
    0xff, 0xff, 0xff, 0xff, 0xff, 0xff, 0xff, 0xff,
    0xff, 0xff, 0xff, 0xff, 0xef, 0xef, 0xef, 0xff,
    0xe5, 0xe5, 0xe5, 0xff, 0xe5, 0xe5, 0xe5, 0xff,
    0xbd, 0xb9, 0xb6, 0xff, 0x6c, 0x60, 0x58, 0xff,
    0x64, 0x57, 0x4f, 0xff, 0x64, 0x57, 0x4f, 0xff,
    0x64, 0x57, 0x4f, 0xff, 0x64, 0x57, 0x4f, 0xff,
    0x64, 0x57, 0x4f, 0xff, 0x64, 0x57, 0x4f, 0xff,
    0x64, 0x57, 0x4f, 0xff, 0x64, 0x57, 0x4f, 0xff,
    0x64, 0x57, 0x4f, 0xff, 0x64, 0x57, 0x4f, 0xff,
    0x64, 0x57, 0x4f, 0xff, 0x64, 0x57, 0x4f, 0xff,
    0x64, 0x57, 0x4f, 0xff, 0x64, 0x57, 0x4f, 0xff,
    0x64, 0x57, 0x4f, 0xff, 0x64, 0x57, 0x4f, 0xff,
    0x64, 0x57, 0x4f, 0xff, 0x64, 0x57, 0x4f, 0xff,
    0x64, 0x57, 0x4f, 0xff, 0x64, 0x57, 0x4f, 0xff,
    0x64, 0x57, 0x4f, 0xff, 0x64, 0x57, 0x4f, 0xff,
    0x64, 0x57, 0x4f, 0xff, 0x64, 0x57, 0x4f, 0xff,
    0x6c, 0x60, 0x58, 0xff, 0xbd, 0xb9, 0xb6, 0xff,
    0xe5, 0xe5, 0xe5, 0xff, 0xe5, 0xe5, 0xe5, 0xff,
    0xef, 0xef, 0xef, 0xff, 0xff, 0xff, 0xff, 0xff,
    0xff, 0xff, 0xff, 0xff, 0xff, 0xff, 0xff, 0xff,
    0xff, 0xff, 0xff, 0xff, 0xff, 0xff, 0xff, 0xff,
    0xff, 0xff, 0xff, 0xff, 0xff, 0xff, 0xff, 0xff,
    0xff, 0xff, 0xff, 0xff, 0xff, 0xff, 0xff, 0xff,
    0xff, 0xff, 0xff, 0xff, 0xff, 0xff, 0xff, 0xcf,
    0x00, 0x00, 0x00, 0x00, 0x00, 0x00, 0x00, 0x00,
    0x00, 0x00, 0x00, 0x00, 0x00, 0x00, 0x00, 0x00,
    0x00, 0x00, 0x00, 0x00, 0x00, 0x00, 0x00, 0x00,
    0x00, 0x00, 0x00, 0x00, 0x00, 0x00, 0x00, 0x00,
    0x00, 0x00, 0x00, 0x00, 0x00, 0x00, 0x00, 0x00,
    0x00, 0x00, 0x00, 0x00, 0xff, 0xff, 0xff, 0x80,
    0xff, 0xff, 0xff, 0xff, 0xff, 0xff, 0xff, 0xff,
    0xff, 0xff, 0xff, 0xff, 0xff, 0xff, 0xff, 0xff,
    0xff, 0xff, 0xff, 0xff, 0xff, 0xff, 0xff, 0xff,
    0xff, 0xff, 0xff, 0xff, 0xff, 0xff, 0xff, 0xff,
    0xff, 0xff, 0xff, 0xff, 0xfd, 0xfd, 0xfd, 0xff,
    0xed, 0xed, 0xed, 0xff, 0xe5, 0xe5, 0xe5, 0xff,
    0xdd, 0xdc, 0xdc, 0xff, 0x94, 0x8c, 0x87, 0xff,
    0x64, 0x57, 0x4f, 0xff, 0x64, 0x57, 0x4f, 0xff,
    0x64, 0x57, 0x4f, 0xff, 0x64, 0x57, 0x4f, 0xff,
    0x64, 0x57, 0x4f, 0xff, 0x64, 0x57, 0x4f, 0xff,
    0x64, 0x57, 0x4f, 0xff, 0x64, 0x57, 0x4f, 0xff,
    0x64, 0x57, 0x4f, 0xff, 0x64, 0x57, 0x4f, 0xff,
    0x64, 0x57, 0x4f, 0xff, 0x68, 0x5b, 0x52, 0xff,
    0x6d, 0x5e, 0x56, 0xff, 0x6d, 0x5e, 0x56, 0xff,
    0x6d, 0x5e, 0x56, 0xff, 0x6d, 0x5e, 0x56, 0xff,
    0x68, 0x5b, 0x52, 0xff, 0x64, 0x57, 0x4f, 0xff,
    0x64, 0x57, 0x4f, 0xff, 0x64, 0x57, 0x4f, 0xff,
    0x64, 0x57, 0x4f, 0xff, 0x64, 0x57, 0x4f, 0xff,
    0x64, 0x57, 0x4f, 0xff, 0x64, 0x57, 0x4f, 0xff,
    0x64, 0x57, 0x4f, 0xff, 0x64, 0x57, 0x4f, 0xff,
    0x64, 0x57, 0x4f, 0xff, 0x64, 0x57, 0x4f, 0xff,
    0x94, 0x8c, 0x87, 0xff, 0xdd, 0xdc, 0xdc, 0xff,
    0xe5, 0xe5, 0xe5, 0xff, 0xed, 0xed, 0xed, 0xff,
    0xfd, 0xfd, 0xfd, 0xff, 0xff, 0xff, 0xff, 0xff,
    0xff, 0xff, 0xff, 0xff, 0xff, 0xff, 0xff, 0xff,
    0xff, 0xff, 0xff, 0xff, 0xff, 0xff, 0xff, 0xff,
    0xff, 0xff, 0xff, 0xff, 0xff, 0xff, 0xff, 0xff,
    0xff, 0xff, 0xff, 0xff, 0xff, 0xff, 0xff, 0xff,
    0xff, 0xff, 0xff, 0x80, 0x00, 0x00, 0x00, 0x00,
    0x00, 0x00, 0x00, 0x00, 0x00, 0x00, 0x00, 0x00,
    0x00, 0x00, 0x00, 0x00, 0x00, 0x00, 0x00, 0x00,
    0x00, 0x00, 0x00, 0x00, 0x00, 0x00, 0x00, 0x00,
    0x00, 0x00, 0x00, 0x00, 0x00, 0x00, 0x00, 0x00,
    0xff, 0xff, 0xff, 0x20, 0xff, 0xff, 0xff, 0xff,
    0xff, 0xff, 0xff, 0xff, 0xff, 0xff, 0xff, 0xff,
    0xff, 0xff, 0xff, 0xff, 0xff, 0xff, 0xff, 0xff,
    0xff, 0xff, 0xff, 0xff, 0xff, 0xff, 0xff, 0xff,
    0xff, 0xff, 0xff, 0xff, 0xff, 0xff, 0xff, 0xff,
    0xff, 0xff, 0xff, 0xff, 0xed, 0xed, 0xed, 0xff,
    0xe5, 0xe5, 0xe5, 0xff, 0xdd, 0xdc, 0xdc, 0xff,
    0x7c, 0x72, 0x6b, 0xff, 0x64, 0x57, 0x4f, 0xff,
    0x64, 0x57, 0x4f, 0xff, 0x64, 0x57, 0x4f, 0xff,
    0x64, 0x57, 0x4f, 0xff, 0x64, 0x57, 0x4f, 0xff,
    0x64, 0x57, 0x4f, 0xff, 0x64, 0x57, 0x4f, 0xff,
    0x64, 0x57, 0x4f, 0xff, 0x68, 0x5b, 0x52, 0xff,
    0x73, 0x63, 0x5b, 0xff, 0x7e, 0x6c, 0x63, 0xff,
    0x86, 0x73, 0x6a, 0xff, 0x86, 0x73, 0x6a, 0xff,
    0x86, 0x73, 0x6a, 0xff, 0x86, 0x73, 0x6a, 0xff,
    0x86, 0x73, 0x6a, 0xff, 0x86, 0x73, 0x6a, 0xff,
    0x86, 0x73, 0x6a, 0xff, 0x86, 0x73, 0x6a, 0xff,
    0x7e, 0x6c, 0x63, 0xff, 0x73, 0x63, 0x5b, 0xff,
    0x68, 0x5b, 0x52, 0xff, 0x64, 0x57, 0x4f, 0xff,
    0x64, 0x57, 0x4f, 0xff, 0x64, 0x57, 0x4f, 0xff,
    0x64, 0x57, 0x4f, 0xff, 0x64, 0x57, 0x4f, 0xff,
    0x64, 0x57, 0x4f, 0xff, 0x64, 0x57, 0x4f, 0xff,
    0x64, 0x57, 0x4f, 0xff, 0x7c, 0x72, 0x6b, 0xff,
    0xdd, 0xdc, 0xdc, 0xff, 0xe5, 0xe5, 0xe5, 0xff,
    0xed, 0xed, 0xed, 0xff, 0xff, 0xff, 0xff, 0xff,
    0xff, 0xff, 0xff, 0xff, 0xff, 0xff, 0xff, 0xff,
    0xff, 0xff, 0xff, 0xff, 0xff, 0xff, 0xff, 0xff,
    0xff, 0xff, 0xff, 0xff, 0xff, 0xff, 0xff, 0xff,
    0xff, 0xff, 0xff, 0xff, 0xff, 0xff, 0xff, 0xff,
    0xff, 0xff, 0xff, 0xff, 0xff, 0xff, 0xff, 0x20,
    0x00, 0x00, 0x00, 0x00, 0x00, 0x00, 0x00, 0x00,
    0x00, 0x00, 0x00, 0x00, 0x00, 0x00, 0x00, 0x00,
    0x00, 0x00, 0x00, 0x00, 0x00, 0x00, 0x00, 0x00,
    0x00, 0x00, 0x00, 0x00, 0x00, 0x00, 0x00, 0x00,
    0xff, 0xff, 0xff, 0xbf, 0xff, 0xff, 0xff, 0xff,
    0xff, 0xff, 0xff, 0xff, 0xff, 0xff, 0xff, 0xff,
    0xff, 0xff, 0xff, 0xff, 0xff, 0xff, 0xff, 0xff,
    0xff, 0xff, 0xff, 0xff, 0xff, 0xff, 0xff, 0xff,
    0xff, 0xff, 0xff, 0xff, 0xff, 0xff, 0xff, 0xff,
    0xef, 0xef, 0xef, 0xff, 0xe5, 0xe5, 0xe5, 0xff,
    0xdd, 0xdc, 0xdc, 0xff, 0x7c, 0x72, 0x6b, 0xff,
    0x64, 0x57, 0x4f, 0xff, 0x64, 0x57, 0x4f, 0xff,
    0x64, 0x57, 0x4f, 0xff, 0x64, 0x57, 0x4f, 0xff,
    0x64, 0x57, 0x4f, 0xff, 0x64, 0x57, 0x4f, 0xff,
    0x64, 0x57, 0x4f, 0xff, 0x6d, 0x5e, 0x56, 0xff,
    0x7b, 0x6a, 0x62, 0xff, 0x86, 0x73, 0x6a, 0xff,
    0x86, 0x73, 0x6a, 0xff, 0x86, 0x73, 0x6a, 0xff,
    0x86, 0x73, 0x6a, 0xff, 0x86, 0x73, 0x6a, 0xff,
    0x86, 0x73, 0x6a, 0xff, 0x86, 0x73, 0x6a, 0xff,
    0x86, 0x73, 0x6a, 0xff, 0x86, 0x73, 0x6a, 0xff,
    0x86, 0x73, 0x6a, 0xff, 0x86, 0x73, 0x6a, 0xff,
    0x86, 0x73, 0x6a, 0xff, 0x86, 0x73, 0x6a, 0xff,
    0x86, 0x73, 0x6a, 0xff, 0x7b, 0x6a, 0x62, 0xff,
    0x6d, 0x5e, 0x56, 0xff, 0x64, 0x57, 0x4f, 0xff,
    0x64, 0x57, 0x4f, 0xff, 0x64, 0x57, 0x4f, 0xff,
    0x64, 0x57, 0x4f, 0xff, 0x64, 0x57, 0x4f, 0xff,
    0x64, 0x57, 0x4f, 0xff, 0x64, 0x57, 0x4f, 0xff,
    0x7c, 0x72, 0x6b, 0xff, 0xdd, 0xdc, 0xdc, 0xff,
    0xe5, 0xe5, 0xe5, 0xff, 0xef, 0xef, 0xef, 0xff,
    0xff, 0xff, 0xff, 0xff, 0xff, 0xff, 0xff, 0xff,
    0xff, 0xff, 0xff, 0xff, 0xff, 0xff, 0xff, 0xff,
    0xff, 0xff, 0xff, 0xff, 0xff, 0xff, 0xff, 0xff,
    0xff, 0xff, 0xff, 0xff, 0xff, 0xff, 0xff, 0xff,
    0xff, 0xff, 0xff, 0xff, 0xff, 0xff, 0xff, 0xbf,
    0x00, 0x00, 0x00, 0x00, 0x00, 0x00, 0x00, 0x00,
    0x00, 0x00, 0x00, 0x00, 0x00, 0x00, 0x00, 0x00,
    0x00, 0x00, 0x00, 0x00, 0x00, 0x00, 0x00, 0x00,
    0x00, 0x00, 0x00, 0x00, 0xff, 0xff, 0xff, 0x40,
    0xff, 0xff, 0xff, 0xff, 0xff, 0xff, 0xff, 0xff,
    0xff, 0xff, 0xff, 0xff, 0xff, 0xff, 0xff, 0xff,
    0xff, 0xff, 0xff, 0xff, 0xff, 0xff, 0xff, 0xff,
    0xff, 0xff, 0xff, 0xff, 0xff, 0xff, 0xff, 0xff,
    0xff, 0xff, 0xff, 0xff, 0xf4, 0xf4, 0xf4, 0xff,
    0xe5, 0xe5, 0xe5, 0xff, 0xdd, 0xdc, 0xdc, 0xff,
    0x7c, 0x72, 0x6b, 0xff, 0x64, 0x57, 0x4f, 0xff,
    0x64, 0x57, 0x4f, 0xff, 0x64, 0x57, 0x4f, 0xff,
    0x64, 0x57, 0x4f, 0xff, 0x64, 0x57, 0x4f, 0xff,
    0x64, 0x57, 0x4f, 0xff, 0x66, 0x59, 0x51, 0xff,
    0x79, 0x69, 0x60, 0xff, 0x86, 0x73, 0x6a, 0xff,
    0x86, 0x73, 0x6a, 0xff, 0x86, 0x73, 0x6a, 0xff,
    0x86, 0x73, 0x6a, 0xff, 0x86, 0x73, 0x6a, 0xff,
    0x86, 0x73, 0x6a, 0xff, 0x86, 0x73, 0x6a, 0xff,
    0x86, 0x73, 0x6a, 0xff, 0x86, 0x73, 0x6a, 0xff,
    0x86, 0x73, 0x6a, 0xff, 0x86, 0x73, 0x6a, 0xff,
    0x86, 0x73, 0x6a, 0xff, 0x86, 0x73, 0x6a, 0xff,
    0x86, 0x73, 0x6a, 0xff, 0x86, 0x73, 0x6a, 0xff,
    0x86, 0x73, 0x6a, 0xff, 0x86, 0x73, 0x6a, 0xff,
    0x86, 0x73, 0x6a, 0xff, 0x79, 0x69, 0x60, 0xff,
    0x66, 0x59, 0x51, 0xff, 0x64, 0x57, 0x4f, 0xff,
    0x64, 0x57, 0x4f, 0xff, 0x64, 0x57, 0x4f, 0xff,
    0x64, 0x57, 0x4f, 0xff, 0x64, 0x57, 0x4f, 0xff,
    0x64, 0x57, 0x4f, 0xff, 0x7c, 0x72, 0x6b, 0xff,
    0xdd, 0xdc, 0xdc, 0xff, 0xe5, 0xe5, 0xe5, 0xff,
    0xf4, 0xf4, 0xf4, 0xff, 0xff, 0xff, 0xff, 0xff,
    0xff, 0xff, 0xff, 0xff, 0xff, 0xff, 0xff, 0xff,
    0xff, 0xff, 0xff, 0xff, 0xff, 0xff, 0xff, 0xff,
    0xff, 0xff, 0xff, 0xff, 0xff, 0xff, 0xff, 0xff,
    0xff, 0xff, 0xff, 0xff, 0xff, 0xff, 0xff, 0xff,
    0xff, 0xff, 0xff, 0x40, 0x00, 0x00, 0x00, 0x00,
    0x00, 0x00, 0x00, 0x00, 0x00, 0x00, 0x00, 0x00,
    0x00, 0x00, 0x00, 0x00, 0x00, 0x00, 0x00, 0x00,
    0x00, 0x00, 0x00, 0x00, 0xff, 0xff, 0xff, 0xbf,
    0xff, 0xff, 0xff, 0xff, 0xff, 0xff, 0xff, 0xff,
    0xff, 0xff, 0xff, 0xff, 0xff, 0xff, 0xff, 0xff,
    0xff, 0xff, 0xff, 0xff, 0xff, 0xff, 0xff, 0xff,
    0xff, 0xff, 0xff, 0xff, 0xff, 0xff, 0xff, 0xff,
    0xfa, 0xfa, 0xfa, 0xff, 0xe5, 0xe5, 0xe5, 0xff,
    0xe5, 0xe5, 0xe5, 0xff, 0x94, 0x8c, 0x87, 0xff,
    0x64, 0x57, 0x4f, 0xff, 0x64, 0x57, 0x4f, 0xff,
    0x64, 0x57, 0x4f, 0xff, 0x64, 0x57, 0x4f, 0xff,
    0x64, 0x57, 0x4f, 0xff, 0x64, 0x57, 0x4f, 0xff,
    0x6d, 0x5e, 0x56, 0xff, 0x84, 0x71, 0x68, 0xff,
    0x86, 0x73, 0x6a, 0xff, 0x86, 0x73, 0x6a, 0xff,
    0x86, 0x73, 0x6a, 0xff, 0x86, 0x73, 0x6a, 0xff,
    0x86, 0x73, 0x6a, 0xff, 0x86, 0x73, 0x6a, 0xff,
    0x86, 0x73, 0x6a, 0xff, 0x86, 0x73, 0x6a, 0xff,
    0x86, 0x73, 0x6a, 0xff, 0x86, 0x73, 0x6a, 0xff,
    0x86, 0x73, 0x6a, 0xff, 0x86, 0x73, 0x6a, 0xff,
    0x86, 0x73, 0x6a, 0xff, 0x86, 0x73, 0x6a, 0xff,
    0x86, 0x73, 0x6a, 0xff, 0x86, 0x73, 0x6a, 0xff,
    0x86, 0x73, 0x6a, 0xff, 0x86, 0x73, 0x6a, 0xff,
    0x86, 0x73, 0x6a, 0xff, 0x86, 0x73, 0x6a, 0xff,
    0x84, 0x71, 0x68, 0xff, 0x6d, 0x5e, 0x56, 0xff,
    0x64, 0x57, 0x4f, 0xff, 0x64, 0x57, 0x4f, 0xff,
    0x64, 0x57, 0x4f, 0xff, 0x64, 0x57, 0x4f, 0xff,
    0x64, 0x57, 0x4f, 0xff, 0x64, 0x57, 0x4f, 0xff,
    0x94, 0x8c, 0x87, 0xff, 0xe5, 0xe5, 0xe5, 0xff,
    0xe5, 0xe5, 0xe5, 0xff, 0xfa, 0xfa, 0xfa, 0xff,
    0xff, 0xff, 0xff, 0xff, 0xff, 0xff, 0xff, 0xff,
    0xff, 0xff, 0xff, 0xff, 0xff, 0xff, 0xff, 0xff,
    0xff, 0xff, 0xff, 0xff, 0xff, 0xff, 0xff, 0xff,
    0xff, 0xff, 0xff, 0xff, 0xff, 0xff, 0xff, 0xff,
    0xff, 0xff, 0xff, 0xbf, 0x00, 0x00, 0x00, 0x00,
    0x00, 0x00, 0x00, 0x00, 0x00, 0x00, 0x00, 0x00,
    0x00, 0x00, 0x00, 0x00, 0x00, 0x00, 0x00, 0x00,
    0xff, 0xff, 0xff, 0x20, 0xff, 0xff, 0xff, 0xff,
    0xff, 0xff, 0xff, 0xff, 0xff, 0xff, 0xff, 0xff,
    0xff, 0xff, 0xff, 0xff, 0xff, 0xff, 0xff, 0xff,
    0xff, 0xff, 0xff, 0xff, 0xff, 0xff, 0xff, 0xff,
    0xff, 0xff, 0xff, 0xff, 0xff, 0xff, 0xff, 0xff,
    0xea, 0xea, 0xea, 0xff, 0xe5, 0xe5, 0xe5, 0xff,
    0xbd, 0xb9, 0xb6, 0xff, 0x64, 0x57, 0x4f, 0xff,
    0x64, 0x57, 0x4f, 0xff, 0x64, 0x57, 0x4f, 0xff,
    0x64, 0x57, 0x4f, 0xff, 0x64, 0x57, 0x4f, 0xff,
    0x64, 0x57, 0x4f, 0xff, 0x71, 0x62, 0x59, 0xff,
    0x86, 0x73, 0x6a, 0xff, 0x86, 0x73, 0x6a, 0xff,
    0x86, 0x73, 0x6a, 0xff, 0x86, 0x73, 0x6a, 0xff,
    0x86, 0x73, 0x6a, 0xff, 0x86, 0x73, 0x6a, 0xff,
    0x86, 0x73, 0x6a, 0xff, 0x86, 0x73, 0x6a, 0xff,
    0x86, 0x73, 0x6a, 0xff, 0x86, 0x73, 0x6a, 0xff,
    0x86, 0x73, 0x6a, 0xff, 0x86, 0x73, 0x6a, 0xff,
    0x86, 0x73, 0x6a, 0xff, 0x86, 0x73, 0x6a, 0xff,
    0x86, 0x73, 0x6a, 0xff, 0x86, 0x73, 0x6a, 0xff,
    0x86, 0x73, 0x6a, 0xff, 0x86, 0x73, 0x6a, 0xff,
    0x86, 0x73, 0x6a, 0xff, 0x86, 0x73, 0x6a, 0xff,
    0x86, 0x73, 0x6a, 0xff, 0x86, 0x73, 0x6a, 0xff,
    0x86, 0x73, 0x6a, 0xff, 0x86, 0x73, 0x6a, 0xff,
    0x71, 0x62, 0x59, 0xff, 0x64, 0x57, 0x4f, 0xff,
    0x64, 0x57, 0x4f, 0xff, 0x64, 0x57, 0x4f, 0xff,
    0x64, 0x57, 0x4f, 0xff, 0x64, 0x57, 0x4f, 0xff,
    0x64, 0x57, 0x4f, 0xff, 0xbd, 0xb9, 0xb6, 0xff,
    0xe5, 0xe5, 0xe5, 0xff, 0xea, 0xea, 0xea, 0xff,
    0xff, 0xff, 0xff, 0xff, 0xff, 0xff, 0xff, 0xff,
    0xff, 0xff, 0xff, 0xff, 0xff, 0xff, 0xff, 0xff,
    0xff, 0xff, 0xff, 0xff, 0xff, 0xff, 0xff, 0xff,
    0xff, 0xff, 0xff, 0xff, 0xff, 0xff, 0xff, 0xff,
    0xff, 0xff, 0xff, 0xff, 0xff, 0xff, 0xff, 0x20,
    0x00, 0x00, 0x00, 0x00, 0x00, 0x00, 0x00, 0x00,
    0x00, 0x00, 0x00, 0x00, 0x00, 0x00, 0x00, 0x00,
    0xff, 0xff, 0xff, 0x9f, 0xff, 0xff, 0xff, 0xff,
    0xff, 0xff, 0xff, 0xff, 0xff, 0xff, 0xff, 0xff,
    0xff, 0xff, 0xff, 0xff, 0xff, 0xff, 0xff, 0xff,
    0xff, 0xff, 0xff, 0xff, 0xff, 0xff, 0xff, 0xff,
    0xff, 0xff, 0xff, 0xff, 0xf5, 0xf5, 0xf5, 0xff,
    0xe5, 0xe5, 0xe5, 0xff, 0xdd, 0xdc, 0xdc, 0xff,
    0x6c, 0x60, 0x58, 0xff, 0x64, 0x57, 0x4f, 0xff,
    0x64, 0x57, 0x4f, 0xff, 0x64, 0x57, 0x4f, 0xff,
    0x64, 0x57, 0x4f, 0xff, 0x64, 0x57, 0x4f, 0xff,
    0x71, 0x62, 0x59, 0xff, 0x86, 0x73, 0x6a, 0xff,
    0x86, 0x73, 0x6a, 0xff, 0x86, 0x73, 0x6a, 0xff,
    0x86, 0x73, 0x6a, 0xff, 0x86, 0x73, 0x6a, 0xff,
    0x86, 0x73, 0x6a, 0xff, 0x86, 0x73, 0x6a, 0xff,
    0x86, 0x73, 0x6a, 0xff, 0x86, 0x73, 0x6a, 0xff,
    0x86, 0x73, 0x6a, 0xff, 0x86, 0x73, 0x6a, 0xff,
    0x86, 0x73, 0x6a, 0xff, 0x86, 0x73, 0x6a, 0xff,
    0x86, 0x73, 0x6a, 0xff, 0x86, 0x73, 0x6a, 0xff,
    0x86, 0x73, 0x6a, 0xff, 0x86, 0x73, 0x6a, 0xff,
    0x86, 0x73, 0x6a, 0xff, 0x86, 0x73, 0x6a, 0xff,
    0x86, 0x73, 0x6a, 0xff, 0x86, 0x73, 0x6a, 0xff,
    0x86, 0x73, 0x6a, 0xff, 0x86, 0x73, 0x6a, 0xff,
    0x86, 0x73, 0x6a, 0xff, 0x86, 0x73, 0x6a, 0xff,
    0x86, 0x73, 0x6a, 0xff, 0x71, 0x62, 0x59, 0xff,
    0x64, 0x57, 0x4f, 0xff, 0x64, 0x57, 0x4f, 0xff,
    0x64, 0x57, 0x4f, 0xff, 0x64, 0x57, 0x4f, 0xff,
    0x64, 0x57, 0x4f, 0xff, 0x6c, 0x60, 0x58, 0xff,
    0xdd, 0xdc, 0xdc, 0xff, 0xe5, 0xe5, 0xe5, 0xff,
    0xf5, 0xf5, 0xf5, 0xff, 0xff, 0xff, 0xff, 0xff,
    0xff, 0xff, 0xff, 0xff, 0xff, 0xff, 0xff, 0xff,
    0xff, 0xff, 0xff, 0xff, 0xff, 0xff, 0xff, 0xff,
    0xff, 0xff, 0xff, 0xff, 0xff, 0xff, 0xff, 0xff,
    0xff, 0xff, 0xff, 0xff, 0xff, 0xff, 0xff, 0x9f,
    0x00, 0x00, 0x00, 0x00, 0x00, 0x00, 0x00, 0x00,
    0x00, 0x00, 0x00, 0x00, 0x00, 0x00, 0x00, 0x00,
    0xff, 0xff, 0xff, 0xef, 0xff, 0xff, 0xff, 0xff,
    0xff, 0xff, 0xff, 0xff, 0xff, 0xff, 0xff, 0xff,
    0xff, 0xff, 0xff, 0xff, 0xff, 0xff, 0xff, 0xff,
    0xff, 0xff, 0xff, 0xff, 0xff, 0xff, 0xff, 0xff,
    0xff, 0xff, 0xff, 0xff, 0xe8, 0xe8, 0xe8, 0xff,
    0xe5, 0xe5, 0xe5, 0xff, 0x94, 0x8c, 0x87, 0xff,
    0x64, 0x57, 0x4f, 0xff, 0x64, 0x57, 0x4f, 0xff,
    0x64, 0x57, 0x4f, 0xff, 0x64, 0x57, 0x4f, 0xff,
    0x64, 0x57, 0x4f, 0xff, 0x6d, 0x5e, 0x56, 0xff,
    0x86, 0x73, 0x6a, 0xff, 0x86, 0x73, 0x6a, 0xff,
    0x86, 0x73, 0x6a, 0xff, 0x86, 0x73, 0x6a, 0xff,
    0x86, 0x73, 0x6a, 0xff, 0x86, 0x73, 0x6a, 0xff,
    0x86, 0x73, 0x6a, 0xff, 0x86, 0x73, 0x6a, 0xff,
    0x86, 0x73, 0x6a, 0xff, 0x86, 0x73, 0x6a, 0xff,
    0x86, 0x73, 0x6a, 0xff, 0x86, 0x73, 0x6a, 0xff,
    0x86, 0x73, 0x6a, 0xff, 0x86, 0x73, 0x6a, 0xff,
    0x86, 0x73, 0x6a, 0xff, 0x86, 0x73, 0x6a, 0xff,
    0x86, 0x73, 0x6a, 0xff, 0x86, 0x73, 0x6a, 0xff,
    0x86, 0x73, 0x6a, 0xff, 0x86, 0x73, 0x6a, 0xff,
    0x86, 0x73, 0x6a, 0xff, 0x86, 0x73, 0x6a, 0xff,
    0x86, 0x73, 0x6a, 0xff, 0x86, 0x73, 0x6a, 0xff,
    0x86, 0x73, 0x6a, 0xff, 0x86, 0x73, 0x6a, 0xff,
    0x86, 0x73, 0x6a, 0xff, 0x86, 0x73, 0x6a, 0xff,
    0x6d, 0x5e, 0x56, 0xff, 0x64, 0x57, 0x4f, 0xff,
    0x64, 0x57, 0x4f, 0xff, 0x64, 0x57, 0x4f, 0xff,
    0x64, 0x57, 0x4f, 0xff, 0x64, 0x57, 0x4f, 0xff,
    0x94, 0x8c, 0x87, 0xff, 0xe5, 0xe5, 0xe5, 0xff,
    0xe8, 0xe8, 0xe8, 0xff, 0xff, 0xff, 0xff, 0xff,
    0xff, 0xff, 0xff, 0xff, 0xff, 0xff, 0xff, 0xff,
    0xff, 0xff, 0xff, 0xff, 0xff, 0xff, 0xff, 0xff,
    0xff, 0xff, 0xff, 0xff, 0xff, 0xff, 0xff, 0xff,
    0xff, 0xff, 0xff, 0xff, 0xff, 0xff, 0xff, 0xef,
    0x00, 0x00, 0x00, 0x00, 0x00, 0x00, 0x00, 0x00,
    0x00, 0x00, 0x00, 0x00, 0xff, 0xff, 0xff, 0x50,
    0xff, 0xff, 0xff, 0xff, 0xff, 0xff, 0xff, 0xff,
    0xff, 0xff, 0xff, 0xff, 0xff, 0xff, 0xff, 0xff,
    0xff, 0xff, 0xff, 0xff, 0xff, 0xff, 0xff, 0xff,
    0xff, 0xff, 0xff, 0xff, 0xff, 0xff, 0xff, 0xff,
    0xf5, 0xf5, 0xf5, 0xff, 0xe5, 0xe5, 0xe5, 0xff,
    0xd5, 0xd3, 0xd2, 0xff, 0x64, 0x57, 0x4f, 0xff,
    0x64, 0x57, 0x4f, 0xff, 0x64, 0x57, 0x4f, 0xff,
    0x64, 0x57, 0x4f, 0xff, 0x64, 0x57, 0x4f, 0xff,
    0x66, 0x59, 0x51, 0xff, 0x84, 0x71, 0x68, 0xff,
    0x86, 0x73, 0x6a, 0xff, 0x86, 0x73, 0x6a, 0xff,
    0x86, 0x73, 0x6a, 0xff, 0x86, 0x73, 0x6a, 0xff,
    0x86, 0x73, 0x6a, 0xff, 0x86, 0x73, 0x6a, 0xff,
    0x86, 0x73, 0x6a, 0xff, 0x86, 0x73, 0x6a, 0xff,
    0x86, 0x73, 0x6a, 0xff, 0x86, 0x73, 0x6a, 0xff,
    0x86, 0x73, 0x6a, 0xff, 0x86, 0x73, 0x6a, 0xff,
    0x86, 0x73, 0x6a, 0xff, 0x86, 0x73, 0x6a, 0xff,
    0x86, 0x73, 0x6a, 0xff, 0x86, 0x73, 0x6a, 0xff,
    0x86, 0x73, 0x6a, 0xff, 0x86, 0x73, 0x6a, 0xff,
    0x86, 0x73, 0x6a, 0xff, 0x86, 0x73, 0x6a, 0xff,
    0x86, 0x73, 0x6a, 0xff, 0x86, 0x73, 0x6a, 0xff,
    0x86, 0x73, 0x6a, 0xff, 0x86, 0x73, 0x6a, 0xff,
    0x86, 0x73, 0x6a, 0xff, 0x86, 0x73, 0x6a, 0xff,
    0x86, 0x73, 0x6a, 0xff, 0x86, 0x73, 0x6a, 0xff,
    0x84, 0x71, 0x68, 0xff, 0x66, 0x59, 0x51, 0xff,
    0x64, 0x57, 0x4f, 0xff, 0x64, 0x57, 0x4f, 0xff,
    0x64, 0x57, 0x4f, 0xff, 0x64, 0x57, 0x4f, 0xff,
    0x64, 0x57, 0x4f, 0xff, 0xd5, 0xd3, 0xd2, 0xff,
    0xe5, 0xe5, 0xe5, 0xff, 0xf5, 0xf5, 0xf5, 0xff,
    0xff, 0xff, 0xff, 0xff, 0xff, 0xff, 0xff, 0xff,
    0xff, 0xff, 0xff, 0xff, 0xff, 0xff, 0xff, 0xff,
    0xff, 0xff, 0xff, 0xff, 0xff, 0xff, 0xff, 0xff,
    0xff, 0xff, 0xff, 0xff, 0xff, 0xff, 0xff, 0xff,
    0xff, 0xff, 0xff, 0x50, 0x00, 0x00, 0x00, 0x00,
    0x00, 0x00, 0x00, 0x00, 0xff, 0xff, 0xff, 0x9f,
    0xff, 0xff, 0xff, 0xff, 0xff, 0xff, 0xff, 0xff,
    0xff, 0xff, 0xff, 0xff, 0xff, 0xff, 0xff, 0xff,
    0xff, 0xff, 0xff, 0xff, 0xff, 0xff, 0xff, 0xff,
    0xff, 0xff, 0xff, 0xff, 0xff, 0xff, 0xff, 0xff,
    0xea, 0xea, 0xea, 0xff, 0xe5, 0xe5, 0xe5, 0xff,
    0x94, 0x8c, 0x87, 0xff, 0x64, 0x57, 0x4f, 0xff,
    0x64, 0x57, 0x4f, 0xff, 0x64, 0x57, 0x4f, 0xff,
    0x64, 0x57, 0x4f, 0xff, 0x64, 0x57, 0x4f, 0xff,
    0x79, 0x69, 0x60, 0xff, 0x86, 0x73, 0x6a, 0xff,
    0x86, 0x73, 0x6a, 0xff, 0x86, 0x73, 0x6a, 0xff,
    0x86, 0x73, 0x6a, 0xff, 0x86, 0x73, 0x6a, 0xff,
    0x86, 0x73, 0x6a, 0xff, 0x86, 0x73, 0x6a, 0xff,
    0x86, 0x73, 0x6a, 0xff, 0x86, 0x73, 0x6a, 0xff,
    0x86, 0x73, 0x6a, 0xff, 0x86, 0x73, 0x6a, 0xff,
    0x86, 0x73, 0x6a, 0xff, 0x86, 0x73, 0x6a, 0xff,
    0x86, 0x73, 0x6a, 0xff, 0x86, 0x73, 0x6a, 0xff,
    0x86, 0x73, 0x6a, 0xff, 0x86, 0x73, 0x6a, 0xff,
    0x86, 0x73, 0x6a, 0xff, 0x8e, 0x7c, 0x73, 0xff,
    0xd2, 0xcb, 0xc7, 0xff, 0xf7, 0xf6, 0xf6, 0xff,
    0xff, 0xff, 0xff, 0xff, 0xe8, 0xe5, 0xe3, 0xff,
    0xac, 0x9f, 0x99, 0xff, 0x86, 0x73, 0x6a, 0xff,
    0x86, 0x73, 0x6a, 0xff, 0x86, 0x73, 0x6a, 0xff,
    0x86, 0x73, 0x6a, 0xff, 0x86, 0x73, 0x6a, 0xff,
    0x86, 0x73, 0x6a, 0xff, 0x79, 0x69, 0x60, 0xff,
    0x64, 0x57, 0x4f, 0xff, 0x64, 0x57, 0x4f, 0xff,
    0x64, 0x57, 0x4f, 0xff, 0x64, 0x57, 0x4f, 0xff,
    0x64, 0x57, 0x4f, 0xff, 0x94, 0x8c, 0x87, 0xff,
    0xe5, 0xe5, 0xe5, 0xff, 0xea, 0xea, 0xea, 0xff,
    0xff, 0xff, 0xff, 0xff, 0xff, 0xff, 0xff, 0xff,
    0xff, 0xff, 0xff, 0xff, 0xff, 0xff, 0xff, 0xff,
    0xff, 0xff, 0xff, 0xff, 0xff, 0xff, 0xff, 0xff,
    0xff, 0xff, 0xff, 0xff, 0xff, 0xff, 0xff, 0xff,
    0xff, 0xff, 0xff, 0x9f, 0x00, 0x00, 0x00, 0x00,
    0x00, 0x00, 0x00, 0x00, 0xff, 0xff, 0xff, 0xef,
    0xff, 0xff, 0xff, 0xff, 0xff, 0xff, 0xff, 0xff,
    0xff, 0xff, 0xff, 0xff, 0xff, 0xff, 0xff, 0xff,
    0xff, 0xff, 0xff, 0xff, 0xff, 0xff, 0xff, 0xff,
    0xff, 0xff, 0xff, 0xff, 0xfa, 0xfa, 0xfa, 0xff,
    0xe5, 0xe5, 0xe5, 0xff, 0xdd, 0xdc, 0xdc, 0xff,
    0x6c, 0x60, 0x58, 0xff, 0x64, 0x57, 0x4f, 0xff,
    0x64, 0x57, 0x4f, 0xff, 0x64, 0x57, 0x4f, 0xff,
    0x64, 0x57, 0x4f, 0xff, 0x6d, 0x5e, 0x56, 0xff,
    0x86, 0x73, 0x6a, 0xff, 0x86, 0x73, 0x6a, 0xff,
    0x86, 0x73, 0x6a, 0xff, 0x86, 0x73, 0x6a, 0xff,
    0x86, 0x73, 0x6a, 0xff, 0x86, 0x73, 0x6a, 0xff,
    0x86, 0x73, 0x6a, 0xff, 0x86, 0x73, 0x6a, 0xff,
    0x86, 0x73, 0x6a, 0xff, 0x86, 0x73, 0x6a, 0xff,
    0x86, 0x73, 0x6a, 0xff, 0x86, 0x73, 0x6a, 0xff,
    0x86, 0x73, 0x6a, 0xff, 0x86, 0x73, 0x6a, 0xff,
    0x86, 0x73, 0x6a, 0xff, 0x86, 0x73, 0x6a, 0xff,
    0x86, 0x73, 0x6a, 0xff, 0x86, 0x73, 0x6a, 0xff,
    0x8e, 0x7c, 0x73, 0xff, 0xe8, 0xe5, 0xe3, 0xff,
    0xff, 0xff, 0xff, 0xff, 0xff, 0xff, 0xff, 0xff,
    0xff, 0xff, 0xff, 0xff, 0xff, 0xff, 0xff, 0xff,
    0xff, 0xff, 0xff, 0xff, 0xb3, 0xa8, 0xa2, 0xff,
    0x86, 0x73, 0x6a, 0xff, 0x86, 0x73, 0x6a, 0xff,
    0x86, 0x73, 0x6a, 0xff, 0x86, 0x73, 0x6a, 0xff,
    0x86, 0x73, 0x6a, 0xff, 0x86, 0x73, 0x6a, 0xff,
    0x6d, 0x5e, 0x56, 0xff, 0x64, 0x57, 0x4f, 0xff,
    0x64, 0x57, 0x4f, 0xff, 0x64, 0x57, 0x4f, 0xff,
    0x64, 0x57, 0x4f, 0xff, 0x6c, 0x60, 0x58, 0xff,
    0xdd, 0xdc, 0xdc, 0xff, 0xe5, 0xe5, 0xe5, 0xff,
    0xfa, 0xfa, 0xfa, 0xff, 0xff, 0xff, 0xff, 0xff,
    0xff, 0xff, 0xff, 0xff, 0xff, 0xff, 0xff, 0xff,
    0xff, 0xff, 0xff, 0xff, 0xff, 0xff, 0xff, 0xff,
    0xff, 0xff, 0xff, 0xff, 0xff, 0xff, 0xff, 0xff,
    0xff, 0xff, 0xff, 0xef, 0x00, 0x00, 0x00, 0x00,
    0xff, 0xff, 0xff, 0x20, 0xff, 0xff, 0xff, 0xff,
    0xff, 0xff, 0xff, 0xff, 0xff, 0xff, 0xff, 0xff,
    0xff, 0xff, 0xff, 0xff, 0xff, 0xff, 0xff, 0xff,
    0xff, 0xff, 0xff, 0xff, 0xff, 0xff, 0xff, 0xff,
    0xff, 0xff, 0xff, 0xff, 0xf0, 0xf0, 0xf0, 0xff,
    0xe5, 0xe5, 0xe5, 0xff, 0xb5, 0xb0, 0xad, 0xff,
    0x64, 0x57, 0x4f, 0xff, 0x64, 0x57, 0x4f, 0xff,
    0x64, 0x57, 0x4f, 0xff, 0x64, 0x57, 0x4f, 0xff,
    0x64, 0x57, 0x4f, 0xff, 0x7b, 0x6a, 0x62, 0xff,
    0x86, 0x73, 0x6a, 0xff, 0x86, 0x73, 0x6a, 0xff,
    0x86, 0x73, 0x6a, 0xff, 0x86, 0x73, 0x6a, 0xff,
    0x86, 0x73, 0x6a, 0xff, 0x86, 0x73, 0x6a, 0xff,
    0x86, 0x73, 0x6a, 0xff, 0x86, 0x73, 0x6a, 0xff,
    0x86, 0x73, 0x6a, 0xff, 0x86, 0x73, 0x6a, 0xff,
    0x86, 0x73, 0x6a, 0xff, 0x86, 0x73, 0x6a, 0xff,
    0x86, 0x73, 0x6a, 0xff, 0x86, 0x73, 0x6a, 0xff,
    0x86, 0x73, 0x6a, 0xff, 0x86, 0x73, 0x6a, 0xff,
    0x86, 0x73, 0x6a, 0xff, 0x86, 0x73, 0x6a, 0xff,
    0xc3, 0xb9, 0xb5, 0xff, 0xff, 0xff, 0xff, 0xff,
    0xff, 0xff, 0xff, 0xff, 0xff, 0xff, 0xff, 0xff,
    0xff, 0xff, 0xff, 0xff, 0xff, 0xff, 0xff, 0xff,
    0xff, 0xff, 0xff, 0xff, 0xf7, 0xf6, 0xf6, 0xff,
    0x86, 0x73, 0x6a, 0xff, 0x86, 0x73, 0x6a, 0xff,
    0x86, 0x73, 0x6a, 0xff, 0x86, 0x73, 0x6a, 0xff,
    0x86, 0x73, 0x6a, 0xff, 0x86, 0x73, 0x6a, 0xff,
    0x7b, 0x6a, 0x62, 0xff, 0x64, 0x57, 0x4f, 0xff,
    0x64, 0x57, 0x4f, 0xff, 0x64, 0x57, 0x4f, 0xff,
    0x64, 0x57, 0x4f, 0xff, 0x64, 0x57, 0x4f, 0xff,
    0xb5, 0xb0, 0xad, 0xff, 0xe5, 0xe5, 0xe5, 0xff,
    0xf0, 0xf0, 0xf0, 0xff, 0xff, 0xff, 0xff, 0xff,
    0xff, 0xff, 0xff, 0xff, 0xff, 0xff, 0xff, 0xff,
    0xff, 0xff, 0xff, 0xff, 0xff, 0xff, 0xff, 0xff,
    0xff, 0xff, 0xff, 0xff, 0xff, 0xff, 0xff, 0xff,
    0xff, 0xff, 0xff, 0xff, 0xff, 0xff, 0xff, 0x20,
    0xff, 0xff, 0xff, 0x60, 0xff, 0xff, 0xff, 0xff,
    0xff, 0xff, 0xff, 0xff, 0xff, 0xff, 0xff, 0xff,
    0xff, 0xff, 0xff, 0xff, 0xff, 0xff, 0xff, 0xff,
    0xff, 0xff, 0xff, 0xff, 0xff, 0xff, 0xff, 0xff,
    0xff, 0xff, 0xff, 0xff, 0xea, 0xea, 0xea, 0xff,
    0xe5, 0xe5, 0xe5, 0xff, 0x8c, 0x83, 0x7e, 0xff,
    0x64, 0x57, 0x4f, 0xff, 0x64, 0x57, 0x4f, 0xff,
    0x64, 0x57, 0x4f, 0xff, 0x64, 0x57, 0x4f, 0xff,
    0x68, 0x5b, 0x52, 0xff, 0x86, 0x73, 0x6a, 0xff,
    0x86, 0x73, 0x6a, 0xff, 0x86, 0x73, 0x6a, 0xff,
    0x86, 0x73, 0x6a, 0xff, 0x86, 0x73, 0x6a, 0xff,
    0x86, 0x73, 0x6a, 0xff, 0x86, 0x73, 0x6a, 0xff,
    0x86, 0x73, 0x6a, 0xff, 0x86, 0x73, 0x6a, 0xff,
    0x86, 0x73, 0x6a, 0xff, 0x86, 0x73, 0x6a, 0xff,
    0x86, 0x73, 0x6a, 0xff, 0x86, 0x73, 0x6a, 0xff,
    0x86, 0x73, 0x6a, 0xff, 0x79, 0x69, 0x60, 0xff,
    0x6f, 0x60, 0x57, 0xff, 0x6d, 0x5e, 0x56, 0xff,
    0x6d, 0x5e, 0x56, 0xff, 0x6f, 0x60, 0x57, 0xff,
    0xde, 0xda, 0xd7, 0xff, 0xff, 0xff, 0xff, 0xff,
    0xff, 0xff, 0xff, 0xff, 0xff, 0xff, 0xff, 0xff,
    0xff, 0xff, 0xff, 0xff, 0xff, 0xff, 0xff, 0xff,
    0xff, 0xff, 0xff, 0xff, 0xff, 0xff, 0xff, 0xff,
    0xa4, 0x96, 0x8f, 0xff, 0x86, 0x73, 0x6a, 0xff,
    0x86, 0x73, 0x6a, 0xff, 0x86, 0x73, 0x6a, 0xff,
    0x86, 0x73, 0x6a, 0xff, 0x86, 0x73, 0x6a, 0xff,
    0x86, 0x73, 0x6a, 0xff, 0x68, 0x5b, 0x52, 0xff,
    0x64, 0x57, 0x4f, 0xff, 0x64, 0x57, 0x4f, 0xff,
    0x64, 0x57, 0x4f, 0xff, 0x64, 0x57, 0x4f, 0xff,
    0x8c, 0x83, 0x7e, 0xff, 0xe5, 0xe5, 0xe5, 0xff,
    0xea, 0xea, 0xea, 0xff, 0xff, 0xff, 0xff, 0xff,
    0xff, 0xff, 0xff, 0xff, 0xff, 0xff, 0xff, 0xff,
    0xff, 0xff, 0xff, 0xff, 0xff, 0xff, 0xff, 0xff,
    0xff, 0xff, 0xff, 0xff, 0xff, 0xff, 0xff, 0xff,
    0xff, 0xff, 0xff, 0xff, 0xff, 0xff, 0xff, 0x60,
    0xff, 0xff, 0xff, 0x80, 0xff, 0xff, 0xff, 0xff,
    0xff, 0xff, 0xff, 0xff, 0xff, 0xff, 0xff, 0xff,
    0xff, 0xff, 0xff, 0xff, 0xff, 0xff, 0xff, 0xff,
    0xff, 0xff, 0xff, 0xff, 0xff, 0xff, 0xff, 0xff,
    0xfd, 0xfd, 0xfd, 0xff, 0xe5, 0xe5, 0xe5, 0xff,
    0xe5, 0xe5, 0xe5, 0xff, 0x6c, 0x60, 0x58, 0xff,
    0x64, 0x57, 0x4f, 0xff, 0x64, 0x57, 0x4f, 0xff,
    0x64, 0x57, 0x4f, 0xff, 0x64, 0x57, 0x4f, 0xff,
    0x73, 0x63, 0x5b, 0xff, 0x86, 0x73, 0x6a, 0xff,
    0x86, 0x73, 0x6a, 0xff, 0x86, 0x73, 0x6a, 0xff,
    0x86, 0x73, 0x6a, 0xff, 0x86, 0x73, 0x6a, 0xff,
    0x86, 0x73, 0x6a, 0xff, 0x86, 0x73, 0x6a, 0xff,
    0x86, 0x73, 0x6a, 0xff, 0x86, 0x73, 0x6a, 0xff,
    0x86, 0x73, 0x6a, 0xff, 0x86, 0x73, 0x6a, 0xff,
    0x86, 0x73, 0x6a, 0xff, 0x80, 0x6e, 0x65, 0xff,
    0x68, 0x5b, 0x52, 0xff, 0x64, 0x57, 0x4f, 0xff,
    0x64, 0x57, 0x4f, 0xff, 0x64, 0x57, 0x4f, 0xff,
    0x64, 0x57, 0x4f, 0xff, 0x64, 0x57, 0x4f, 0xff,
    0xd8, 0xd5, 0xd3, 0xff, 0xff, 0xff, 0xff, 0xff,
    0xff, 0xff, 0xff, 0xff, 0xff, 0xff, 0xff, 0xff,
    0xff, 0xff, 0xff, 0xff, 0xff, 0xff, 0xff, 0xff,
    0xff, 0xff, 0xff, 0xff, 0xff, 0xff, 0xff, 0xff,
    0xa4, 0x96, 0x8f, 0xff, 0x86, 0x73, 0x6a, 0xff,
    0x86, 0x73, 0x6a, 0xff, 0x86, 0x73, 0x6a, 0xff,
    0x86, 0x73, 0x6a, 0xff, 0x86, 0x73, 0x6a, 0xff,
    0x86, 0x73, 0x6a, 0xff, 0x73, 0x63, 0x5b, 0xff,
    0x64, 0x57, 0x4f, 0xff, 0x64, 0x57, 0x4f, 0xff,
    0x64, 0x57, 0x4f, 0xff, 0x64, 0x57, 0x4f, 0xff,
    0x6c, 0x60, 0x58, 0xff, 0xe5, 0xe5, 0xe5, 0xff,
    0xe5, 0xe5, 0xe5, 0xff, 0xfd, 0xfd, 0xfd, 0xff,
    0xff, 0xff, 0xff, 0xff, 0xff, 0xff, 0xff, 0xff,
    0xff, 0xff, 0xff, 0xff, 0xff, 0xff, 0xff, 0xff,
    0xff, 0xff, 0xff, 0xff, 0xff, 0xff, 0xff, 0xff,
    0xff, 0xff, 0xff, 0xff, 0xff, 0xff, 0xff, 0x80,
    0xff, 0xff, 0xff, 0xaf, 0xff, 0xff, 0xff, 0xff,
    0xff, 0xff, 0xff, 0xff, 0xff, 0xff, 0xff, 0xff,
    0xff, 0xff, 0xff, 0xff, 0xff, 0xff, 0xff, 0xff,
    0xff, 0xff, 0xff, 0xff, 0xff, 0xff, 0xff, 0xff,
    0xf9, 0xf9, 0xf9, 0xff, 0xe5, 0xe5, 0xe5, 0xff,
    0xcd, 0xca, 0xc9, 0xff, 0x64, 0x57, 0x4f, 0xff,
    0x64, 0x57, 0x4f, 0xff, 0x64, 0x57, 0x4f, 0xff,
    0x64, 0x57, 0x4f, 0xff, 0x64, 0x57, 0x4f, 0xff,
    0x7e, 0x6c, 0x63, 0xff, 0x86, 0x73, 0x6a, 0xff,
    0x86, 0x73, 0x6a, 0xff, 0x86, 0x73, 0x6a, 0xff,
    0x86, 0x73, 0x6a, 0xff, 0x86, 0x73, 0x6a, 0xff,
    0x86, 0x73, 0x6a, 0xff, 0x86, 0x73, 0x6a, 0xff,
    0x86, 0x73, 0x6a, 0xff, 0x86, 0x73, 0x6a, 0xff,
    0x86, 0x73, 0x6a, 0xff, 0x86, 0x73, 0x6a, 0xff,
    0x80, 0x6e, 0x65, 0xff, 0x66, 0x59, 0x51, 0xff,
    0x64, 0x57, 0x4f, 0xff, 0x64, 0x57, 0x4f, 0xff,
    0x64, 0x57, 0x4f, 0xff, 0x64, 0x57, 0x4f, 0xff,
    0x64, 0x57, 0x4f, 0xff, 0x64, 0x57, 0x4f, 0xff,
    0xbb, 0xb6, 0xb2, 0xff, 0xff, 0xff, 0xff, 0xff,
    0xff, 0xff, 0xff, 0xff, 0xff, 0xff, 0xff, 0xff,
    0xff, 0xff, 0xff, 0xff, 0xff, 0xff, 0xff, 0xff,
    0xff, 0xff, 0xff, 0xff, 0xf7, 0xf6, 0xf6, 0xff,
    0x8e, 0x7c, 0x73, 0xff, 0x86, 0x73, 0x6a, 0xff,
    0x86, 0x73, 0x6a, 0xff, 0x86, 0x73, 0x6a, 0xff,
    0x86, 0x73, 0x6a, 0xff, 0x86, 0x73, 0x6a, 0xff,
    0x86, 0x73, 0x6a, 0xff, 0x7e, 0x6c, 0x63, 0xff,
    0x64, 0x57, 0x4f, 0xff, 0x64, 0x57, 0x4f, 0xff,
    0x64, 0x57, 0x4f, 0xff, 0x64, 0x57, 0x4f, 0xff,
    0x64, 0x57, 0x4f, 0xff, 0xcd, 0xca, 0xc9, 0xff,
    0xe5, 0xe5, 0xe5, 0xff, 0xf9, 0xf9, 0xf9, 0xff,
    0xff, 0xff, 0xff, 0xff, 0xff, 0xff, 0xff, 0xff,
    0xff, 0xff, 0xff, 0xff, 0xff, 0xff, 0xff, 0xff,
    0xff, 0xff, 0xff, 0xff, 0xff, 0xff, 0xff, 0xff,
    0xff, 0xff, 0xff, 0xff, 0xff, 0xff, 0xff, 0xaf,
    0xff, 0xff, 0xff, 0xbf, 0xff, 0xff, 0xff, 0xff,
    0xff, 0xff, 0xff, 0xff, 0xff, 0xff, 0xff, 0xff,
    0xff, 0xff, 0xff, 0xff, 0xff, 0xff, 0xff, 0xff,
    0xff, 0xff, 0xff, 0xff, 0xff, 0xff, 0xff, 0xff,
    0xf4, 0xf4, 0xf4, 0xff, 0xe5, 0xe5, 0xe5, 0xff,
    0xbd, 0xb9, 0xb6, 0xff, 0x64, 0x57, 0x4f, 0xff,
    0x64, 0x57, 0x4f, 0xff, 0x64, 0x57, 0x4f, 0xff,
    0x64, 0x57, 0x4f, 0xff, 0x64, 0x57, 0x4f, 0xff,
    0x86, 0x73, 0x6a, 0xff, 0x86, 0x73, 0x6a, 0xff,
    0x86, 0x73, 0x6a, 0xff, 0x86, 0x73, 0x6a, 0xff,
    0x86, 0x73, 0x6a, 0xff, 0x86, 0x73, 0x6a, 0xff,
    0x86, 0x73, 0x6a, 0xff, 0x86, 0x73, 0x6a, 0xff,
    0x86, 0x73, 0x6a, 0xff, 0x86, 0x73, 0x6a, 0xff,
    0x86, 0x73, 0x6a, 0xff, 0x86, 0x73, 0x6a, 0xff,
    0x68, 0x5b, 0x52, 0xff, 0x64, 0x57, 0x4f, 0xff,
    0x64, 0x57, 0x4f, 0xff, 0x64, 0x57, 0x4f, 0xff,
    0x64, 0x57, 0x4f, 0xff, 0x64, 0x57, 0x4f, 0xff,
    0x64, 0x57, 0x4f, 0xff, 0x64, 0x57, 0x4f, 0xff,
    0x6e, 0x62, 0x5a, 0xff, 0xf5, 0xf5, 0xf4, 0xff,
    0xff, 0xff, 0xff, 0xff, 0xff, 0xff, 0xff, 0xff,
    0xff, 0xff, 0xff, 0xff, 0xff, 0xff, 0xff, 0xff,
    0xff, 0xff, 0xff, 0xff, 0xc3, 0xb9, 0xb5, 0xff,
    0x86, 0x73, 0x6a, 0xff, 0x86, 0x73, 0x6a, 0xff,
    0x86, 0x73, 0x6a, 0xff, 0x86, 0x73, 0x6a, 0xff,
    0x86, 0x73, 0x6a, 0xff, 0x86, 0x73, 0x6a, 0xff,
    0x86, 0x73, 0x6a, 0xff, 0x86, 0x73, 0x6a, 0xff,
    0x64, 0x57, 0x4f, 0xff, 0x64, 0x57, 0x4f, 0xff,
    0x64, 0x57, 0x4f, 0xff, 0x64, 0x57, 0x4f, 0xff,
    0x64, 0x57, 0x4f, 0xff, 0xbd, 0xb9, 0xb6, 0xff,
    0xe5, 0xe5, 0xe5, 0xff, 0xf4, 0xf4, 0xf4, 0xff,
    0xff, 0xff, 0xff, 0xff, 0xff, 0xff, 0xff, 0xff,
    0xff, 0xff, 0xff, 0xff, 0xff, 0xff, 0xff, 0xff,
    0xff, 0xff, 0xff, 0xff, 0xff, 0xff, 0xff, 0xff,
    0xff, 0xff, 0xff, 0xff, 0xff, 0xff, 0xff, 0xbf,
    0xff, 0xff, 0xff, 0xef, 0xff, 0xff, 0xff, 0xff,
    0xff, 0xff, 0xff, 0xff, 0xff, 0xff, 0xff, 0xff,
    0xff, 0xff, 0xff, 0xff, 0xff, 0xff, 0xff, 0xff,
    0xff, 0xff, 0xff, 0xff, 0xff, 0xff, 0xff, 0xff,
    0xf2, 0xf2, 0xf2, 0xff, 0xe5, 0xe5, 0xe5, 0xff,
    0xa5, 0x9e, 0x9a, 0xff, 0x64, 0x57, 0x4f, 0xff,
    0x64, 0x57, 0x4f, 0xff, 0x64, 0x57, 0x4f, 0xff,
    0x64, 0x57, 0x4f, 0xff, 0x68, 0x5b, 0x52, 0xff,
    0x86, 0x73, 0x6a, 0xff, 0x86, 0x73, 0x6a, 0xff,
    0x86, 0x73, 0x6a, 0xff, 0x86, 0x73, 0x6a, 0xff,
    0x86, 0x73, 0x6a, 0xff, 0x86, 0x73, 0x6a, 0xff,
    0x86, 0x73, 0x6a, 0xff, 0x86, 0x73, 0x6a, 0xff,
    0x86, 0x73, 0x6a, 0xff, 0x86, 0x73, 0x6a, 0xff,
    0x86, 0x73, 0x6a, 0xff, 0x79, 0x69, 0x60, 0xff,
    0x64, 0x57, 0x4f, 0xff, 0x64, 0x57, 0x4f, 0xff,
    0x64, 0x57, 0x4f, 0xff, 0x64, 0x57, 0x4f, 0xff,
    0x64, 0x57, 0x4f, 0xff, 0x64, 0x57, 0x4f, 0xff,
    0x64, 0x57, 0x4f, 0xff, 0x64, 0x57, 0x4f, 0xff,
    0x64, 0x57, 0x4f, 0xff, 0x77, 0x6c, 0x65, 0xff,
    0xd8, 0xd5, 0xd3, 0xff, 0xff, 0xff, 0xff, 0xff,
    0xff, 0xff, 0xff, 0xff, 0xf7, 0xf6, 0xf6, 0xff,
    0xbb, 0xb0, 0xab, 0xff, 0x86, 0x73, 0x6a, 0xff,
    0x86, 0x73, 0x6a, 0xff, 0x86, 0x73, 0x6a, 0xff,
    0x86, 0x73, 0x6a, 0xff, 0x86, 0x73, 0x6a, 0xff,
    0x86, 0x73, 0x6a, 0xff, 0x86, 0x73, 0x6a, 0xff,
    0x86, 0x73, 0x6a, 0xff, 0x86, 0x73, 0x6a, 0xff,
    0x68, 0x5b, 0x52, 0xff, 0x64, 0x57, 0x4f, 0xff,
    0x64, 0x57, 0x4f, 0xff, 0x64, 0x57, 0x4f, 0xff,
    0x64, 0x57, 0x4f, 0xff, 0xa5, 0x9e, 0x9a, 0xff,
    0xe5, 0xe5, 0xe5, 0xff, 0xf2, 0xf2, 0xf2, 0xff,
    0xff, 0xff, 0xff, 0xff, 0xff, 0xff, 0xff, 0xff,
    0xff, 0xff, 0xff, 0xff, 0xff, 0xff, 0xff, 0xff,
    0xff, 0xff, 0xff, 0xff, 0xff, 0xff, 0xff, 0xff,
    0xff, 0xff, 0xff, 0xff, 0xff, 0xff, 0xff, 0xef,
    0xff, 0xff, 0xff, 0xff, 0xff, 0xff, 0xff, 0xff,
    0xff, 0xff, 0xff, 0xff, 0xff, 0xff, 0xff, 0xff,
    0xff, 0xff, 0xff, 0xff, 0xff, 0xff, 0xff, 0xff,
    0xff, 0xff, 0xff, 0xff, 0xff, 0xff, 0xff, 0xff,
    0xf2, 0xf2, 0xf2, 0xff, 0xe5, 0xe5, 0xe5, 0xff,
    0xa5, 0x9e, 0x9a, 0xff, 0x64, 0x57, 0x4f, 0xff,
    0x64, 0x57, 0x4f, 0xff, 0x64, 0x57, 0x4f, 0xff,
    0x64, 0x57, 0x4f, 0xff, 0x6d, 0x5e, 0x56, 0xff,
    0x86, 0x73, 0x6a, 0xff, 0x86, 0x73, 0x6a, 0xff,
    0x86, 0x73, 0x6a, 0xff, 0x86, 0x73, 0x6a, 0xff,
    0x86, 0x73, 0x6a, 0xff, 0x86, 0x73, 0x6a, 0xff,
    0x86, 0x73, 0x6a, 0xff, 0x86, 0x73, 0x6a, 0xff,
    0x86, 0x73, 0x6a, 0xff, 0x86, 0x73, 0x6a, 0xff,
    0x86, 0x73, 0x6a, 0xff, 0x6f, 0x60, 0x57, 0xff,
    0x64, 0x57, 0x4f, 0xff, 0x64, 0x57, 0x4f, 0xff,
    0x64, 0x57, 0x4f, 0xff, 0x64, 0x57, 0x4f, 0xff,
    0x64, 0x57, 0x4f, 0xff, 0x64, 0x57, 0x4f, 0xff,
    0x64, 0x57, 0x4f, 0xff, 0x64, 0x57, 0x4f, 0xff,
    0x64, 0x57, 0x4f, 0xff, 0x64, 0x57, 0x4f, 0xff,
    0x64, 0x57, 0x4f, 0xff, 0x64, 0x57, 0x4f, 0xff,
    0x6f, 0x60, 0x57, 0xff, 0x86, 0x73, 0x6a, 0xff,
    0x86, 0x73, 0x6a, 0xff, 0x86, 0x73, 0x6a, 0xff,
    0x86, 0x73, 0x6a, 0xff, 0x86, 0x73, 0x6a, 0xff,
    0x86, 0x73, 0x6a, 0xff, 0x86, 0x73, 0x6a, 0xff,
    0x86, 0x73, 0x6a, 0xff, 0x86, 0x73, 0x6a, 0xff,
    0x86, 0x73, 0x6a, 0xff, 0x86, 0x73, 0x6a, 0xff,
    0x6d, 0x5e, 0x56, 0xff, 0x64, 0x57, 0x4f, 0xff,
    0x64, 0x57, 0x4f, 0xff, 0x64, 0x57, 0x4f, 0xff,
    0x64, 0x57, 0x4f, 0xff, 0xa5, 0x9e, 0x9a, 0xff,
    0xe5, 0xe5, 0xe5, 0xff, 0xf2, 0xf2, 0xf2, 0xff,
    0xff, 0xff, 0xff, 0xff, 0xff, 0xff, 0xff, 0xff,
    0xff, 0xff, 0xff, 0xff, 0xff, 0xff, 0xff, 0xff,
    0xff, 0xff, 0xff, 0xff, 0xff, 0xff, 0xff, 0xff,
    0xff, 0xff, 0xff, 0xff, 0xff, 0xff, 0xff, 0xff,
    0xff, 0xff, 0xff, 0xff, 0xff, 0xff, 0xff, 0xff,
    0xff, 0xff, 0xff, 0xff, 0xff, 0xff, 0xff, 0xff,
    0xff, 0xff, 0xff, 0xff, 0xff, 0xff, 0xff, 0xff,
    0xff, 0xff, 0xff, 0xff, 0xff, 0xff, 0xff, 0xff,
    0xec, 0xec, 0xec, 0xff, 0xe5, 0xe5, 0xe5, 0xff,
    0xa5, 0x9e, 0x9a, 0xff, 0x64, 0x57, 0x4f, 0xff,
    0x64, 0x57, 0x4f, 0xff, 0x64, 0x57, 0x4f, 0xff,
    0x64, 0x57, 0x4f, 0xff, 0x6d, 0x5e, 0x56, 0xff,
    0x86, 0x73, 0x6a, 0xff, 0x86, 0x73, 0x6a, 0xff,
    0x86, 0x73, 0x6a, 0xff, 0x86, 0x73, 0x6a, 0xff,
    0x86, 0x73, 0x6a, 0xff, 0x86, 0x73, 0x6a, 0xff,
    0x86, 0x73, 0x6a, 0xff, 0x86, 0x73, 0x6a, 0xff,
    0x86, 0x73, 0x6a, 0xff, 0x86, 0x73, 0x6a, 0xff,
    0x86, 0x73, 0x6a, 0xff, 0x6d, 0x5e, 0x56, 0xff,
    0x64, 0x57, 0x4f, 0xff, 0x64, 0x57, 0x4f, 0xff,
    0x64, 0x57, 0x4f, 0xff, 0x64, 0x57, 0x4f, 0xff,
    0x64, 0x57, 0x4f, 0xff, 0x64, 0x57, 0x4f, 0xff,
    0x64, 0x57, 0x4f, 0xff, 0x64, 0x57, 0x4f, 0xff,
    0x64, 0x57, 0x4f, 0xff, 0x64, 0x57, 0x4f, 0xff,
    0x64, 0x57, 0x4f, 0xff, 0x64, 0x57, 0x4f, 0xff,
    0x6d, 0x5e, 0x56, 0xff, 0x86, 0x73, 0x6a, 0xff,
    0x86, 0x73, 0x6a, 0xff, 0x86, 0x73, 0x6a, 0xff,
    0x86, 0x73, 0x6a, 0xff, 0x86, 0x73, 0x6a, 0xff,
    0x86, 0x73, 0x6a, 0xff, 0x86, 0x73, 0x6a, 0xff,
    0x86, 0x73, 0x6a, 0xff, 0x86, 0x73, 0x6a, 0xff,
    0x86, 0x73, 0x6a, 0xff, 0x86, 0x73, 0x6a, 0xff,
    0x6d, 0x5e, 0x56, 0xff, 0x64, 0x57, 0x4f, 0xff,
    0x64, 0x57, 0x4f, 0xff, 0x64, 0x57, 0x4f, 0xff,
    0x64, 0x57, 0x4f, 0xff, 0xa5, 0x9e, 0x9a, 0xff,
    0xe5, 0xe5, 0xe5, 0xff, 0xec, 0xec, 0xec, 0xff,
    0xff, 0xff, 0xff, 0xff, 0xff, 0xff, 0xff, 0xff,
    0xff, 0xff, 0xff, 0xff, 0xff, 0xff, 0xff, 0xff,
    0xff, 0xff, 0xff, 0xff, 0xff, 0xff, 0xff, 0xff,
    0xff, 0xff, 0xff, 0xff, 0xff, 0xff, 0xff, 0xff,
    0xff, 0xff, 0xff, 0xff, 0xff, 0xff, 0xff, 0xff,
    0xff, 0xff, 0xff, 0xff, 0xff, 0xff, 0xff, 0xff,
    0xff, 0xff, 0xff, 0xff, 0xff, 0xff, 0xff, 0xff,
    0xff, 0xff, 0xff, 0xff, 0xff, 0xff, 0xff, 0xff,
    0xec, 0xec, 0xec, 0xff, 0xe5, 0xe5, 0xe5, 0xff,
    0xa5, 0x9e, 0x9a, 0xff, 0x64, 0x57, 0x4f, 0xff,
    0x64, 0x57, 0x4f, 0xff, 0x64, 0x57, 0x4f, 0xff,
    0x64, 0x57, 0x4f, 0xff, 0x6d, 0x5e, 0x56, 0xff,
    0x86, 0x73, 0x6a, 0xff, 0x86, 0x73, 0x6a, 0xff,
    0x86, 0x73, 0x6a, 0xff, 0x86, 0x73, 0x6a, 0xff,
    0x86, 0x73, 0x6a, 0xff, 0x86, 0x73, 0x6a, 0xff,
    0x86, 0x73, 0x6a, 0xff, 0x86, 0x73, 0x6a, 0xff,
    0x86, 0x73, 0x6a, 0xff, 0x86, 0x73, 0x6a, 0xff,
    0x86, 0x73, 0x6a, 0xff, 0x6d, 0x5e, 0x56, 0xff,
    0x64, 0x57, 0x4f, 0xff, 0x64, 0x57, 0x4f, 0xff,
    0x64, 0x57, 0x4f, 0xff, 0x64, 0x57, 0x4f, 0xff,
    0x64, 0x57, 0x4f, 0xff, 0x64, 0x57, 0x4f, 0xff,
    0x64, 0x57, 0x4f, 0xff, 0x64, 0x57, 0x4f, 0xff,
    0x64, 0x57, 0x4f, 0xff, 0x64, 0x57, 0x4f, 0xff,
    0x64, 0x57, 0x4f, 0xff, 0x64, 0x57, 0x4f, 0xff,
    0x6d, 0x5e, 0x56, 0xff, 0x86, 0x73, 0x6a, 0xff,
    0x86, 0x73, 0x6a, 0xff, 0x86, 0x73, 0x6a, 0xff,
    0x86, 0x73, 0x6a, 0xff, 0x86, 0x73, 0x6a, 0xff,
    0x86, 0x73, 0x6a, 0xff, 0x86, 0x73, 0x6a, 0xff,
    0x86, 0x73, 0x6a, 0xff, 0x86, 0x73, 0x6a, 0xff,
    0x86, 0x73, 0x6a, 0xff, 0x86, 0x73, 0x6a, 0xff,
    0x6d, 0x5e, 0x56, 0xff, 0x64, 0x57, 0x4f, 0xff,
    0x64, 0x57, 0x4f, 0xff, 0x64, 0x57, 0x4f, 0xff,
    0x64, 0x57, 0x4f, 0xff, 0xa5, 0x9e, 0x9a, 0xff,
    0xe5, 0xe5, 0xe5, 0xff, 0xec, 0xec, 0xec, 0xff,
    0xff, 0xff, 0xff, 0xff, 0xff, 0xff, 0xff, 0xff,
    0xff, 0xff, 0xff, 0xff, 0xff, 0xff, 0xff, 0xff,
    0xff, 0xff, 0xff, 0xff, 0xff, 0xff, 0xff, 0xff,
    0xff, 0xff, 0xff, 0xff, 0xff, 0xff, 0xff, 0xff,
    0xff, 0xff, 0xff, 0xff, 0xff, 0xff, 0xff, 0xff,
    0xff, 0xff, 0xff, 0xff, 0xff, 0xff, 0xff, 0xff,
    0xff, 0xff, 0xff, 0xff, 0xff, 0xff, 0xff, 0xff,
    0xff, 0xff, 0xff, 0xff, 0xff, 0xff, 0xff, 0xff,
    0xf2, 0xf2, 0xf2, 0xff, 0xe5, 0xe5, 0xe5, 0xff,
    0xa5, 0x9e, 0x9a, 0xff, 0x64, 0x57, 0x4f, 0xff,
    0x64, 0x57, 0x4f, 0xff, 0x64, 0x57, 0x4f, 0xff,
    0x64, 0x57, 0x4f, 0xff, 0x6d, 0x5e, 0x56, 0xff,
    0x86, 0x73, 0x6a, 0xff, 0x86, 0x73, 0x6a, 0xff,
    0x86, 0x73, 0x6a, 0xff, 0x86, 0x73, 0x6a, 0xff,
    0x86, 0x73, 0x6a, 0xff, 0x86, 0x73, 0x6a, 0xff,
    0x86, 0x73, 0x6a, 0xff, 0x86, 0x73, 0x6a, 0xff,
    0x86, 0x73, 0x6a, 0xff, 0x86, 0x73, 0x6a, 0xff,
    0x86, 0x73, 0x6a, 0xff, 0x6f, 0x60, 0x57, 0xff,
    0x64, 0x57, 0x4f, 0xff, 0x64, 0x57, 0x4f, 0xff,
    0x64, 0x57, 0x4f, 0xff, 0x64, 0x57, 0x4f, 0xff,
    0x64, 0x57, 0x4f, 0xff, 0x64, 0x57, 0x4f, 0xff,
    0x64, 0x57, 0x4f, 0xff, 0x64, 0x57, 0x4f, 0xff,
    0x64, 0x57, 0x4f, 0xff, 0x64, 0x57, 0x4f, 0xff,
    0x64, 0x57, 0x4f, 0xff, 0x64, 0x57, 0x4f, 0xff,
    0x6f, 0x60, 0x57, 0xff, 0x86, 0x73, 0x6a, 0xff,
    0x86, 0x73, 0x6a, 0xff, 0x86, 0x73, 0x6a, 0xff,
    0x86, 0x73, 0x6a, 0xff, 0x86, 0x73, 0x6a, 0xff,
    0x86, 0x73, 0x6a, 0xff, 0x86, 0x73, 0x6a, 0xff,
    0x86, 0x73, 0x6a, 0xff, 0x86, 0x73, 0x6a, 0xff,
    0x86, 0x73, 0x6a, 0xff, 0x86, 0x73, 0x6a, 0xff,
    0x6d, 0x5e, 0x56, 0xff, 0x64, 0x57, 0x4f, 0xff,
    0x64, 0x57, 0x4f, 0xff, 0x64, 0x57, 0x4f, 0xff,
    0x64, 0x57, 0x4f, 0xff, 0xa5, 0x9e, 0x9a, 0xff,
    0xe5, 0xe5, 0xe5, 0xff, 0xf2, 0xf2, 0xf2, 0xff,
    0xff, 0xff, 0xff, 0xff, 0xff, 0xff, 0xff, 0xff,
    0xff, 0xff, 0xff, 0xff, 0xff, 0xff, 0xff, 0xff,
    0xff, 0xff, 0xff, 0xff, 0xff, 0xff, 0xff, 0xff,
    0xff, 0xff, 0xff, 0xff, 0xff, 0xff, 0xff, 0xff,
    0xff, 0xff, 0xff, 0xef, 0xff, 0xff, 0xff, 0xff,
    0xff, 0xff, 0xff, 0xff, 0xff, 0xff, 0xff, 0xff,
    0xff, 0xff, 0xff, 0xff, 0xff, 0xff, 0xff, 0xff,
    0xff, 0xff, 0xff, 0xff, 0xff, 0xff, 0xff, 0xff,
    0xf2, 0xf2, 0xf2, 0xff, 0xe5, 0xe5, 0xe5, 0xff,
    0xa5, 0x9e, 0x9a, 0xff, 0x64, 0x57, 0x4f, 0xff,
    0x64, 0x57, 0x4f, 0xff, 0x64, 0x57, 0x4f, 0xff,
    0x64, 0x57, 0x4f, 0xff, 0x68, 0x5b, 0x52, 0xff,
    0x86, 0x73, 0x6a, 0xff, 0x86, 0x73, 0x6a, 0xff,
    0x86, 0x73, 0x6a, 0xff, 0x86, 0x73, 0x6a, 0xff,
    0x86, 0x73, 0x6a, 0xff, 0x86, 0x73, 0x6a, 0xff,
    0x86, 0x73, 0x6a, 0xff, 0x86, 0x73, 0x6a, 0xff,
    0x86, 0x73, 0x6a, 0xff, 0x86, 0x73, 0x6a, 0xff,
    0x86, 0x73, 0x6a, 0xff, 0x79, 0x69, 0x60, 0xff,
    0x64, 0x57, 0x4f, 0xff, 0x64, 0x57, 0x4f, 0xff,
    0x64, 0x57, 0x4f, 0xff, 0x64, 0x57, 0x4f, 0xff,
    0x64, 0x57, 0x4f, 0xff, 0x64, 0x57, 0x4f, 0xff,
    0x64, 0x57, 0x4f, 0xff, 0x64, 0x57, 0x4f, 0xff,
    0x64, 0x57, 0x4f, 0xff, 0x64, 0x57, 0x4f, 0xff,
    0x64, 0x57, 0x4f, 0xff, 0x64, 0x57, 0x4f, 0xff,
    0x79, 0x69, 0x60, 0xff, 0x86, 0x73, 0x6a, 0xff,
    0x86, 0x73, 0x6a, 0xff, 0x86, 0x73, 0x6a, 0xff,
    0x86, 0x73, 0x6a, 0xff, 0x86, 0x73, 0x6a, 0xff,
    0x86, 0x73, 0x6a, 0xff, 0x86, 0x73, 0x6a, 0xff,
    0x86, 0x73, 0x6a, 0xff, 0x86, 0x73, 0x6a, 0xff,
    0x86, 0x73, 0x6a, 0xff, 0x86, 0x73, 0x6a, 0xff,
    0x68, 0x5b, 0x52, 0xff, 0x64, 0x57, 0x4f, 0xff,
    0x64, 0x57, 0x4f, 0xff, 0x64, 0x57, 0x4f, 0xff,
    0x64, 0x57, 0x4f, 0xff, 0xa5, 0x9e, 0x9a, 0xff,
    0xe5, 0xe5, 0xe5, 0xff, 0xf2, 0xf2, 0xf2, 0xff,
    0xff, 0xff, 0xff, 0xff, 0xff, 0xff, 0xff, 0xff,
    0xff, 0xff, 0xff, 0xff, 0xff, 0xff, 0xff, 0xff,
    0xff, 0xff, 0xff, 0xff, 0xff, 0xff, 0xff, 0xff,
    0xff, 0xff, 0xff, 0xff, 0xff, 0xff, 0xff, 0xef,
    0xff, 0xff, 0xff, 0xbf, 0xff, 0xff, 0xff, 0xff,
    0xff, 0xff, 0xff, 0xff, 0xff, 0xff, 0xff, 0xff,
    0xff, 0xff, 0xff, 0xff, 0xff, 0xff, 0xff, 0xff,
    0xff, 0xff, 0xff, 0xff, 0xff, 0xff, 0xff, 0xff,
    0xf4, 0xf4, 0xf4, 0xff, 0xe5, 0xe5, 0xe5, 0xff,
    0xbd, 0xb9, 0xb6, 0xff, 0x64, 0x57, 0x4f, 0xff,
    0x64, 0x57, 0x4f, 0xff, 0x64, 0x57, 0x4f, 0xff,
    0x64, 0x57, 0x4f, 0xff, 0x64, 0x57, 0x4f, 0xff,
    0x86, 0x73, 0x6a, 0xff, 0x86, 0x73, 0x6a, 0xff,
    0x86, 0x73, 0x6a, 0xff, 0x86, 0x73, 0x6a, 0xff,
    0x86, 0x73, 0x6a, 0xff, 0x86, 0x73, 0x6a, 0xff,
    0x86, 0x73, 0x6a, 0xff, 0x86, 0x73, 0x6a, 0xff,
    0x86, 0x73, 0x6a, 0xff, 0x86, 0x73, 0x6a, 0xff,
    0x86, 0x73, 0x6a, 0xff, 0x86, 0x73, 0x6a, 0xff,
    0x68, 0x5b, 0x52, 0xff, 0x64, 0x57, 0x4f, 0xff,
    0x64, 0x57, 0x4f, 0xff, 0x64, 0x57, 0x4f, 0xff,
    0x64, 0x57, 0x4f, 0xff, 0x64, 0x57, 0x4f, 0xff,
    0x64, 0x57, 0x4f, 0xff, 0x64, 0x57, 0x4f, 0xff,
    0x64, 0x57, 0x4f, 0xff, 0x64, 0x57, 0x4f, 0xff,
    0x64, 0x57, 0x4f, 0xff, 0x68, 0x5b, 0x52, 0xff,
    0x86, 0x73, 0x6a, 0xff, 0x86, 0x73, 0x6a, 0xff,
    0x86, 0x73, 0x6a, 0xff, 0x86, 0x73, 0x6a, 0xff,
    0x86, 0x73, 0x6a, 0xff, 0x86, 0x73, 0x6a, 0xff,
    0x86, 0x73, 0x6a, 0xff, 0x86, 0x73, 0x6a, 0xff,
    0x86, 0x73, 0x6a, 0xff, 0x86, 0x73, 0x6a, 0xff,
    0x86, 0x73, 0x6a, 0xff, 0x86, 0x73, 0x6a, 0xff,
    0x64, 0x57, 0x4f, 0xff, 0x64, 0x57, 0x4f, 0xff,
    0x64, 0x57, 0x4f, 0xff, 0x64, 0x57, 0x4f, 0xff,
    0x64, 0x57, 0x4f, 0xff, 0xbd, 0xb9, 0xb6, 0xff,
    0xe5, 0xe5, 0xe5, 0xff, 0xf4, 0xf4, 0xf4, 0xff,
    0xff, 0xff, 0xff, 0xff, 0xff, 0xff, 0xff, 0xff,
    0xff, 0xff, 0xff, 0xff, 0xff, 0xff, 0xff, 0xff,
    0xff, 0xff, 0xff, 0xff, 0xff, 0xff, 0xff, 0xff,
    0xff, 0xff, 0xff, 0xff, 0xff, 0xff, 0xff, 0xbf,
    0xff, 0xff, 0xff, 0xaf, 0xff, 0xff, 0xff, 0xff,
    0xff, 0xff, 0xff, 0xff, 0xff, 0xff, 0xff, 0xff,
    0xff, 0xff, 0xff, 0xff, 0xff, 0xff, 0xff, 0xff,
    0xff, 0xff, 0xff, 0xff, 0xff, 0xff, 0xff, 0xff,
    0xf9, 0xf9, 0xf9, 0xff, 0xe5, 0xe5, 0xe5, 0xff,
    0xcd, 0xca, 0xc9, 0xff, 0x64, 0x57, 0x4f, 0xff,
    0x64, 0x57, 0x4f, 0xff, 0x64, 0x57, 0x4f, 0xff,
    0x64, 0x57, 0x4f, 0xff, 0x64, 0x57, 0x4f, 0xff,
    0x7e, 0x6c, 0x63, 0xff, 0x86, 0x73, 0x6a, 0xff,
    0x86, 0x73, 0x6a, 0xff, 0x86, 0x73, 0x6a, 0xff,
    0x86, 0x73, 0x6a, 0xff, 0x86, 0x73, 0x6a, 0xff,
    0x86, 0x73, 0x6a, 0xff, 0x86, 0x73, 0x6a, 0xff,
    0x86, 0x73, 0x6a, 0xff, 0x86, 0x73, 0x6a, 0xff,
    0x86, 0x73, 0x6a, 0xff, 0x86, 0x73, 0x6a, 0xff,
    0x80, 0x6e, 0x65, 0xff, 0x66, 0x59, 0x51, 0xff,
    0x64, 0x57, 0x4f, 0xff, 0x64, 0x57, 0x4f, 0xff,
    0x64, 0x57, 0x4f, 0xff, 0x64, 0x57, 0x4f, 0xff,
    0x64, 0x57, 0x4f, 0xff, 0x64, 0x57, 0x4f, 0xff,
    0x64, 0x57, 0x4f, 0xff, 0x64, 0x57, 0x4f, 0xff,
    0x66, 0x59, 0x51, 0xff, 0x80, 0x6e, 0x65, 0xff,
    0x86, 0x73, 0x6a, 0xff, 0x86, 0x73, 0x6a, 0xff,
    0x86, 0x73, 0x6a, 0xff, 0x86, 0x73, 0x6a, 0xff,
    0x86, 0x73, 0x6a, 0xff, 0x86, 0x73, 0x6a, 0xff,
    0x86, 0x73, 0x6a, 0xff, 0x86, 0x73, 0x6a, 0xff,
    0x86, 0x73, 0x6a, 0xff, 0x86, 0x73, 0x6a, 0xff,
    0x86, 0x73, 0x6a, 0xff, 0x7e, 0x6c, 0x63, 0xff,
    0x64, 0x57, 0x4f, 0xff, 0x64, 0x57, 0x4f, 0xff,
    0x64, 0x57, 0x4f, 0xff, 0x64, 0x57, 0x4f, 0xff,
    0x64, 0x57, 0x4f, 0xff, 0xcd, 0xca, 0xc9, 0xff,
    0xe5, 0xe5, 0xe5, 0xff, 0xf9, 0xf9, 0xf9, 0xff,
    0xff, 0xff, 0xff, 0xff, 0xff, 0xff, 0xff, 0xff,
    0xff, 0xff, 0xff, 0xff, 0xff, 0xff, 0xff, 0xff,
    0xff, 0xff, 0xff, 0xff, 0xff, 0xff, 0xff, 0xff,
    0xff, 0xff, 0xff, 0xff, 0xff, 0xff, 0xff, 0xaf,
    0xff, 0xff, 0xff, 0x80, 0xff, 0xff, 0xff, 0xff,
    0xff, 0xff, 0xff, 0xff, 0xff, 0xff, 0xff, 0xff,
    0xff, 0xff, 0xff, 0xff, 0xff, 0xff, 0xff, 0xff,
    0xff, 0xff, 0xff, 0xff, 0xff, 0xff, 0xff, 0xff,
    0xfd, 0xfd, 0xfd, 0xff, 0xe5, 0xe5, 0xe5, 0xff,
    0xe5, 0xe5, 0xe5, 0xff, 0x6c, 0x60, 0x58, 0xff,
    0x64, 0x57, 0x4f, 0xff, 0x64, 0x57, 0x4f, 0xff,
    0x64, 0x57, 0x4f, 0xff, 0x64, 0x57, 0x4f, 0xff,
    0x73, 0x63, 0x5b, 0xff, 0x86, 0x73, 0x6a, 0xff,
    0x86, 0x73, 0x6a, 0xff, 0x86, 0x73, 0x6a, 0xff,
    0x86, 0x73, 0x6a, 0xff, 0x86, 0x73, 0x6a, 0xff,
    0x86, 0x73, 0x6a, 0xff, 0x86, 0x73, 0x6a, 0xff,
    0x86, 0x73, 0x6a, 0xff, 0x86, 0x73, 0x6a, 0xff,
    0x86, 0x73, 0x6a, 0xff, 0x86, 0x73, 0x6a, 0xff,
    0x86, 0x73, 0x6a, 0xff, 0x80, 0x6e, 0x65, 0xff,
    0x68, 0x5b, 0x52, 0xff, 0x64, 0x57, 0x4f, 0xff,
    0x64, 0x57, 0x4f, 0xff, 0x64, 0x57, 0x4f, 0xff,
    0x64, 0x57, 0x4f, 0xff, 0x64, 0x57, 0x4f, 0xff,
    0x64, 0x57, 0x4f, 0xff, 0x68, 0x5b, 0x52, 0xff,
    0x80, 0x6e, 0x65, 0xff, 0x86, 0x73, 0x6a, 0xff,
    0x86, 0x73, 0x6a, 0xff, 0x86, 0x73, 0x6a, 0xff,
    0x86, 0x73, 0x6a, 0xff, 0x86, 0x73, 0x6a, 0xff,
    0x86, 0x73, 0x6a, 0xff, 0x86, 0x73, 0x6a, 0xff,
    0x86, 0x73, 0x6a, 0xff, 0x86, 0x73, 0x6a, 0xff,
    0x86, 0x73, 0x6a, 0xff, 0x86, 0x73, 0x6a, 0xff,
    0x86, 0x73, 0x6a, 0xff, 0x73, 0x63, 0x5b, 0xff,
    0x64, 0x57, 0x4f, 0xff, 0x64, 0x57, 0x4f, 0xff,
    0x64, 0x57, 0x4f, 0xff, 0x64, 0x57, 0x4f, 0xff,
    0x6c, 0x60, 0x58, 0xff, 0xe5, 0xe5, 0xe5, 0xff,
    0xe5, 0xe5, 0xe5, 0xff, 0xfd, 0xfd, 0xfd, 0xff,
    0xff, 0xff, 0xff, 0xff, 0xff, 0xff, 0xff, 0xff,
    0xff, 0xff, 0xff, 0xff, 0xff, 0xff, 0xff, 0xff,
    0xff, 0xff, 0xff, 0xff, 0xff, 0xff, 0xff, 0xff,
    0xff, 0xff, 0xff, 0xff, 0xff, 0xff, 0xff, 0x80,
    0xff, 0xff, 0xff, 0x60, 0xff, 0xff, 0xff, 0xff,
    0xff, 0xff, 0xff, 0xff, 0xff, 0xff, 0xff, 0xff,
    0xff, 0xff, 0xff, 0xff, 0xff, 0xff, 0xff, 0xff,
    0xff, 0xff, 0xff, 0xff, 0xff, 0xff, 0xff, 0xff,
    0xff, 0xff, 0xff, 0xff, 0xea, 0xea, 0xea, 0xff,
    0xe5, 0xe5, 0xe5, 0xff, 0x8c, 0x83, 0x7e, 0xff,
    0x64, 0x57, 0x4f, 0xff, 0x64, 0x57, 0x4f, 0xff,
    0x64, 0x57, 0x4f, 0xff, 0x64, 0x57, 0x4f, 0xff,
    0x68, 0x5b, 0x52, 0xff, 0x86, 0x73, 0x6a, 0xff,
    0x86, 0x73, 0x6a, 0xff, 0x86, 0x73, 0x6a, 0xff,
    0x86, 0x73, 0x6a, 0xff, 0x86, 0x73, 0x6a, 0xff,
    0x86, 0x73, 0x6a, 0xff, 0x86, 0x73, 0x6a, 0xff,
    0x86, 0x73, 0x6a, 0xff, 0x86, 0x73, 0x6a, 0xff,
    0x86, 0x73, 0x6a, 0xff, 0x86, 0x73, 0x6a, 0xff,
    0x86, 0x73, 0x6a, 0xff, 0x86, 0x73, 0x6a, 0xff,
    0x86, 0x73, 0x6a, 0xff, 0x79, 0x69, 0x60, 0xff,
    0x6f, 0x60, 0x57, 0xff, 0x6d, 0x5e, 0x56, 0xff,
    0x6d, 0x5e, 0x56, 0xff, 0x6f, 0x60, 0x57, 0xff,
    0x79, 0x69, 0x60, 0xff, 0x86, 0x73, 0x6a, 0xff,
    0x86, 0x73, 0x6a, 0xff, 0x86, 0x73, 0x6a, 0xff,
    0x86, 0x73, 0x6a, 0xff, 0x86, 0x73, 0x6a, 0xff,
    0x86, 0x73, 0x6a, 0xff, 0x86, 0x73, 0x6a, 0xff,
    0x86, 0x73, 0x6a, 0xff, 0x86, 0x73, 0x6a, 0xff,
    0x86, 0x73, 0x6a, 0xff, 0x86, 0x73, 0x6a, 0xff,
    0x86, 0x73, 0x6a, 0xff, 0x86, 0x73, 0x6a, 0xff,
    0x86, 0x73, 0x6a, 0xff, 0x68, 0x5b, 0x52, 0xff,
    0x64, 0x57, 0x4f, 0xff, 0x64, 0x57, 0x4f, 0xff,
    0x64, 0x57, 0x4f, 0xff, 0x64, 0x57, 0x4f, 0xff,
    0x8c, 0x83, 0x7e, 0xff, 0xe5, 0xe5, 0xe5, 0xff,
    0xea, 0xea, 0xea, 0xff, 0xff, 0xff, 0xff, 0xff,
    0xff, 0xff, 0xff, 0xff, 0xff, 0xff, 0xff, 0xff,
    0xff, 0xff, 0xff, 0xff, 0xff, 0xff, 0xff, 0xff,
    0xff, 0xff, 0xff, 0xff, 0xff, 0xff, 0xff, 0xff,
    0xff, 0xff, 0xff, 0xff, 0xff, 0xff, 0xff, 0x60,
    0xff, 0xff, 0xff, 0x20, 0xff, 0xff, 0xff, 0xff,
    0xff, 0xff, 0xff, 0xff, 0xff, 0xff, 0xff, 0xff,
    0xff, 0xff, 0xff, 0xff, 0xff, 0xff, 0xff, 0xff,
    0xff, 0xff, 0xff, 0xff, 0xff, 0xff, 0xff, 0xff,
    0xff, 0xff, 0xff, 0xff, 0xf0, 0xf0, 0xf0, 0xff,
    0xe5, 0xe5, 0xe5, 0xff, 0xb5, 0xb0, 0xad, 0xff,
    0x64, 0x57, 0x4f, 0xff, 0x64, 0x57, 0x4f, 0xff,
    0x64, 0x57, 0x4f, 0xff, 0x64, 0x57, 0x4f, 0xff,
    0x64, 0x57, 0x4f, 0xff, 0x7b, 0x6a, 0x62, 0xff,
    0x86, 0x73, 0x6a, 0xff, 0x86, 0x73, 0x6a, 0xff,
    0x86, 0x73, 0x6a, 0xff, 0x86, 0x73, 0x6a, 0xff,
    0x86, 0x73, 0x6a, 0xff, 0x86, 0x73, 0x6a, 0xff,
    0x86, 0x73, 0x6a, 0xff, 0x86, 0x73, 0x6a, 0xff,
    0x86, 0x73, 0x6a, 0xff, 0x86, 0x73, 0x6a, 0xff,
    0x86, 0x73, 0x6a, 0xff, 0x86, 0x73, 0x6a, 0xff,
    0x86, 0x73, 0x6a, 0xff, 0x86, 0x73, 0x6a, 0xff,
    0x86, 0x73, 0x6a, 0xff, 0x86, 0x73, 0x6a, 0xff,
    0x86, 0x73, 0x6a, 0xff, 0x86, 0x73, 0x6a, 0xff,
    0x86, 0x73, 0x6a, 0xff, 0x86, 0x73, 0x6a, 0xff,
    0x86, 0x73, 0x6a, 0xff, 0x86, 0x73, 0x6a, 0xff,
    0x86, 0x73, 0x6a, 0xff, 0x86, 0x73, 0x6a, 0xff,
    0x86, 0x73, 0x6a, 0xff, 0x86, 0x73, 0x6a, 0xff,
    0x86, 0x73, 0x6a, 0xff, 0x86, 0x73, 0x6a, 0xff,
    0x86, 0x73, 0x6a, 0xff, 0x86, 0x73, 0x6a, 0xff,
    0x86, 0x73, 0x6a, 0xff, 0x86, 0x73, 0x6a, 0xff,
    0x7b, 0x6a, 0x62, 0xff, 0x64, 0x57, 0x4f, 0xff,
    0x64, 0x57, 0x4f, 0xff, 0x64, 0x57, 0x4f, 0xff,
    0x64, 0x57, 0x4f, 0xff, 0x64, 0x57, 0x4f, 0xff,
    0xb5, 0xb0, 0xad, 0xff, 0xe5, 0xe5, 0xe5, 0xff,
    0xf0, 0xf0, 0xf0, 0xff, 0xff, 0xff, 0xff, 0xff,
    0xff, 0xff, 0xff, 0xff, 0xff, 0xff, 0xff, 0xff,
    0xff, 0xff, 0xff, 0xff, 0xff, 0xff, 0xff, 0xff,
    0xff, 0xff, 0xff, 0xff, 0xff, 0xff, 0xff, 0xff,
    0xff, 0xff, 0xff, 0xff, 0xff, 0xff, 0xff, 0x20,
    0x00, 0x00, 0x00, 0x00, 0xff, 0xff, 0xff, 0xef,
    0xff, 0xff, 0xff, 0xff, 0xff, 0xff, 0xff, 0xff,
    0xff, 0xff, 0xff, 0xff, 0xff, 0xff, 0xff, 0xff,
    0xff, 0xff, 0xff, 0xff, 0xff, 0xff, 0xff, 0xff,
    0xff, 0xff, 0xff, 0xff, 0xfa, 0xfa, 0xfa, 0xff,
    0xe5, 0xe5, 0xe5, 0xff, 0xdd, 0xdc, 0xdc, 0xff,
    0x6c, 0x60, 0x58, 0xff, 0x64, 0x57, 0x4f, 0xff,
    0x64, 0x57, 0x4f, 0xff, 0x64, 0x57, 0x4f, 0xff,
    0x64, 0x57, 0x4f, 0xff, 0x6d, 0x5e, 0x56, 0xff,
    0x86, 0x73, 0x6a, 0xff, 0x86, 0x73, 0x6a, 0xff,
    0x86, 0x73, 0x6a, 0xff, 0x86, 0x73, 0x6a, 0xff,
    0x86, 0x73, 0x6a, 0xff, 0x86, 0x73, 0x6a, 0xff,
    0x86, 0x73, 0x6a, 0xff, 0x86, 0x73, 0x6a, 0xff,
    0x86, 0x73, 0x6a, 0xff, 0x86, 0x73, 0x6a, 0xff,
    0x86, 0x73, 0x6a, 0xff, 0x86, 0x73, 0x6a, 0xff,
    0x86, 0x73, 0x6a, 0xff, 0x86, 0x73, 0x6a, 0xff,
    0x86, 0x73, 0x6a, 0xff, 0x86, 0x73, 0x6a, 0xff,
    0x86, 0x73, 0x6a, 0xff, 0x86, 0x73, 0x6a, 0xff,
    0x86, 0x73, 0x6a, 0xff, 0x86, 0x73, 0x6a, 0xff,
    0x86, 0x73, 0x6a, 0xff, 0x86, 0x73, 0x6a, 0xff,
    0x86, 0x73, 0x6a, 0xff, 0x86, 0x73, 0x6a, 0xff,
    0x86, 0x73, 0x6a, 0xff, 0x86, 0x73, 0x6a, 0xff,
    0x86, 0x73, 0x6a, 0xff, 0x86, 0x73, 0x6a, 0xff,
    0x86, 0x73, 0x6a, 0xff, 0x86, 0x73, 0x6a, 0xff,
    0x86, 0x73, 0x6a, 0xff, 0x86, 0x73, 0x6a, 0xff,
    0x6d, 0x5e, 0x56, 0xff, 0x64, 0x57, 0x4f, 0xff,
    0x64, 0x57, 0x4f, 0xff, 0x64, 0x57, 0x4f, 0xff,
    0x64, 0x57, 0x4f, 0xff, 0x6c, 0x60, 0x58, 0xff,
    0xdd, 0xdc, 0xdc, 0xff, 0xe5, 0xe5, 0xe5, 0xff,
    0xfa, 0xfa, 0xfa, 0xff, 0xff, 0xff, 0xff, 0xff,
    0xff, 0xff, 0xff, 0xff, 0xff, 0xff, 0xff, 0xff,
    0xff, 0xff, 0xff, 0xff, 0xff, 0xff, 0xff, 0xff,
    0xff, 0xff, 0xff, 0xff, 0xff, 0xff, 0xff, 0xff,
    0xff, 0xff, 0xff, 0xef, 0x00, 0x00, 0x00, 0x00,
    0x00, 0x00, 0x00, 0x00, 0xff, 0xff, 0xff, 0x9f,
    0xff, 0xff, 0xff, 0xff, 0xff, 0xff, 0xff, 0xff,
    0xff, 0xff, 0xff, 0xff, 0xff, 0xff, 0xff, 0xff,
    0xff, 0xff, 0xff, 0xff, 0xff, 0xff, 0xff, 0xff,
    0xff, 0xff, 0xff, 0xff, 0xff, 0xff, 0xff, 0xff,
    0xea, 0xea, 0xea, 0xff, 0xe5, 0xe5, 0xe5, 0xff,
    0x94, 0x8c, 0x87, 0xff, 0x64, 0x57, 0x4f, 0xff,
    0x64, 0x57, 0x4f, 0xff, 0x64, 0x57, 0x4f, 0xff,
    0x64, 0x57, 0x4f, 0xff, 0x64, 0x57, 0x4f, 0xff,
    0x79, 0x69, 0x60, 0xff, 0x86, 0x73, 0x6a, 0xff,
    0x86, 0x73, 0x6a, 0xff, 0x86, 0x73, 0x6a, 0xff,
    0x86, 0x73, 0x6a, 0xff, 0x86, 0x73, 0x6a, 0xff,
    0x86, 0x73, 0x6a, 0xff, 0x86, 0x73, 0x6a, 0xff,
    0x86, 0x73, 0x6a, 0xff, 0x86, 0x73, 0x6a, 0xff,
    0x86, 0x73, 0x6a, 0xff, 0x86, 0x73, 0x6a, 0xff,
    0x86, 0x73, 0x6a, 0xff, 0x86, 0x73, 0x6a, 0xff,
    0x86, 0x73, 0x6a, 0xff, 0x86, 0x73, 0x6a, 0xff,
    0x86, 0x73, 0x6a, 0xff, 0x86, 0x73, 0x6a, 0xff,
    0x86, 0x73, 0x6a, 0xff, 0x86, 0x73, 0x6a, 0xff,
    0x86, 0x73, 0x6a, 0xff, 0x86, 0x73, 0x6a, 0xff,
    0x86, 0x73, 0x6a, 0xff, 0x86, 0x73, 0x6a, 0xff,
    0x86, 0x73, 0x6a, 0xff, 0x86, 0x73, 0x6a, 0xff,
    0x86, 0x73, 0x6a, 0xff, 0x86, 0x73, 0x6a, 0xff,
    0x86, 0x73, 0x6a, 0xff, 0x86, 0x73, 0x6a, 0xff,
    0x86, 0x73, 0x6a, 0xff, 0x79, 0x69, 0x60, 0xff,
    0x64, 0x57, 0x4f, 0xff, 0x64, 0x57, 0x4f, 0xff,
    0x64, 0x57, 0x4f, 0xff, 0x64, 0x57, 0x4f, 0xff,
    0x64, 0x57, 0x4f, 0xff, 0x94, 0x8c, 0x87, 0xff,
    0xe5, 0xe5, 0xe5, 0xff, 0xea, 0xea, 0xea, 0xff,
    0xff, 0xff, 0xff, 0xff, 0xff, 0xff, 0xff, 0xff,
    0xff, 0xff, 0xff, 0xff, 0xff, 0xff, 0xff, 0xff,
    0xff, 0xff, 0xff, 0xff, 0xff, 0xff, 0xff, 0xff,
    0xff, 0xff, 0xff, 0xff, 0xff, 0xff, 0xff, 0xff,
    0xff, 0xff, 0xff, 0x9f, 0x00, 0x00, 0x00, 0x00,
    0x00, 0x00, 0x00, 0x00, 0xff, 0xff, 0xff, 0x50,
    0xff, 0xff, 0xff, 0xff, 0xff, 0xff, 0xff, 0xff,
    0xff, 0xff, 0xff, 0xff, 0xff, 0xff, 0xff, 0xff,
    0xff, 0xff, 0xff, 0xff, 0xff, 0xff, 0xff, 0xff,
    0xff, 0xff, 0xff, 0xff, 0xff, 0xff, 0xff, 0xff,
    0xf5, 0xf5, 0xf5, 0xff, 0xe5, 0xe5, 0xe5, 0xff,
    0xd5, 0xd3, 0xd2, 0xff, 0x64, 0x57, 0x4f, 0xff,
    0x64, 0x57, 0x4f, 0xff, 0x64, 0x57, 0x4f, 0xff,
    0x64, 0x57, 0x4f, 0xff, 0x64, 0x57, 0x4f, 0xff,
    0x66, 0x59, 0x51, 0xff, 0x84, 0x71, 0x68, 0xff,
    0x86, 0x73, 0x6a, 0xff, 0x86, 0x73, 0x6a, 0xff,
    0x86, 0x73, 0x6a, 0xff, 0x86, 0x73, 0x6a, 0xff,
    0x86, 0x73, 0x6a, 0xff, 0x86, 0x73, 0x6a, 0xff,
    0x86, 0x73, 0x6a, 0xff, 0x86, 0x73, 0x6a, 0xff,
    0x86, 0x73, 0x6a, 0xff, 0x86, 0x73, 0x6a, 0xff,
    0x86, 0x73, 0x6a, 0xff, 0x86, 0x73, 0x6a, 0xff,
    0x86, 0x73, 0x6a, 0xff, 0x86, 0x73, 0x6a, 0xff,
    0x86, 0x73, 0x6a, 0xff, 0x86, 0x73, 0x6a, 0xff,
    0x86, 0x73, 0x6a, 0xff, 0x86, 0x73, 0x6a, 0xff,
    0x86, 0x73, 0x6a, 0xff, 0x86, 0x73, 0x6a, 0xff,
    0x86, 0x73, 0x6a, 0xff, 0x86, 0x73, 0x6a, 0xff,
    0x86, 0x73, 0x6a, 0xff, 0x86, 0x73, 0x6a, 0xff,
    0x86, 0x73, 0x6a, 0xff, 0x86, 0x73, 0x6a, 0xff,
    0x86, 0x73, 0x6a, 0xff, 0x86, 0x73, 0x6a, 0xff,
    0x84, 0x71, 0x68, 0xff, 0x66, 0x59, 0x51, 0xff,
    0x64, 0x57, 0x4f, 0xff, 0x64, 0x57, 0x4f, 0xff,
    0x64, 0x57, 0x4f, 0xff, 0x64, 0x57, 0x4f, 0xff,
    0x64, 0x57, 0x4f, 0xff, 0xd5, 0xd3, 0xd2, 0xff,
    0xe5, 0xe5, 0xe5, 0xff, 0xf5, 0xf5, 0xf5, 0xff,
    0xff, 0xff, 0xff, 0xff, 0xff, 0xff, 0xff, 0xff,
    0xff, 0xff, 0xff, 0xff, 0xff, 0xff, 0xff, 0xff,
    0xff, 0xff, 0xff, 0xff, 0xff, 0xff, 0xff, 0xff,
    0xff, 0xff, 0xff, 0xff, 0xff, 0xff, 0xff, 0xff,
    0xff, 0xff, 0xff, 0x50, 0x00, 0x00, 0x00, 0x00,
    0x00, 0x00, 0x00, 0x00, 0x00, 0x00, 0x00, 0x00,
    0xff, 0xff, 0xff, 0xef, 0xff, 0xff, 0xff, 0xff,
    0xff, 0xff, 0xff, 0xff, 0xff, 0xff, 0xff, 0xff,
    0xff, 0xff, 0xff, 0xff, 0xff, 0xff, 0xff, 0xff,
    0xff, 0xff, 0xff, 0xff, 0xff, 0xff, 0xff, 0xff,
    0xff, 0xff, 0xff, 0xff, 0xe8, 0xe8, 0xe8, 0xff,
    0xe5, 0xe5, 0xe5, 0xff, 0x94, 0x8c, 0x87, 0xff,
    0x64, 0x57, 0x4f, 0xff, 0x64, 0x57, 0x4f, 0xff,
    0x64, 0x57, 0x4f, 0xff, 0x64, 0x57, 0x4f, 0xff,
    0x64, 0x57, 0x4f, 0xff, 0x6d, 0x5e, 0x56, 0xff,
    0x86, 0x73, 0x6a, 0xff, 0x86, 0x73, 0x6a, 0xff,
    0x86, 0x73, 0x6a, 0xff, 0x86, 0x73, 0x6a, 0xff,
    0x86, 0x73, 0x6a, 0xff, 0x86, 0x73, 0x6a, 0xff,
    0x86, 0x73, 0x6a, 0xff, 0x86, 0x73, 0x6a, 0xff,
    0x86, 0x73, 0x6a, 0xff, 0x86, 0x73, 0x6a, 0xff,
    0x86, 0x73, 0x6a, 0xff, 0x86, 0x73, 0x6a, 0xff,
    0x86, 0x73, 0x6a, 0xff, 0x86, 0x73, 0x6a, 0xff,
    0x86, 0x73, 0x6a, 0xff, 0x86, 0x73, 0x6a, 0xff,
    0x86, 0x73, 0x6a, 0xff, 0x86, 0x73, 0x6a, 0xff,
    0x86, 0x73, 0x6a, 0xff, 0x86, 0x73, 0x6a, 0xff,
    0x86, 0x73, 0x6a, 0xff, 0x86, 0x73, 0x6a, 0xff,
    0x86, 0x73, 0x6a, 0xff, 0x86, 0x73, 0x6a, 0xff,
    0x86, 0x73, 0x6a, 0xff, 0x86, 0x73, 0x6a, 0xff,
    0x86, 0x73, 0x6a, 0xff, 0x86, 0x73, 0x6a, 0xff,
    0x6d, 0x5e, 0x56, 0xff, 0x64, 0x57, 0x4f, 0xff,
    0x64, 0x57, 0x4f, 0xff, 0x64, 0x57, 0x4f, 0xff,
    0x64, 0x57, 0x4f, 0xff, 0x64, 0x57, 0x4f, 0xff,
    0x94, 0x8c, 0x87, 0xff, 0xe5, 0xe5, 0xe5, 0xff,
    0xe8, 0xe8, 0xe8, 0xff, 0xff, 0xff, 0xff, 0xff,
    0xff, 0xff, 0xff, 0xff, 0xff, 0xff, 0xff, 0xff,
    0xff, 0xff, 0xff, 0xff, 0xff, 0xff, 0xff, 0xff,
    0xff, 0xff, 0xff, 0xff, 0xff, 0xff, 0xff, 0xff,
    0xff, 0xff, 0xff, 0xff, 0xff, 0xff, 0xff, 0xef,
    0x00, 0x00, 0x00, 0x00, 0x00, 0x00, 0x00, 0x00,
    0x00, 0x00, 0x00, 0x00, 0x00, 0x00, 0x00, 0x00,
    0xff, 0xff, 0xff, 0x9f, 0xff, 0xff, 0xff, 0xff,
    0xff, 0xff, 0xff, 0xff, 0xff, 0xff, 0xff, 0xff,
    0xff, 0xff, 0xff, 0xff, 0xff, 0xff, 0xff, 0xff,
    0xff, 0xff, 0xff, 0xff, 0xff, 0xff, 0xff, 0xff,
    0xff, 0xff, 0xff, 0xff, 0xf5, 0xf5, 0xf5, 0xff,
    0xe5, 0xe5, 0xe5, 0xff, 0xdd, 0xdc, 0xdc, 0xff,
    0x6c, 0x60, 0x58, 0xff, 0x64, 0x57, 0x4f, 0xff,
    0x64, 0x57, 0x4f, 0xff, 0x64, 0x57, 0x4f, 0xff,
    0x64, 0x57, 0x4f, 0xff, 0x64, 0x57, 0x4f, 0xff,
    0x71, 0x62, 0x59, 0xff, 0x86, 0x73, 0x6a, 0xff,
    0x86, 0x73, 0x6a, 0xff, 0x86, 0x73, 0x6a, 0xff,
    0x86, 0x73, 0x6a, 0xff, 0x86, 0x73, 0x6a, 0xff,
    0x86, 0x73, 0x6a, 0xff, 0x86, 0x73, 0x6a, 0xff,
    0x86, 0x73, 0x6a, 0xff, 0x86, 0x73, 0x6a, 0xff,
    0x86, 0x73, 0x6a, 0xff, 0x86, 0x73, 0x6a, 0xff,
    0x86, 0x73, 0x6a, 0xff, 0x86, 0x73, 0x6a, 0xff,
    0x86, 0x73, 0x6a, 0xff, 0x86, 0x73, 0x6a, 0xff,
    0x86, 0x73, 0x6a, 0xff, 0x86, 0x73, 0x6a, 0xff,
    0x86, 0x73, 0x6a, 0xff, 0x86, 0x73, 0x6a, 0xff,
    0x86, 0x73, 0x6a, 0xff, 0x86, 0x73, 0x6a, 0xff,
    0x86, 0x73, 0x6a, 0xff, 0x86, 0x73, 0x6a, 0xff,
    0x86, 0x73, 0x6a, 0xff, 0x86, 0x73, 0x6a, 0xff,
    0x86, 0x73, 0x6a, 0xff, 0x71, 0x62, 0x59, 0xff,
    0x64, 0x57, 0x4f, 0xff, 0x64, 0x57, 0x4f, 0xff,
    0x64, 0x57, 0x4f, 0xff, 0x64, 0x57, 0x4f, 0xff,
    0x64, 0x57, 0x4f, 0xff, 0x6c, 0x60, 0x58, 0xff,
    0xdd, 0xdc, 0xdc, 0xff, 0xe5, 0xe5, 0xe5, 0xff,
    0xf5, 0xf5, 0xf5, 0xff, 0xff, 0xff, 0xff, 0xff,
    0xff, 0xff, 0xff, 0xff, 0xff, 0xff, 0xff, 0xff,
    0xff, 0xff, 0xff, 0xff, 0xff, 0xff, 0xff, 0xff,
    0xff, 0xff, 0xff, 0xff, 0xff, 0xff, 0xff, 0xff,
    0xff, 0xff, 0xff, 0xff, 0xff, 0xff, 0xff, 0x9f,
    0x00, 0x00, 0x00, 0x00, 0x00, 0x00, 0x00, 0x00,
    0x00, 0x00, 0x00, 0x00, 0x00, 0x00, 0x00, 0x00,
    0xff, 0xff, 0xff, 0x20, 0xff, 0xff, 0xff, 0xff,
    0xff, 0xff, 0xff, 0xff, 0xff, 0xff, 0xff, 0xff,
    0xff, 0xff, 0xff, 0xff, 0xff, 0xff, 0xff, 0xff,
    0xff, 0xff, 0xff, 0xff, 0xff, 0xff, 0xff, 0xff,
    0xff, 0xff, 0xff, 0xff, 0xff, 0xff, 0xff, 0xff,
    0xea, 0xea, 0xea, 0xff, 0xe5, 0xe5, 0xe5, 0xff,
    0xbd, 0xb9, 0xb6, 0xff, 0x64, 0x57, 0x4f, 0xff,
    0x64, 0x57, 0x4f, 0xff, 0x64, 0x57, 0x4f, 0xff,
    0x64, 0x57, 0x4f, 0xff, 0x64, 0x57, 0x4f, 0xff,
    0x64, 0x57, 0x4f, 0xff, 0x71, 0x62, 0x59, 0xff,
    0x86, 0x73, 0x6a, 0xff, 0x86, 0x73, 0x6a, 0xff,
    0x86, 0x73, 0x6a, 0xff, 0x86, 0x73, 0x6a, 0xff,
    0x86, 0x73, 0x6a, 0xff, 0x86, 0x73, 0x6a, 0xff,
    0x86, 0x73, 0x6a, 0xff, 0x86, 0x73, 0x6a, 0xff,
    0x86, 0x73, 0x6a, 0xff, 0x86, 0x73, 0x6a, 0xff,
    0x86, 0x73, 0x6a, 0xff, 0x86, 0x73, 0x6a, 0xff,
    0x86, 0x73, 0x6a, 0xff, 0x86, 0x73, 0x6a, 0xff,
    0x86, 0x73, 0x6a, 0xff, 0x86, 0x73, 0x6a, 0xff,
    0x86, 0x73, 0x6a, 0xff, 0x86, 0x73, 0x6a, 0xff,
    0x86, 0x73, 0x6a, 0xff, 0x86, 0x73, 0x6a, 0xff,
    0x86, 0x73, 0x6a, 0xff, 0x86, 0x73, 0x6a, 0xff,
    0x86, 0x73, 0x6a, 0xff, 0x86, 0x73, 0x6a, 0xff,
    0x71, 0x62, 0x59, 0xff, 0x64, 0x57, 0x4f, 0xff,
    0x64, 0x57, 0x4f, 0xff, 0x64, 0x57, 0x4f, 0xff,
    0x64, 0x57, 0x4f, 0xff, 0x64, 0x57, 0x4f, 0xff,
    0x64, 0x57, 0x4f, 0xff, 0xbd, 0xb9, 0xb6, 0xff,
    0xe5, 0xe5, 0xe5, 0xff, 0xea, 0xea, 0xea, 0xff,
    0xff, 0xff, 0xff, 0xff, 0xff, 0xff, 0xff, 0xff,
    0xff, 0xff, 0xff, 0xff, 0xff, 0xff, 0xff, 0xff,
    0xff, 0xff, 0xff, 0xff, 0xff, 0xff, 0xff, 0xff,
    0xff, 0xff, 0xff, 0xff, 0xff, 0xff, 0xff, 0xff,
    0xff, 0xff, 0xff, 0xff, 0xff, 0xff, 0xff, 0x20,
    0x00, 0x00, 0x00, 0x00, 0x00, 0x00, 0x00, 0x00,
    0x00, 0x00, 0x00, 0x00, 0x00, 0x00, 0x00, 0x00,
    0x00, 0x00, 0x00, 0x00, 0xff, 0xff, 0xff, 0xbf,
    0xff, 0xff, 0xff, 0xff, 0xff, 0xff, 0xff, 0xff,
    0xff, 0xff, 0xff, 0xff, 0xff, 0xff, 0xff, 0xff,
    0xff, 0xff, 0xff, 0xff, 0xff, 0xff, 0xff, 0xff,
    0xff, 0xff, 0xff, 0xff, 0xff, 0xff, 0xff, 0xff,
    0xfa, 0xfa, 0xfa, 0xff, 0xe5, 0xe5, 0xe5, 0xff,
    0xe5, 0xe5, 0xe5, 0xff, 0x94, 0x8c, 0x87, 0xff,
    0x64, 0x57, 0x4f, 0xff, 0x64, 0x57, 0x4f, 0xff,
    0x64, 0x57, 0x4f, 0xff, 0x64, 0x57, 0x4f, 0xff,
    0x64, 0x57, 0x4f, 0xff, 0x64, 0x57, 0x4f, 0xff,
    0x6d, 0x5e, 0x56, 0xff, 0x84, 0x71, 0x68, 0xff,
    0x86, 0x73, 0x6a, 0xff, 0x86, 0x73, 0x6a, 0xff,
    0x86, 0x73, 0x6a, 0xff, 0x86, 0x73, 0x6a, 0xff,
    0x86, 0x73, 0x6a, 0xff, 0x86, 0x73, 0x6a, 0xff,
    0x86, 0x73, 0x6a, 0xff, 0x86, 0x73, 0x6a, 0xff,
    0x86, 0x73, 0x6a, 0xff, 0x86, 0x73, 0x6a, 0xff,
    0x86, 0x73, 0x6a, 0xff, 0x86, 0x73, 0x6a, 0xff,
    0x86, 0x73, 0x6a, 0xff, 0x86, 0x73, 0x6a, 0xff,
    0x86, 0x73, 0x6a, 0xff, 0x86, 0x73, 0x6a, 0xff,
    0x86, 0x73, 0x6a, 0xff, 0x86, 0x73, 0x6a, 0xff,
    0x86, 0x73, 0x6a, 0xff, 0x86, 0x73, 0x6a, 0xff,
    0x84, 0x71, 0x68, 0xff, 0x6d, 0x5e, 0x56, 0xff,
    0x64, 0x57, 0x4f, 0xff, 0x64, 0x57, 0x4f, 0xff,
    0x64, 0x57, 0x4f, 0xff, 0x64, 0x57, 0x4f, 0xff,
    0x64, 0x57, 0x4f, 0xff, 0x64, 0x57, 0x4f, 0xff,
    0x94, 0x8c, 0x87, 0xff, 0xe5, 0xe5, 0xe5, 0xff,
    0xe5, 0xe5, 0xe5, 0xff, 0xfa, 0xfa, 0xfa, 0xff,
    0xff, 0xff, 0xff, 0xff, 0xff, 0xff, 0xff, 0xff,
    0xff, 0xff, 0xff, 0xff, 0xff, 0xff, 0xff, 0xff,
    0xff, 0xff, 0xff, 0xff, 0xff, 0xff, 0xff, 0xff,
    0xff, 0xff, 0xff, 0xff, 0xff, 0xff, 0xff, 0xff,
    0xff, 0xff, 0xff, 0xbf, 0x00, 0x00, 0x00, 0x00,
    0x00, 0x00, 0x00, 0x00, 0x00, 0x00, 0x00, 0x00,
    0x00, 0x00, 0x00, 0x00, 0x00, 0x00, 0x00, 0x00,
    0x00, 0x00, 0x00, 0x00, 0xff, 0xff, 0xff, 0x40,
    0xff, 0xff, 0xff, 0xff, 0xff, 0xff, 0xff, 0xff,
    0xff, 0xff, 0xff, 0xff, 0xff, 0xff, 0xff, 0xff,
    0xff, 0xff, 0xff, 0xff, 0xff, 0xff, 0xff, 0xff,
    0xff, 0xff, 0xff, 0xff, 0xff, 0xff, 0xff, 0xff,
    0xff, 0xff, 0xff, 0xff, 0xf4, 0xf4, 0xf4, 0xff,
    0xe5, 0xe5, 0xe5, 0xff, 0xdd, 0xdc, 0xdc, 0xff,
    0x7c, 0x72, 0x6b, 0xff, 0x64, 0x57, 0x4f, 0xff,
    0x64, 0x57, 0x4f, 0xff, 0x64, 0x57, 0x4f, 0xff,
    0x64, 0x57, 0x4f, 0xff, 0x64, 0x57, 0x4f, 0xff,
    0x64, 0x57, 0x4f, 0xff, 0x66, 0x59, 0x51, 0xff,
    0x79, 0x69, 0x60, 0xff, 0x86, 0x73, 0x6a, 0xff,
    0x86, 0x73, 0x6a, 0xff, 0x86, 0x73, 0x6a, 0xff,
    0x86, 0x73, 0x6a, 0xff, 0x86, 0x73, 0x6a, 0xff,
    0x86, 0x73, 0x6a, 0xff, 0x86, 0x73, 0x6a, 0xff,
    0x86, 0x73, 0x6a, 0xff, 0x86, 0x73, 0x6a, 0xff,
    0x86, 0x73, 0x6a, 0xff, 0x86, 0x73, 0x6a, 0xff,
    0x86, 0x73, 0x6a, 0xff, 0x86, 0x73, 0x6a, 0xff,
    0x86, 0x73, 0x6a, 0xff, 0x86, 0x73, 0x6a, 0xff,
    0x86, 0x73, 0x6a, 0xff, 0x86, 0x73, 0x6a, 0xff,
    0x86, 0x73, 0x6a, 0xff, 0x79, 0x69, 0x60, 0xff,
    0x66, 0x59, 0x51, 0xff, 0x64, 0x57, 0x4f, 0xff,
    0x64, 0x57, 0x4f, 0xff, 0x64, 0x57, 0x4f, 0xff,
    0x64, 0x57, 0x4f, 0xff, 0x64, 0x57, 0x4f, 0xff,
    0x64, 0x57, 0x4f, 0xff, 0x7c, 0x72, 0x6b, 0xff,
    0xdd, 0xdc, 0xdc, 0xff, 0xe5, 0xe5, 0xe5, 0xff,
    0xf4, 0xf4, 0xf4, 0xff, 0xff, 0xff, 0xff, 0xff,
    0xff, 0xff, 0xff, 0xff, 0xff, 0xff, 0xff, 0xff,
    0xff, 0xff, 0xff, 0xff, 0xff, 0xff, 0xff, 0xff,
    0xff, 0xff, 0xff, 0xff, 0xff, 0xff, 0xff, 0xff,
    0xff, 0xff, 0xff, 0xff, 0xff, 0xff, 0xff, 0xff,
    0xff, 0xff, 0xff, 0x40, 0x00, 0x00, 0x00, 0x00,
    0x00, 0x00, 0x00, 0x00, 0x00, 0x00, 0x00, 0x00,
    0x00, 0x00, 0x00, 0x00, 0x00, 0x00, 0x00, 0x00,
    0x00, 0x00, 0x00, 0x00, 0x00, 0x00, 0x00, 0x00,
    0xff, 0xff, 0xff, 0xbf, 0xff, 0xff, 0xff, 0xff,
    0xff, 0xff, 0xff, 0xff, 0xff, 0xff, 0xff, 0xff,
    0xff, 0xff, 0xff, 0xff, 0xff, 0xff, 0xff, 0xff,
    0xff, 0xff, 0xff, 0xff, 0xff, 0xff, 0xff, 0xff,
    0xff, 0xff, 0xff, 0xff, 0xff, 0xff, 0xff, 0xff,
    0xef, 0xef, 0xef, 0xff, 0xe5, 0xe5, 0xe5, 0xff,
    0xdd, 0xdc, 0xdc, 0xff, 0x7c, 0x72, 0x6b, 0xff,
    0x64, 0x57, 0x4f, 0xff, 0x64, 0x57, 0x4f, 0xff,
    0x64, 0x57, 0x4f, 0xff, 0x64, 0x57, 0x4f, 0xff,
    0x64, 0x57, 0x4f, 0xff, 0x64, 0x57, 0x4f, 0xff,
    0x64, 0x57, 0x4f, 0xff, 0x6d, 0x5e, 0x56, 0xff,
    0x7b, 0x6a, 0x62, 0xff, 0x86, 0x73, 0x6a, 0xff,
    0x86, 0x73, 0x6a, 0xff, 0x86, 0x73, 0x6a, 0xff,
    0x86, 0x73, 0x6a, 0xff, 0x86, 0x73, 0x6a, 0xff,
    0x86, 0x73, 0x6a, 0xff, 0x86, 0x73, 0x6a, 0xff,
    0x86, 0x73, 0x6a, 0xff, 0x86, 0x73, 0x6a, 0xff,
    0x86, 0x73, 0x6a, 0xff, 0x86, 0x73, 0x6a, 0xff,
    0x86, 0x73, 0x6a, 0xff, 0x86, 0x73, 0x6a, 0xff,
    0x86, 0x73, 0x6a, 0xff, 0x7b, 0x6a, 0x62, 0xff,
    0x6d, 0x5e, 0x56, 0xff, 0x64, 0x57, 0x4f, 0xff,
    0x64, 0x57, 0x4f, 0xff, 0x64, 0x57, 0x4f, 0xff,
    0x64, 0x57, 0x4f, 0xff, 0x64, 0x57, 0x4f, 0xff,
    0x64, 0x57, 0x4f, 0xff, 0x64, 0x57, 0x4f, 0xff,
    0x7c, 0x72, 0x6b, 0xff, 0xdd, 0xdc, 0xdc, 0xff,
    0xe5, 0xe5, 0xe5, 0xff, 0xef, 0xef, 0xef, 0xff,
    0xff, 0xff, 0xff, 0xff, 0xff, 0xff, 0xff, 0xff,
    0xff, 0xff, 0xff, 0xff, 0xff, 0xff, 0xff, 0xff,
    0xff, 0xff, 0xff, 0xff, 0xff, 0xff, 0xff, 0xff,
    0xff, 0xff, 0xff, 0xff, 0xff, 0xff, 0xff, 0xff,
    0xff, 0xff, 0xff, 0xff, 0xff, 0xff, 0xff, 0xbf,
    0x00, 0x00, 0x00, 0x00, 0x00, 0x00, 0x00, 0x00,
    0x00, 0x00, 0x00, 0x00, 0x00, 0x00, 0x00, 0x00,
    0x00, 0x00, 0x00, 0x00, 0x00, 0x00, 0x00, 0x00,
    0x00, 0x00, 0x00, 0x00, 0x00, 0x00, 0x00, 0x00,
    0xff, 0xff, 0xff, 0x20, 0xff, 0xff, 0xff, 0xff,
    0xff, 0xff, 0xff, 0xff, 0xff, 0xff, 0xff, 0xff,
    0xff, 0xff, 0xff, 0xff, 0xff, 0xff, 0xff, 0xff,
    0xff, 0xff, 0xff, 0xff, 0xff, 0xff, 0xff, 0xff,
    0xff, 0xff, 0xff, 0xff, 0xff, 0xff, 0xff, 0xff,
    0xff, 0xff, 0xff, 0xff, 0xed, 0xed, 0xed, 0xff,
    0xe5, 0xe5, 0xe5, 0xff, 0xdd, 0xdc, 0xdc, 0xff,
    0x7c, 0x72, 0x6b, 0xff, 0x64, 0x57, 0x4f, 0xff,
    0x64, 0x57, 0x4f, 0xff, 0x64, 0x57, 0x4f, 0xff,
    0x64, 0x57, 0x4f, 0xff, 0x64, 0x57, 0x4f, 0xff,
    0x64, 0x57, 0x4f, 0xff, 0x64, 0x57, 0x4f, 0xff,
    0x64, 0x57, 0x4f, 0xff, 0x68, 0x5b, 0x52, 0xff,
    0x73, 0x63, 0x5b, 0xff, 0x7e, 0x6c, 0x63, 0xff,
    0x86, 0x73, 0x6a, 0xff, 0x86, 0x73, 0x6a, 0xff,
    0x86, 0x73, 0x6a, 0xff, 0x86, 0x73, 0x6a, 0xff,
    0x86, 0x73, 0x6a, 0xff, 0x86, 0x73, 0x6a, 0xff,
    0x86, 0x73, 0x6a, 0xff, 0x86, 0x73, 0x6a, 0xff,
    0x7e, 0x6c, 0x63, 0xff, 0x73, 0x63, 0x5b, 0xff,
    0x68, 0x5b, 0x52, 0xff, 0x64, 0x57, 0x4f, 0xff,
    0x64, 0x57, 0x4f, 0xff, 0x64, 0x57, 0x4f, 0xff,
    0x64, 0x57, 0x4f, 0xff, 0x64, 0x57, 0x4f, 0xff,
    0x64, 0x57, 0x4f, 0xff, 0x64, 0x57, 0x4f, 0xff,
    0x64, 0x57, 0x4f, 0xff, 0x7c, 0x72, 0x6b, 0xff,
    0xdd, 0xdc, 0xdc, 0xff, 0xe5, 0xe5, 0xe5, 0xff,
    0xed, 0xed, 0xed, 0xff, 0xff, 0xff, 0xff, 0xff,
    0xff, 0xff, 0xff, 0xff, 0xff, 0xff, 0xff, 0xff,
    0xff, 0xff, 0xff, 0xff, 0xff, 0xff, 0xff, 0xff,
    0xff, 0xff, 0xff, 0xff, 0xff, 0xff, 0xff, 0xff,
    0xff, 0xff, 0xff, 0xff, 0xff, 0xff, 0xff, 0xff,
    0xff, 0xff, 0xff, 0xff, 0xff, 0xff, 0xff, 0x20,
    0x00, 0x00, 0x00, 0x00, 0x00, 0x00, 0x00, 0x00,
    0x00, 0x00, 0x00, 0x00, 0x00, 0x00, 0x00, 0x00,
    0x00, 0x00, 0x00, 0x00, 0x00, 0x00, 0x00, 0x00,
    0x00, 0x00, 0x00, 0x00, 0x00, 0x00, 0x00, 0x00,
    0x00, 0x00, 0x00, 0x00, 0xff, 0xff, 0xff, 0x80,
    0xff, 0xff, 0xff, 0xff, 0xff, 0xff, 0xff, 0xff,
    0xff, 0xff, 0xff, 0xff, 0xff, 0xff, 0xff, 0xff,
    0xff, 0xff, 0xff, 0xff, 0xff, 0xff, 0xff, 0xff,
    0xff, 0xff, 0xff, 0xff, 0xff, 0xff, 0xff, 0xff,
    0xff, 0xff, 0xff, 0xff, 0xfd, 0xfd, 0xfd, 0xff,
    0xed, 0xed, 0xed, 0xff, 0xe5, 0xe5, 0xe5, 0xff,
    0xdd, 0xdc, 0xdc, 0xff, 0x94, 0x8c, 0x87, 0xff,
    0x64, 0x57, 0x4f, 0xff, 0x64, 0x57, 0x4f, 0xff,
    0x64, 0x57, 0x4f, 0xff, 0x64, 0x57, 0x4f, 0xff,
    0x64, 0x57, 0x4f, 0xff, 0x64, 0x57, 0x4f, 0xff,
    0x64, 0x57, 0x4f, 0xff, 0x64, 0x57, 0x4f, 0xff,
    0x64, 0x57, 0x4f, 0xff, 0x64, 0x57, 0x4f, 0xff,
    0x64, 0x57, 0x4f, 0xff, 0x68, 0x5b, 0x52, 0xff,
    0x6d, 0x5e, 0x56, 0xff, 0x6d, 0x5e, 0x56, 0xff,
    0x6d, 0x5e, 0x56, 0xff, 0x6d, 0x5e, 0x56, 0xff,
    0x68, 0x5b, 0x52, 0xff, 0x64, 0x57, 0x4f, 0xff,
    0x64, 0x57, 0x4f, 0xff, 0x64, 0x57, 0x4f, 0xff,
    0x64, 0x57, 0x4f, 0xff, 0x64, 0x57, 0x4f, 0xff,
    0x64, 0x57, 0x4f, 0xff, 0x64, 0x57, 0x4f, 0xff,
    0x64, 0x57, 0x4f, 0xff, 0x64, 0x57, 0x4f, 0xff,
    0x64, 0x57, 0x4f, 0xff, 0x64, 0x57, 0x4f, 0xff,
    0x94, 0x8c, 0x87, 0xff, 0xdd, 0xdc, 0xdc, 0xff,
    0xe5, 0xe5, 0xe5, 0xff, 0xed, 0xed, 0xed, 0xff,
    0xfd, 0xfd, 0xfd, 0xff, 0xff, 0xff, 0xff, 0xff,
    0xff, 0xff, 0xff, 0xff, 0xff, 0xff, 0xff, 0xff,
    0xff, 0xff, 0xff, 0xff, 0xff, 0xff, 0xff, 0xff,
    0xff, 0xff, 0xff, 0xff, 0xff, 0xff, 0xff, 0xff,
    0xff, 0xff, 0xff, 0xff, 0xff, 0xff, 0xff, 0xff,
    0xff, 0xff, 0xff, 0x80, 0x00, 0x00, 0x00, 0x00,
    0x00, 0x00, 0x00, 0x00, 0x00, 0x00, 0x00, 0x00,
    0x00, 0x00, 0x00, 0x00, 0x00, 0x00, 0x00, 0x00,
    0x00, 0x00, 0x00, 0x00, 0x00, 0x00, 0x00, 0x00,
    0x00, 0x00, 0x00, 0x00, 0x00, 0x00, 0x00, 0x00,
    0x00, 0x00, 0x00, 0x00, 0x00, 0x00, 0x00, 0x00,
    0xff, 0xff, 0xff, 0xcf, 0xff, 0xff, 0xff, 0xff,
    0xff, 0xff, 0xff, 0xff, 0xff, 0xff, 0xff, 0xff,
    0xff, 0xff, 0xff, 0xff, 0xff, 0xff, 0xff, 0xff,
    0xff, 0xff, 0xff, 0xff, 0xff, 0xff, 0xff, 0xff,
    0xff, 0xff, 0xff, 0xff, 0xff, 0xff, 0xff, 0xff,
    0xff, 0xff, 0xff, 0xff, 0xef, 0xef, 0xef, 0xff,
    0xe5, 0xe5, 0xe5, 0xff, 0xe5, 0xe5, 0xe5, 0xff,
    0xbd, 0xb9, 0xb6, 0xff, 0x6c, 0x60, 0x58, 0xff,
    0x64, 0x57, 0x4f, 0xff, 0x64, 0x57, 0x4f, 0xff,
    0x64, 0x57, 0x4f, 0xff, 0x64, 0x57, 0x4f, 0xff,
    0x64, 0x57, 0x4f, 0xff, 0x64, 0x57, 0x4f, 0xff,
    0x64, 0x57, 0x4f, 0xff, 0x64, 0x57, 0x4f, 0xff,
    0x64, 0x57, 0x4f, 0xff, 0x64, 0x57, 0x4f, 0xff,
    0x64, 0x57, 0x4f, 0xff, 0x64, 0x57, 0x4f, 0xff,
    0x64, 0x57, 0x4f, 0xff, 0x64, 0x57, 0x4f, 0xff,
    0x64, 0x57, 0x4f, 0xff, 0x64, 0x57, 0x4f, 0xff,
    0x64, 0x57, 0x4f, 0xff, 0x64, 0x57, 0x4f, 0xff,
    0x64, 0x57, 0x4f, 0xff, 0x64, 0x57, 0x4f, 0xff,
    0x64, 0x57, 0x4f, 0xff, 0x64, 0x57, 0x4f, 0xff,
    0x64, 0x57, 0x4f, 0xff, 0x64, 0x57, 0x4f, 0xff,
    0x6c, 0x60, 0x58, 0xff, 0xbd, 0xb9, 0xb6, 0xff,
    0xe5, 0xe5, 0xe5, 0xff, 0xe5, 0xe5, 0xe5, 0xff,
    0xef, 0xef, 0xef, 0xff, 0xff, 0xff, 0xff, 0xff,
    0xff, 0xff, 0xff, 0xff, 0xff, 0xff, 0xff, 0xff,
    0xff, 0xff, 0xff, 0xff, 0xff, 0xff, 0xff, 0xff,
    0xff, 0xff, 0xff, 0xff, 0xff, 0xff, 0xff, 0xff,
    0xff, 0xff, 0xff, 0xff, 0xff, 0xff, 0xff, 0xff,
    0xff, 0xff, 0xff, 0xff, 0xff, 0xff, 0xff, 0xcf,
    0x00, 0x00, 0x00, 0x00, 0x00, 0x00, 0x00, 0x00,
    0x00, 0x00, 0x00, 0x00, 0x00, 0x00, 0x00, 0x00,
    0x00, 0x00, 0x00, 0x00, 0x00, 0x00, 0x00, 0x00,
    0x00, 0x00, 0x00, 0x00, 0x00, 0x00, 0x00, 0x00,
    0x00, 0x00, 0x00, 0x00, 0x00, 0x00, 0x00, 0x00,
    0x00, 0x00, 0x00, 0x00, 0x00, 0x00, 0x00, 0x00,
    0xff, 0xff, 0xff, 0x20, 0xff, 0xff, 0xff, 0xef,
    0xff, 0xff, 0xff, 0xff, 0xff, 0xff, 0xff, 0xff,
    0xff, 0xff, 0xff, 0xff, 0xff, 0xff, 0xff, 0xff,
    0xff, 0xff, 0xff, 0xff, 0xff, 0xff, 0xff, 0xff,
    0xff, 0xff, 0xff, 0xff, 0xff, 0xff, 0xff, 0xff,
    0xff, 0xff, 0xff, 0xff, 0xff, 0xff, 0xff, 0xff,
    0xf4, 0xf4, 0xf4, 0xff, 0xe5, 0xe5, 0xe5, 0xff,
    0xe5, 0xe5, 0xe5, 0xff, 0xdd, 0xdc, 0xdc, 0xff,
    0x94, 0x8c, 0x87, 0xff, 0x64, 0x57, 0x4f, 0xff,
    0x64, 0x57, 0x4f, 0xff, 0x64, 0x57, 0x4f, 0xff,
    0x64, 0x57, 0x4f, 0xff, 0x64, 0x57, 0x4f, 0xff,
    0x64, 0x57, 0x4f, 0xff, 0x64, 0x57, 0x4f, 0xff,
    0x64, 0x57, 0x4f, 0xff, 0x64, 0x57, 0x4f, 0xff,
    0x64, 0x57, 0x4f, 0xff, 0x64, 0x57, 0x4f, 0xff,
    0x64, 0x57, 0x4f, 0xff, 0x64, 0x57, 0x4f, 0xff,
    0x64, 0x57, 0x4f, 0xff, 0x64, 0x57, 0x4f, 0xff,
    0x64, 0x57, 0x4f, 0xff, 0x64, 0x57, 0x4f, 0xff,
    0x64, 0x57, 0x4f, 0xff, 0x64, 0x57, 0x4f, 0xff,
    0x64, 0x57, 0x4f, 0xff, 0x64, 0x57, 0x4f, 0xff,
    0x64, 0x57, 0x4f, 0xff, 0x94, 0x8c, 0x87, 0xff,
    0xdd, 0xdc, 0xdc, 0xff, 0xe5, 0xe5, 0xe5, 0xff,
    0xe5, 0xe5, 0xe5, 0xff, 0xf4, 0xf4, 0xf4, 0xff,
    0xff, 0xff, 0xff, 0xff, 0xff, 0xff, 0xff, 0xff,
    0xff, 0xff, 0xff, 0xff, 0xff, 0xff, 0xff, 0xff,
    0xff, 0xff, 0xff, 0xff, 0xff, 0xff, 0xff, 0xff,
    0xff, 0xff, 0xff, 0xff, 0xff, 0xff, 0xff, 0xff,
    0xff, 0xff, 0xff, 0xff, 0xff, 0xff, 0xff, 0xff,
    0xff, 0xff, 0xff, 0xef, 0xff, 0xff, 0xff, 0x20,
    0x00, 0x00, 0x00, 0x00, 0x00, 0x00, 0x00, 0x00,
    0x00, 0x00, 0x00, 0x00, 0x00, 0x00, 0x00, 0x00,
    0x00, 0x00, 0x00, 0x00, 0x00, 0x00, 0x00, 0x00,
    0x00, 0x00, 0x00, 0x00, 0x00, 0x00, 0x00, 0x00,
    0x00, 0x00, 0x00, 0x00, 0x00, 0x00, 0x00, 0x00,
    0x00, 0x00, 0x00, 0x00, 0x00, 0x00, 0x00, 0x00,
    0x00, 0x00, 0x00, 0x00, 0xff, 0xff, 0xff, 0x50,
    0xff, 0xff, 0xff, 0xff, 0xff, 0xff, 0xff, 0xff,
    0xff, 0xff, 0xff, 0xff, 0xff, 0xff, 0xff, 0xff,
    0xff, 0xff, 0xff, 0xff, 0xff, 0xff, 0xff, 0xff,
    0xff, 0xff, 0xff, 0xff, 0xff, 0xff, 0xff, 0xff,
    0xff, 0xff, 0xff, 0xff, 0xff, 0xff, 0xff, 0xff,
    0xff, 0xff, 0xff, 0xff, 0xfa, 0xfa, 0xfa, 0xff,
    0xea, 0xea, 0xea, 0xff, 0xe5, 0xe5, 0xe5, 0xff,
    0xe5, 0xe5, 0xe5, 0xff, 0xd5, 0xd3, 0xd2, 0xff,
    0x94, 0x8c, 0x87, 0xff, 0x6c, 0x60, 0x58, 0xff,
    0x64, 0x57, 0x4f, 0xff, 0x64, 0x57, 0x4f, 0xff,
    0x64, 0x57, 0x4f, 0xff, 0x64, 0x57, 0x4f, 0xff,
    0x64, 0x57, 0x4f, 0xff, 0x64, 0x57, 0x4f, 0xff,
    0x64, 0x57, 0x4f, 0xff, 0x64, 0x57, 0x4f, 0xff,
    0x64, 0x57, 0x4f, 0xff, 0x64, 0x57, 0x4f, 0xff,
    0x64, 0x57, 0x4f, 0xff, 0x64, 0x57, 0x4f, 0xff,
    0x64, 0x57, 0x4f, 0xff, 0x64, 0x57, 0x4f, 0xff,
    0x64, 0x57, 0x4f, 0xff, 0x64, 0x57, 0x4f, 0xff,
    0x6c, 0x60, 0x58, 0xff, 0x94, 0x8c, 0x87, 0xff,
    0xd5, 0xd3, 0xd2, 0xff, 0xe5, 0xe5, 0xe5, 0xff,
    0xe5, 0xe5, 0xe5, 0xff, 0xea, 0xea, 0xea, 0xff,
    0xfa, 0xfa, 0xfa, 0xff, 0xff, 0xff, 0xff, 0xff,
    0xff, 0xff, 0xff, 0xff, 0xff, 0xff, 0xff, 0xff,
    0xff, 0xff, 0xff, 0xff, 0xff, 0xff, 0xff, 0xff,
    0xff, 0xff, 0xff, 0xff, 0xff, 0xff, 0xff, 0xff,
    0xff, 0xff, 0xff, 0xff, 0xff, 0xff, 0xff, 0xff,
    0xff, 0xff, 0xff, 0xff, 0xff, 0xff, 0xff, 0xff,
    0xff, 0xff, 0xff, 0x50, 0x00, 0x00, 0x00, 0x00,
    0x00, 0x00, 0x00, 0x00, 0x00, 0x00, 0x00, 0x00,
    0x00, 0x00, 0x00, 0x00, 0x00, 0x00, 0x00, 0x00,
    0x00, 0x00, 0x00, 0x00, 0x00, 0x00, 0x00, 0x00,
    0x00, 0x00, 0x00, 0x00, 0x00, 0x00, 0x00, 0x00,
    0x00, 0x00, 0x00, 0x00, 0x00, 0x00, 0x00, 0x00,
    0x00, 0x00, 0x00, 0x00, 0x00, 0x00, 0x00, 0x00,
    0x00, 0x00, 0x00, 0x00, 0x00, 0x00, 0x00, 0x00,
    0xff, 0xff, 0xff, 0x60, 0xff, 0xff, 0xff, 0xff,
    0xff, 0xff, 0xff, 0xff, 0xff, 0xff, 0xff, 0xff,
    0xff, 0xff, 0xff, 0xff, 0xff, 0xff, 0xff, 0xff,
    0xff, 0xff, 0xff, 0xff, 0xff, 0xff, 0xff, 0xff,
    0xff, 0xff, 0xff, 0xff, 0xff, 0xff, 0xff, 0xff,
    0xff, 0xff, 0xff, 0xff, 0xff, 0xff, 0xff, 0xff,
    0xff, 0xff, 0xff, 0xff, 0xf5, 0xf5, 0xf5, 0xff,
    0xe8, 0xe8, 0xe8, 0xff, 0xe5, 0xe5, 0xe5, 0xff,
    0xe5, 0xe5, 0xe5, 0xff, 0xdd, 0xdc, 0xdc, 0xff,
    0xb5, 0xb0, 0xad, 0xff, 0x8c, 0x83, 0x7e, 0xff,
    0x6c, 0x60, 0x58, 0xff, 0x64, 0x57, 0x4f, 0xff,
    0x64, 0x57, 0x4f, 0xff, 0x64, 0x57, 0x4f, 0xff,
    0x64, 0x57, 0x4f, 0xff, 0x64, 0x57, 0x4f, 0xff,
    0x64, 0x57, 0x4f, 0xff, 0x64, 0x57, 0x4f, 0xff,
    0x64, 0x57, 0x4f, 0xff, 0x64, 0x57, 0x4f, 0xff,
    0x64, 0x57, 0x4f, 0xff, 0x6c, 0x60, 0x58, 0xff,
    0x8c, 0x83, 0x7e, 0xff, 0xb5, 0xb0, 0xad, 0xff,
    0xdd, 0xdc, 0xdc, 0xff, 0xe5, 0xe5, 0xe5, 0xff,
    0xe5, 0xe5, 0xe5, 0xff, 0xe8, 0xe8, 0xe8, 0xff,
    0xf5, 0xf5, 0xf5, 0xff, 0xff, 0xff, 0xff, 0xff,
    0xff, 0xff, 0xff, 0xff, 0xff, 0xff, 0xff, 0xff,
    0xff, 0xff, 0xff, 0xff, 0xff, 0xff, 0xff, 0xff,
    0xff, 0xff, 0xff, 0xff, 0xff, 0xff, 0xff, 0xff,
    0xff, 0xff, 0xff, 0xff, 0xff, 0xff, 0xff, 0xff,
    0xff, 0xff, 0xff, 0xff, 0xff, 0xff, 0xff, 0xff,
    0xff, 0xff, 0xff, 0xff, 0xff, 0xff, 0xff, 0x60,
    0x00, 0x00, 0x00, 0x00, 0x00, 0x00, 0x00, 0x00,
    0x00, 0x00, 0x00, 0x00, 0x00, 0x00, 0x00, 0x00,
    0x00, 0x00, 0x00, 0x00, 0x00, 0x00, 0x00, 0x00,
    0x00, 0x00, 0x00, 0x00, 0x00, 0x00, 0x00, 0x00,
    0x00, 0x00, 0x00, 0x00, 0x00, 0x00, 0x00, 0x00,
    0x00, 0x00, 0x00, 0x00, 0x00, 0x00, 0x00, 0x00,
    0x00, 0x00, 0x00, 0x00, 0x00, 0x00, 0x00, 0x00,
    0x00, 0x00, 0x00, 0x00, 0x00, 0x00, 0x00, 0x00,
    0x00, 0x00, 0x00, 0x00, 0xff, 0xff, 0xff, 0x9f,
    0xff, 0xff, 0xff, 0xff, 0xff, 0xff, 0xff, 0xff,
    0xff, 0xff, 0xff, 0xff, 0xff, 0xff, 0xff, 0xff,
    0xff, 0xff, 0xff, 0xff, 0xff, 0xff, 0xff, 0xff,
    0xff, 0xff, 0xff, 0xff, 0xff, 0xff, 0xff, 0xff,
    0xff, 0xff, 0xff, 0xff, 0xff, 0xff, 0xff, 0xff,
    0xff, 0xff, 0xff, 0xff, 0xff, 0xff, 0xff, 0xff,
    0xff, 0xff, 0xff, 0xff, 0xf5, 0xf5, 0xf5, 0xff,
    0xea, 0xea, 0xea, 0xff, 0xe5, 0xe5, 0xe5, 0xff,
    0xe5, 0xe5, 0xe5, 0xff, 0xe5, 0xe5, 0xe5, 0xff,
    0xe5, 0xe5, 0xe5, 0xff, 0xcd, 0xca, 0xc9, 0xff,
    0xbd, 0xb9, 0xb6, 0xff, 0xa5, 0x9e, 0x9a, 0xff,
    0xa5, 0x9e, 0x9a, 0xff, 0xa5, 0x9e, 0x9a, 0xff,
    0xa5, 0x9e, 0x9a, 0xff, 0xa5, 0x9e, 0x9a, 0xff,
    0xa5, 0x9e, 0x9a, 0xff, 0xbd, 0xb9, 0xb6, 0xff,
    0xcd, 0xca, 0xc9, 0xff, 0xe5, 0xe5, 0xe5, 0xff,
    0xe5, 0xe5, 0xe5, 0xff, 0xe5, 0xe5, 0xe5, 0xff,
    0xe5, 0xe5, 0xe5, 0xff, 0xea, 0xea, 0xea, 0xff,
    0xf5, 0xf5, 0xf5, 0xff, 0xff, 0xff, 0xff, 0xff,
    0xff, 0xff, 0xff, 0xff, 0xff, 0xff, 0xff, 0xff,
    0xff, 0xff, 0xff, 0xff, 0xff, 0xff, 0xff, 0xff,
    0xff, 0xff, 0xff, 0xff, 0xff, 0xff, 0xff, 0xff,
    0xff, 0xff, 0xff, 0xff, 0xff, 0xff, 0xff, 0xff,
    0xff, 0xff, 0xff, 0xff, 0xff, 0xff, 0xff, 0xff,
    0xff, 0xff, 0xff, 0xff, 0xff, 0xff, 0xff, 0xff,
    0xff, 0xff, 0xff, 0x9f, 0x00, 0x00, 0x00, 0x00,
    0x00, 0x00, 0x00, 0x00, 0x00, 0x00, 0x00, 0x00,
    0x00, 0x00, 0x00, 0x00, 0x00, 0x00, 0x00, 0x00,
    0x00, 0x00, 0x00, 0x00, 0x00, 0x00, 0x00, 0x00,
    0x00, 0x00, 0x00, 0x00, 0x00, 0x00, 0x00, 0x00,
    0x00, 0x00, 0x00, 0x00, 0x00, 0x00, 0x00, 0x00,
    0x00, 0x00, 0x00, 0x00, 0x00, 0x00, 0x00, 0x00,
    0x00, 0x00, 0x00, 0x00, 0x00, 0x00, 0x00, 0x00,
    0x00, 0x00, 0x00, 0x00, 0x00, 0x00, 0x00, 0x00,
    0x00, 0x00, 0x00, 0x00, 0x00, 0x00, 0x00, 0x00,
    0xff, 0xff, 0xff, 0x9f, 0xff, 0xff, 0xff, 0xff,
    0xff, 0xff, 0xff, 0xff, 0xff, 0xff, 0xff, 0xff,
    0xff, 0xff, 0xff, 0xff, 0xff, 0xff, 0xff, 0xff,
    0xff, 0xff, 0xff, 0xff, 0xff, 0xff, 0xff, 0xff,
    0xff, 0xff, 0xff, 0xff, 0xff, 0xff, 0xff, 0xff,
    0xff, 0xff, 0xff, 0xff, 0xff, 0xff, 0xff, 0xff,
    0xff, 0xff, 0xff, 0xff, 0xff, 0xff, 0xff, 0xff,
    0xff, 0xff, 0xff, 0xff, 0xfa, 0xfa, 0xfa, 0xff,
    0xf0, 0xf0, 0xf0, 0xff, 0xea, 0xea, 0xea, 0xff,
    0xe5, 0xe5, 0xe5, 0xff, 0xe5, 0xe5, 0xe5, 0xff,
    0xe5, 0xe5, 0xe5, 0xff, 0xe5, 0xe5, 0xe5, 0xff,
    0xe5, 0xe5, 0xe5, 0xff, 0xe5, 0xe5, 0xe5, 0xff,
    0xe5, 0xe5, 0xe5, 0xff, 0xe5, 0xe5, 0xe5, 0xff,
    0xe5, 0xe5, 0xe5, 0xff, 0xe5, 0xe5, 0xe5, 0xff,
    0xe5, 0xe5, 0xe5, 0xff, 0xe5, 0xe5, 0xe5, 0xff,
    0xea, 0xea, 0xea, 0xff, 0xf0, 0xf0, 0xf0, 0xff,
    0xfa, 0xfa, 0xfa, 0xff, 0xff, 0xff, 0xff, 0xff,
    0xff, 0xff, 0xff, 0xff, 0xff, 0xff, 0xff, 0xff,
    0xff, 0xff, 0xff, 0xff, 0xff, 0xff, 0xff, 0xff,
    0xff, 0xff, 0xff, 0xff, 0xff, 0xff, 0xff, 0xff,
    0xff, 0xff, 0xff, 0xff, 0xff, 0xff, 0xff, 0xff,
    0xff, 0xff, 0xff, 0xff, 0xff, 0xff, 0xff, 0xff,
    0xff, 0xff, 0xff, 0xff, 0xff, 0xff, 0xff, 0xff,
    0xff, 0xff, 0xff, 0xff, 0xff, 0xff, 0xff, 0x9f,
    0x00, 0x00, 0x00, 0x00, 0x00, 0x00, 0x00, 0x00,
    0x00, 0x00, 0x00, 0x00, 0x00, 0x00, 0x00, 0x00,
    0x00, 0x00, 0x00, 0x00, 0x00, 0x00, 0x00, 0x00,
    0x00, 0x00, 0x00, 0x00, 0x00, 0x00, 0x00, 0x00,
    0x00, 0x00, 0x00, 0x00, 0x00, 0x00, 0x00, 0x00,
    0x00, 0x00, 0x00, 0x00, 0x00, 0x00, 0x00, 0x00,
    0x00, 0x00, 0x00, 0x00, 0x00, 0x00, 0x00, 0x00,
    0x00, 0x00, 0x00, 0x00, 0x00, 0x00, 0x00, 0x00,
    0x00, 0x00, 0x00, 0x00, 0x00, 0x00, 0x00, 0x00,
    0x00, 0x00, 0x00, 0x00, 0x00, 0x00, 0x00, 0x00,
    0x00, 0x00, 0x00, 0x00, 0xff, 0xff, 0xff, 0x60,
    0xff, 0xff, 0xff, 0xff, 0xff, 0xff, 0xff, 0xff,
    0xff, 0xff, 0xff, 0xff, 0xff, 0xff, 0xff, 0xff,
    0xff, 0xff, 0xff, 0xff, 0xff, 0xff, 0xff, 0xff,
    0xff, 0xff, 0xff, 0xff, 0xff, 0xff, 0xff, 0xff,
    0xff, 0xff, 0xff, 0xff, 0xff, 0xff, 0xff, 0xff,
    0xff, 0xff, 0xff, 0xff, 0xff, 0xff, 0xff, 0xff,
    0xff, 0xff, 0xff, 0xff, 0xff, 0xff, 0xff, 0xff,
    0xff, 0xff, 0xff, 0xff, 0xff, 0xff, 0xff, 0xff,
    0xfd, 0xfd, 0xfd, 0xff, 0xf9, 0xf9, 0xf9, 0xff,
    0xf4, 0xf4, 0xf4, 0xff, 0xf2, 0xf2, 0xf2, 0xff,
    0xf2, 0xf2, 0xf2, 0xff, 0xec, 0xec, 0xec, 0xff,
    0xec, 0xec, 0xec, 0xff, 0xf2, 0xf2, 0xf2, 0xff,
    0xf2, 0xf2, 0xf2, 0xff, 0xf4, 0xf4, 0xf4, 0xff,
    0xf9, 0xf9, 0xf9, 0xff, 0xfd, 0xfd, 0xfd, 0xff,
    0xff, 0xff, 0xff, 0xff, 0xff, 0xff, 0xff, 0xff,
    0xff, 0xff, 0xff, 0xff, 0xff, 0xff, 0xff, 0xff,
    0xff, 0xff, 0xff, 0xff, 0xff, 0xff, 0xff, 0xff,
    0xff, 0xff, 0xff, 0xff, 0xff, 0xff, 0xff, 0xff,
    0xff, 0xff, 0xff, 0xff, 0xff, 0xff, 0xff, 0xff,
    0xff, 0xff, 0xff, 0xff, 0xff, 0xff, 0xff, 0xff,
    0xff, 0xff, 0xff, 0xff, 0xff, 0xff, 0xff, 0xff,
    0xff, 0xff, 0xff, 0xff, 0xff, 0xff, 0xff, 0xff,
    0xff, 0xff, 0xff, 0x60, 0x00, 0x00, 0x00, 0x00,
    0x00, 0x00, 0x00, 0x00, 0x00, 0x00, 0x00, 0x00,
    0x00, 0x00, 0x00, 0x00, 0x00, 0x00, 0x00, 0x00,
    0x00, 0x00, 0x00, 0x00, 0x00, 0x00, 0x00, 0x00,
    0x00, 0x00, 0x00, 0x00, 0x00, 0x00, 0x00, 0x00,
    0x00, 0x00, 0x00, 0x00, 0x00, 0x00, 0x00, 0x00,
    0x00, 0x00, 0x00, 0x00, 0x00, 0x00, 0x00, 0x00,
    0x00, 0x00, 0x00, 0x00, 0x00, 0x00, 0x00, 0x00,
    0x00, 0x00, 0x00, 0x00, 0x00, 0x00, 0x00, 0x00,
    0x00, 0x00, 0x00, 0x00, 0x00, 0x00, 0x00, 0x00,
    0x00, 0x00, 0x00, 0x00, 0x00, 0x00, 0x00, 0x00,
    0x00, 0x00, 0x00, 0x00, 0x00, 0x00, 0x00, 0x00,
    0xff, 0xff, 0xff, 0x50, 0xff, 0xff, 0xff, 0xef,
    0xff, 0xff, 0xff, 0xff, 0xff, 0xff, 0xff, 0xff,
    0xff, 0xff, 0xff, 0xff, 0xff, 0xff, 0xff, 0xff,
    0xff, 0xff, 0xff, 0xff, 0xff, 0xff, 0xff, 0xff,
    0xff, 0xff, 0xff, 0xff, 0xff, 0xff, 0xff, 0xff,
    0xff, 0xff, 0xff, 0xff, 0xff, 0xff, 0xff, 0xff,
    0xff, 0xff, 0xff, 0xff, 0xff, 0xff, 0xff, 0xff,
    0xff, 0xff, 0xff, 0xff, 0xff, 0xff, 0xff, 0xff,
    0xff, 0xff, 0xff, 0xff, 0xff, 0xff, 0xff, 0xff,
    0xff, 0xff, 0xff, 0xff, 0xff, 0xff, 0xff, 0xff,
    0xff, 0xff, 0xff, 0xff, 0xff, 0xff, 0xff, 0xff,
    0xff, 0xff, 0xff, 0xff, 0xff, 0xff, 0xff, 0xff,
    0xff, 0xff, 0xff, 0xff, 0xff, 0xff, 0xff, 0xff,
    0xff, 0xff, 0xff, 0xff, 0xff, 0xff, 0xff, 0xff,
    0xff, 0xff, 0xff, 0xff, 0xff, 0xff, 0xff, 0xff,
    0xff, 0xff, 0xff, 0xff, 0xff, 0xff, 0xff, 0xff,
    0xff, 0xff, 0xff, 0xff, 0xff, 0xff, 0xff, 0xff,
    0xff, 0xff, 0xff, 0xff, 0xff, 0xff, 0xff, 0xff,
    0xff, 0xff, 0xff, 0xff, 0xff, 0xff, 0xff, 0xff,
    0xff, 0xff, 0xff, 0xff, 0xff, 0xff, 0xff, 0xff,
    0xff, 0xff, 0xff, 0xff, 0xff, 0xff, 0xff, 0xff,
    0xff, 0xff, 0xff, 0xef, 0xff, 0xff, 0xff, 0x50,
    0x00, 0x00, 0x00, 0x00, 0x00, 0x00, 0x00, 0x00,
    0x00, 0x00, 0x00, 0x00, 0x00, 0x00, 0x00, 0x00,
    0x00, 0x00, 0x00, 0x00, 0x00, 0x00, 0x00, 0x00,
    0x00, 0x00, 0x00, 0x00, 0x00, 0x00, 0x00, 0x00,
    0x00, 0x00, 0x00, 0x00, 0x00, 0x00, 0x00, 0x00,
    0x00, 0x00, 0x00, 0x00, 0x00, 0x00, 0x00, 0x00,
    0x00, 0x00, 0x00, 0x00, 0x00, 0x00, 0x00, 0x00,
    0x00, 0x00, 0x00, 0x00, 0x00, 0x00, 0x00, 0x00,
    0x00, 0x00, 0x00, 0x00, 0x00, 0x00, 0x00, 0x00,
    0x00, 0x00, 0x00, 0x00, 0x00, 0x00, 0x00, 0x00,
    0x00, 0x00, 0x00, 0x00, 0x00, 0x00, 0x00, 0x00,
    0x00, 0x00, 0x00, 0x00, 0x00, 0x00, 0x00, 0x00,
    0x00, 0x00, 0x00, 0x00, 0xff, 0xff, 0xff, 0x20,
    0xff, 0xff, 0xff, 0xcf, 0xff, 0xff, 0xff, 0xff,
    0xff, 0xff, 0xff, 0xff, 0xff, 0xff, 0xff, 0xff,
    0xff, 0xff, 0xff, 0xff, 0xff, 0xff, 0xff, 0xff,
    0xff, 0xff, 0xff, 0xff, 0xff, 0xff, 0xff, 0xff,
    0xff, 0xff, 0xff, 0xff, 0xff, 0xff, 0xff, 0xff,
    0xff, 0xff, 0xff, 0xff, 0xff, 0xff, 0xff, 0xff,
    0xff, 0xff, 0xff, 0xff, 0xff, 0xff, 0xff, 0xff,
    0xff, 0xff, 0xff, 0xff, 0xff, 0xff, 0xff, 0xff,
    0xff, 0xff, 0xff, 0xff, 0xff, 0xff, 0xff, 0xff,
    0xff, 0xff, 0xff, 0xff, 0xff, 0xff, 0xff, 0xff,
    0xff, 0xff, 0xff, 0xff, 0xff, 0xff, 0xff, 0xff,
    0xff, 0xff, 0xff, 0xff, 0xff, 0xff, 0xff, 0xff,
    0xff, 0xff, 0xff, 0xff, 0xff, 0xff, 0xff, 0xff,
    0xff, 0xff, 0xff, 0xff, 0xff, 0xff, 0xff, 0xff,
    0xff, 0xff, 0xff, 0xff, 0xff, 0xff, 0xff, 0xff,
    0xff, 0xff, 0xff, 0xff, 0xff, 0xff, 0xff, 0xff,
    0xff, 0xff, 0xff, 0xff, 0xff, 0xff, 0xff, 0xff,
    0xff, 0xff, 0xff, 0xff, 0xff, 0xff, 0xff, 0xff,
    0xff, 0xff, 0xff, 0xff, 0xff, 0xff, 0xff, 0xff,
    0xff, 0xff, 0xff, 0xff, 0xff, 0xff, 0xff, 0xcf,
    0xff, 0xff, 0xff, 0x20, 0x00, 0x00, 0x00, 0x00,
    0x00, 0x00, 0x00, 0x00, 0x00, 0x00, 0x00, 0x00,
    0x00, 0x00, 0x00, 0x00, 0x00, 0x00, 0x00, 0x00,
    0x00, 0x00, 0x00, 0x00, 0x00, 0x00, 0x00, 0x00,
    0x00, 0x00, 0x00, 0x00, 0x00, 0x00, 0x00, 0x00,
    0x00, 0x00, 0x00, 0x00, 0x00, 0x00, 0x00, 0x00,
    0x00, 0x00, 0x00, 0x00, 0x00, 0x00, 0x00, 0x00,
    0x00, 0x00, 0x00, 0x00, 0x00, 0x00, 0x00, 0x00,
    0x00, 0x00, 0x00, 0x00, 0x00, 0x00, 0x00, 0x00,
    0x00, 0x00, 0x00, 0x00, 0x00, 0x00, 0x00, 0x00,
    0x00, 0x00, 0x00, 0x00, 0x00, 0x00, 0x00, 0x00,
    0x00, 0x00, 0x00, 0x00, 0x00, 0x00, 0x00, 0x00,
    0x00, 0x00, 0x00, 0x00, 0x00, 0x00, 0x00, 0x00,
    0x00, 0x00, 0x00, 0x00, 0x00, 0x00, 0x00, 0x00,
    0x00, 0x00, 0x00, 0x00, 0xff, 0xff, 0xff, 0x80,
    0xff, 0xff, 0xff, 0xff, 0xff, 0xff, 0xff, 0xff,
    0xff, 0xff, 0xff, 0xff, 0xff, 0xff, 0xff, 0xff,
    0xff, 0xff, 0xff, 0xff, 0xff, 0xff, 0xff, 0xff,
    0xff, 0xff, 0xff, 0xff, 0xff, 0xff, 0xff, 0xff,
    0xff, 0xff, 0xff, 0xff, 0xff, 0xff, 0xff, 0xff,
    0xff, 0xff, 0xff, 0xff, 0xff, 0xff, 0xff, 0xff,
    0xff, 0xff, 0xff, 0xff, 0xff, 0xff, 0xff, 0xff,
    0xff, 0xff, 0xff, 0xff, 0xff, 0xff, 0xff, 0xff,
    0xff, 0xff, 0xff, 0xff, 0xff, 0xff, 0xff, 0xff,
    0xff, 0xff, 0xff, 0xff, 0xff, 0xff, 0xff, 0xff,
    0xff, 0xff, 0xff, 0xff, 0xff, 0xff, 0xff, 0xff,
    0xff, 0xff, 0xff, 0xff, 0xff, 0xff, 0xff, 0xff,
    0xff, 0xff, 0xff, 0xff, 0xff, 0xff, 0xff, 0xff,
    0xff, 0xff, 0xff, 0xff, 0xff, 0xff, 0xff, 0xff,
    0xff, 0xff, 0xff, 0xff, 0xff, 0xff, 0xff, 0xff,
    0xff, 0xff, 0xff, 0xff, 0xff, 0xff, 0xff, 0xff,
    0xff, 0xff, 0xff, 0xff, 0xff, 0xff, 0xff, 0xff,
    0xff, 0xff, 0xff, 0xff, 0xff, 0xff, 0xff, 0xff,
    0xff, 0xff, 0xff, 0x80, 0x00, 0x00, 0x00, 0x00,
    0x00, 0x00, 0x00, 0x00, 0x00, 0x00, 0x00, 0x00,
    0x00, 0x00, 0x00, 0x00, 0x00, 0x00, 0x00, 0x00,
    0x00, 0x00, 0x00, 0x00, 0x00, 0x00, 0x00, 0x00,
    0x00, 0x00, 0x00, 0x00, 0x00, 0x00, 0x00, 0x00,
    0x00, 0x00, 0x00, 0x00, 0x00, 0x00, 0x00, 0x00,
    0x00, 0x00, 0x00, 0x00, 0x00, 0x00, 0x00, 0x00,
    0x00, 0x00, 0x00, 0x00, 0x00, 0x00, 0x00, 0x00,
    0x00, 0x00, 0x00, 0x00, 0x00, 0x00, 0x00, 0x00,
    0x00, 0x00, 0x00, 0x00, 0x00, 0x00, 0x00, 0x00,
    0x00, 0x00, 0x00, 0x00, 0x00, 0x00, 0x00, 0x00,
    0x00, 0x00, 0x00, 0x00, 0x00, 0x00, 0x00, 0x00,
    0x00, 0x00, 0x00, 0x00, 0x00, 0x00, 0x00, 0x00,
    0x00, 0x00, 0x00, 0x00, 0x00, 0x00, 0x00, 0x00,
    0x00, 0x00, 0x00, 0x00, 0x00, 0x00, 0x00, 0x00,
    0x00, 0x00, 0x00, 0x00, 0x00, 0x00, 0x00, 0x00,
    0xff, 0xff, 0xff, 0x20, 0xff, 0xff, 0xff, 0xbf,
    0xff, 0xff, 0xff, 0xff, 0xff, 0xff, 0xff, 0xff,
    0xff, 0xff, 0xff, 0xff, 0xff, 0xff, 0xff, 0xff,
    0xff, 0xff, 0xff, 0xff, 0xff, 0xff, 0xff, 0xff,
    0xff, 0xff, 0xff, 0xff, 0xff, 0xff, 0xff, 0xff,
    0xff, 0xff, 0xff, 0xff, 0xff, 0xff, 0xff, 0xff,
    0xff, 0xff, 0xff, 0xff, 0xff, 0xff, 0xff, 0xff,
    0xff, 0xff, 0xff, 0xff, 0xff, 0xff, 0xff, 0xff,
    0xff, 0xff, 0xff, 0xff, 0xff, 0xff, 0xff, 0xff,
    0xff, 0xff, 0xff, 0xff, 0xff, 0xff, 0xff, 0xff,
    0xff, 0xff, 0xff, 0xff, 0xff, 0xff, 0xff, 0xff,
    0xff, 0xff, 0xff, 0xff, 0xff, 0xff, 0xff, 0xff,
    0xff, 0xff, 0xff, 0xff, 0xff, 0xff, 0xff, 0xff,
    0xff, 0xff, 0xff, 0xff, 0xff, 0xff, 0xff, 0xff,
    0xff, 0xff, 0xff, 0xff, 0xff, 0xff, 0xff, 0xff,
    0xff, 0xff, 0xff, 0xff, 0xff, 0xff, 0xff, 0xff,
    0xff, 0xff, 0xff, 0xff, 0xff, 0xff, 0xff, 0xff,
    0xff, 0xff, 0xff, 0xbf, 0xff, 0xff, 0xff, 0x20,
    0x00, 0x00, 0x00, 0x00, 0x00, 0x00, 0x00, 0x00,
    0x00, 0x00, 0x00, 0x00, 0x00, 0x00, 0x00, 0x00,
    0x00, 0x00, 0x00, 0x00, 0x00, 0x00, 0x00, 0x00,
    0x00, 0x00, 0x00, 0x00, 0x00, 0x00, 0x00, 0x00,
    0x00, 0x00, 0x00, 0x00, 0x00, 0x00, 0x00, 0x00,
    0x00, 0x00, 0x00, 0x00, 0x00, 0x00, 0x00, 0x00,
    0x00, 0x00, 0x00, 0x00, 0x00, 0x00, 0x00, 0x00,
    0x00, 0x00, 0x00, 0x00, 0x00, 0x00, 0x00, 0x00,
    0x00, 0x00, 0x00, 0x00, 0x00, 0x00, 0x00, 0x00,
    0x00, 0x00, 0x00, 0x00, 0x00, 0x00, 0x00, 0x00,
    0x00, 0x00, 0x00, 0x00, 0x00, 0x00, 0x00, 0x00,
    0x00, 0x00, 0x00, 0x00, 0x00, 0x00, 0x00, 0x00,
    0x00, 0x00, 0x00, 0x00, 0x00, 0x00, 0x00, 0x00,
    0x00, 0x00, 0x00, 0x00, 0x00, 0x00, 0x00, 0x00,
    0x00, 0x00, 0x00, 0x00, 0x00, 0x00, 0x00, 0x00,
    0x00, 0x00, 0x00, 0x00, 0x00, 0x00, 0x00, 0x00,
    0x00, 0x00, 0x00, 0x00, 0x00, 0x00, 0x00, 0x00,
    0xff, 0xff, 0xff, 0x40, 0xff, 0xff, 0xff, 0xbf,
    0xff, 0xff, 0xff, 0xff, 0xff, 0xff, 0xff, 0xff,
    0xff, 0xff, 0xff, 0xff, 0xff, 0xff, 0xff, 0xff,
    0xff, 0xff, 0xff, 0xff, 0xff, 0xff, 0xff, 0xff,
    0xff, 0xff, 0xff, 0xff, 0xff, 0xff, 0xff, 0xff,
    0xff, 0xff, 0xff, 0xff, 0xff, 0xff, 0xff, 0xff,
    0xff, 0xff, 0xff, 0xff, 0xff, 0xff, 0xff, 0xff,
    0xff, 0xff, 0xff, 0xff, 0xff, 0xff, 0xff, 0xff,
    0xff, 0xff, 0xff, 0xff, 0xff, 0xff, 0xff, 0xff,
    0xff, 0xff, 0xff, 0xff, 0xff, 0xff, 0xff, 0xff,
    0xff, 0xff, 0xff, 0xff, 0xff, 0xff, 0xff, 0xff,
    0xff, 0xff, 0xff, 0xff, 0xff, 0xff, 0xff, 0xff,
    0xff, 0xff, 0xff, 0xff, 0xff, 0xff, 0xff, 0xff,
    0xff, 0xff, 0xff, 0xff, 0xff, 0xff, 0xff, 0xff,
    0xff, 0xff, 0xff, 0xff, 0xff, 0xff, 0xff, 0xff,
    0xff, 0xff, 0xff, 0xbf, 0xff, 0xff, 0xff, 0x40,
    0x00, 0x00, 0x00, 0x00, 0x00, 0x00, 0x00, 0x00,
    0x00, 0x00, 0x00, 0x00, 0x00, 0x00, 0x00, 0x00,
    0x00, 0x00, 0x00, 0x00, 0x00, 0x00, 0x00, 0x00,
    0x00, 0x00, 0x00, 0x00, 0x00, 0x00, 0x00, 0x00,
    0x00, 0x00, 0x00, 0x00, 0x00, 0x00, 0x00, 0x00,
    0x00, 0x00, 0x00, 0x00, 0x00, 0x00, 0x00, 0x00,
    0x00, 0x00, 0x00, 0x00, 0x00, 0x00, 0x00, 0x00,
    0x00, 0x00, 0x00, 0x00, 0x00, 0x00, 0x00, 0x00,
    0x00, 0x00, 0x00, 0x00, 0x00, 0x00, 0x00, 0x00,
    0x00, 0x00, 0x00, 0x00, 0x00, 0x00, 0x00, 0x00,
    0x00, 0x00, 0x00, 0x00, 0x00, 0x00, 0x00, 0x00,
    0x00, 0x00, 0x00, 0x00, 0x00, 0x00, 0x00, 0x00,
    0x00, 0x00, 0x00, 0x00, 0x00, 0x00, 0x00, 0x00,
    0x00, 0x00, 0x00, 0x00, 0x00, 0x00, 0x00, 0x00,
    0x00, 0x00, 0x00, 0x00, 0x00, 0x00, 0x00, 0x00,
    0x00, 0x00, 0x00, 0x00, 0x00, 0x00, 0x00, 0x00,
    0x00, 0x00, 0x00, 0x00, 0x00, 0x00, 0x00, 0x00,
    0x00, 0x00, 0x00, 0x00, 0x00, 0x00, 0x00, 0x00,
    0x00, 0x00, 0x00, 0x00, 0x00, 0x00, 0x00, 0x00,
    0xff, 0xff, 0xff, 0x20, 0xff, 0xff, 0xff, 0x9f,
    0xff, 0xff, 0xff, 0xef, 0xff, 0xff, 0xff, 0xff,
    0xff, 0xff, 0xff, 0xff, 0xff, 0xff, 0xff, 0xff,
    0xff, 0xff, 0xff, 0xff, 0xff, 0xff, 0xff, 0xff,
    0xff, 0xff, 0xff, 0xff, 0xff, 0xff, 0xff, 0xff,
    0xff, 0xff, 0xff, 0xff, 0xff, 0xff, 0xff, 0xff,
    0xff, 0xff, 0xff, 0xff, 0xff, 0xff, 0xff, 0xff,
    0xff, 0xff, 0xff, 0xff, 0xff, 0xff, 0xff, 0xff,
    0xff, 0xff, 0xff, 0xff, 0xff, 0xff, 0xff, 0xff,
    0xff, 0xff, 0xff, 0xff, 0xff, 0xff, 0xff, 0xff,
    0xff, 0xff, 0xff, 0xff, 0xff, 0xff, 0xff, 0xff,
    0xff, 0xff, 0xff, 0xff, 0xff, 0xff, 0xff, 0xff,
    0xff, 0xff, 0xff, 0xff, 0xff, 0xff, 0xff, 0xef,
    0xff, 0xff, 0xff, 0x9f, 0xff, 0xff, 0xff, 0x20,
    0x00, 0x00, 0x00, 0x00, 0x00, 0x00, 0x00, 0x00,
    0x00, 0x00, 0x00, 0x00, 0x00, 0x00, 0x00, 0x00,
    0x00, 0x00, 0x00, 0x00, 0x00, 0x00, 0x00, 0x00,
    0x00, 0x00, 0x00, 0x00, 0x00, 0x00, 0x00, 0x00,
    0x00, 0x00, 0x00, 0x00, 0x00, 0x00, 0x00, 0x00,
    0x00, 0x00, 0x00, 0x00, 0x00, 0x00, 0x00, 0x00,
    0x00, 0x00, 0x00, 0x00, 0x00, 0x00, 0x00, 0x00,
    0x00, 0x00, 0x00, 0x00, 0x00, 0x00, 0x00, 0x00,
    0x00, 0x00, 0x00, 0x00, 0x00, 0x00, 0x00, 0x00,
    0x00, 0x00, 0x00, 0x00, 0x00, 0x00, 0x00, 0x00,
    0x00, 0x00, 0x00, 0x00, 0x00, 0x00, 0x00, 0x00,
    0x00, 0x00, 0x00, 0x00, 0x00, 0x00, 0x00, 0x00,
    0x00, 0x00, 0x00, 0x00, 0x00, 0x00, 0x00, 0x00,
    0x00, 0x00, 0x00, 0x00, 0x00, 0x00, 0x00, 0x00,
    0x00, 0x00, 0x00, 0x00, 0x00, 0x00, 0x00, 0x00,
    0x00, 0x00, 0x00, 0x00, 0x00, 0x00, 0x00, 0x00,
    0x00, 0x00, 0x00, 0x00, 0x00, 0x00, 0x00, 0x00,
    0x00, 0x00, 0x00, 0x00, 0x00, 0x00, 0x00, 0x00,
    0x00, 0x00, 0x00, 0x00, 0x00, 0x00, 0x00, 0x00,
    0x00, 0x00, 0x00, 0x00, 0x00, 0x00, 0x00, 0x00,
    0x00, 0x00, 0x00, 0x00, 0x00, 0x00, 0x00, 0x00,
    0x00, 0x00, 0x00, 0x00, 0xff, 0xff, 0xff, 0x50,
    0xff, 0xff, 0xff, 0x9f, 0xff, 0xff, 0xff, 0xef,
    0xff, 0xff, 0xff, 0xff, 0xff, 0xff, 0xff, 0xff,
    0xff, 0xff, 0xff, 0xff, 0xff, 0xff, 0xff, 0xff,
    0xff, 0xff, 0xff, 0xff, 0xff, 0xff, 0xff, 0xff,
    0xff, 0xff, 0xff, 0xff, 0xff, 0xff, 0xff, 0xff,
    0xff, 0xff, 0xff, 0xff, 0xff, 0xff, 0xff, 0xff,
    0xff, 0xff, 0xff, 0xff, 0xff, 0xff, 0xff, 0xff,
    0xff, 0xff, 0xff, 0xff, 0xff, 0xff, 0xff, 0xff,
    0xff, 0xff, 0xff, 0xff, 0xff, 0xff, 0xff, 0xff,
    0xff, 0xff, 0xff, 0xef, 0xff, 0xff, 0xff, 0x9f,
    0xff, 0xff, 0xff, 0x50, 0x00, 0x00, 0x00, 0x00,
    0x00, 0x00, 0x00, 0x00, 0x00, 0x00, 0x00, 0x00,
    0x00, 0x00, 0x00, 0x00, 0x00, 0x00, 0x00, 0x00,
    0x00, 0x00, 0x00, 0x00, 0x00, 0x00, 0x00, 0x00,
    0x00, 0x00, 0x00, 0x00, 0x00, 0x00, 0x00, 0x00,
    0x00, 0x00, 0x00, 0x00, 0x00, 0x00, 0x00, 0x00,
    0x00, 0x00, 0x00, 0x00, 0x00, 0x00, 0x00, 0x00,
    0x00, 0x00, 0x00, 0x00, 0x00, 0x00, 0x00, 0x00,
    0x00, 0x00, 0x00, 0x00, 0x00, 0x00, 0x00, 0x00,
    0x00, 0x00, 0x00, 0x00, 0x00, 0x00, 0x00, 0x00,
    0x00, 0x00, 0x00, 0x00, 0x00, 0x00, 0x00, 0x00,
    0x00, 0x00, 0x00, 0x00, 0x00, 0x00, 0x00, 0x00,
    0x00, 0x00, 0x00, 0x00, 0x00, 0x00, 0x00, 0x00,
    0x00, 0x00, 0x00, 0x00, 0x00, 0x00, 0x00, 0x00,
    0x00, 0x00, 0x00, 0x00, 0x00, 0x00, 0x00, 0x00,
    0x00, 0x00, 0x00, 0x00, 0x00, 0x00, 0x00, 0x00,
    0x00, 0x00, 0x00, 0x00, 0x00, 0x00, 0x00, 0x00,
    0x00, 0x00, 0x00, 0x00, 0x00, 0x00, 0x00, 0x00,
    0x00, 0x00, 0x00, 0x00, 0x00, 0x00, 0x00, 0x00,
    0x00, 0x00, 0x00, 0x00, 0x00, 0x00, 0x00, 0x00,
    0x00, 0x00, 0x00, 0x00, 0x00, 0x00, 0x00, 0x00,
    0x00, 0x00, 0x00, 0x00, 0x00, 0x00, 0x00, 0x00,
    0x00, 0x00, 0x00, 0x00, 0x00, 0x00, 0x00, 0x00,
    0x00, 0x00, 0x00, 0x00, 0x00, 0x00, 0x00, 0x00,
    0x00, 0x00, 0x00, 0x00, 0x00, 0x00, 0x00, 0x00,
    0xff, 0xff, 0xff, 0x20, 0xff, 0xff, 0xff, 0x60,
    0xff, 0xff, 0xff, 0x80, 0xff, 0xff, 0xff, 0xaf,
    0xff, 0xff, 0xff, 0xbf, 0xff, 0xff, 0xff, 0xef,
    0xff, 0xff, 0xff, 0xff, 0xff, 0xff, 0xff, 0xff,
    0xff, 0xff, 0xff, 0xff, 0xff, 0xff, 0xff, 0xff,
    0xff, 0xff, 0xff, 0xef, 0xff, 0xff, 0xff, 0xbf,
    0xff, 0xff, 0xff, 0xaf, 0xff, 0xff, 0xff, 0x80,
    0xff, 0xff, 0xff, 0x60, 0xff, 0xff, 0xff, 0x20,
    0x00, 0x00, 0x00, 0x00, 0x00, 0x00, 0x00, 0x00,
    0x00, 0x00, 0x00, 0x00, 0x00, 0x00, 0x00, 0x00,
    0x00, 0x00, 0x00, 0x00, 0x00, 0x00, 0x00, 0x00,
    0x00, 0x00, 0x00, 0x00, 0x00, 0x00, 0x00, 0x00,
    0x00, 0x00, 0x00, 0x00, 0x00, 0x00, 0x00, 0x00,
    0x00, 0x00, 0x00, 0x00, 0x00, 0x00, 0x00, 0x00,
    0x00, 0x00, 0x00, 0x00, 0x00, 0x00, 0x00, 0x00,
    0x00, 0x00, 0x00, 0x00, 0x00, 0x00, 0x00, 0x00,
    0x00, 0x00, 0x00, 0x00, 0x00, 0x00, 0x00, 0x00,
    0x00, 0x00, 0x00, 0x00, 0x00, 0x00, 0x00, 0x00,
    0x00, 0x00, 0x00, 0x00, 0x00, 0x00, 0x00, 0x00,
    0x00, 0x00, 0x00, 0x00, 0x00, 0x00, 0x00, 0x00,
    0x00, 0x00, 0x00, 0x00, 0x00, 0x00, 0x00, 0x00,
};

const lv_image_dsc_t camera_inner_icon_68x68 = {
    .header.magic = LV_IMAGE_HEADER_MAGIC,
    .header.cf = LV_COLOR_FORMAT_ARGB8888,
    .header.flags = 0,
    .header.w = 68,
    .header.h = 68,
    .header.stride = 272,
    .data_size = sizeof(camera_inner_icon_68x68_map),
    .data = camera_inner_icon_68x68_map,
};
