/*
 * @Description: 文件管理应用 68×68 像素 LVGL 图标资源
 * @Author: LILYGO_L
 * @Date: 2026-07-09 14:43:15
 * @LastEditTime: 2026-07-14 21:08:13
 * @License: GPL 3.0
 */
#include "lvgl.h"

#ifndef LV_ATTRIBUTE_MEM_ALIGN
#define LV_ATTRIBUTE_MEM_ALIGN
#endif

#ifndef LV_ATTRIBUTE_IMAGE_FILES_INNER_ICON_68X68
#define LV_ATTRIBUTE_IMAGE_FILES_INNER_ICON_68X68
#endif

static const LV_ATTRIBUTE_MEM_ALIGN LV_ATTRIBUTE_LARGE_CONST
    LV_ATTRIBUTE_IMAGE_FILES_INNER_ICON_68X68 uint8_t
    files_inner_icon_68x68_map[] = {
    0x00, 0x00, 0x00, 0x00, 0x00, 0x00, 0x00, 0x00,
    0x00, 0x00, 0x00, 0x00, 0x00, 0x00, 0x00, 0x00,
    0x00, 0x00, 0x00, 0x00, 0x00, 0x00, 0x00, 0x00,
    0x00, 0x00, 0x00, 0x00, 0x00, 0x00, 0x00, 0x00,
    0x00, 0x00, 0x00, 0x00, 0x00, 0x00, 0x00, 0x00,
    0x00, 0x00, 0x00, 0x00, 0x00, 0x00, 0x00, 0x00,
    0x00, 0x00, 0x00, 0x00, 0x00, 0x00, 0x00, 0x00,
    0x00, 0x00, 0x00, 0x00, 0x00, 0x00, 0x00, 0x00,
    0x00, 0x00, 0x00, 0x00, 0x00, 0x00, 0x00, 0x00,
    0x00, 0x00, 0x00, 0x00, 0x00, 0x00, 0x00, 0x00,
    0x00, 0x00, 0x00, 0x00, 0x00, 0x00, 0x00, 0x00,
    0x00, 0x00, 0x00, 0x00, 0x00, 0x00, 0x00, 0x00,
    0x00, 0x00, 0x00, 0x00, 0x00, 0x00, 0x00, 0x00,
    0x00, 0x00, 0x00, 0x00, 0x00, 0x00, 0x00, 0x00,
    0x00, 0x00, 0x00, 0x00, 0x00, 0x00, 0x00, 0x00,
    0x00, 0x00, 0x00, 0x00, 0x00, 0x00, 0x00, 0x00,
    0x00, 0x00, 0x00, 0x00, 0x00, 0x00, 0x00, 0x00,
    0x00, 0x00, 0x00, 0x00, 0x00, 0x00, 0x00, 0x00,
    0x00, 0x00, 0x00, 0x00, 0x00, 0x00, 0x00, 0x00,
    0x00, 0x00, 0x00, 0x00, 0x00, 0x00, 0x00, 0x00,
    0x00, 0x00, 0x00, 0x00, 0x00, 0x00, 0x00, 0x00,
    0x00, 0x00, 0x00, 0x00, 0x00, 0x00, 0x00, 0x00,
    0x00, 0x00, 0x00, 0x00, 0x00, 0x00, 0x00, 0x00,
    0x00, 0x00, 0x00, 0x00, 0x00, 0x00, 0x00, 0x00,
    0x00, 0x00, 0x00, 0x00, 0x00, 0x00, 0x00, 0x00,
    0x00, 0x00, 0x00, 0x00, 0x00, 0x00, 0x00, 0x00,
    0x00, 0x00, 0x00, 0x00, 0x00, 0x00, 0x00, 0x00,
    0x00, 0x00, 0x00, 0x00, 0x00, 0x00, 0x00, 0x00,
    0x00, 0x00, 0x00, 0x00, 0x00, 0x00, 0x00, 0x00,
    0x00, 0x00, 0x00, 0x00, 0x00, 0x00, 0x00, 0x00,
    0x00, 0x00, 0x00, 0x00, 0x00, 0x00, 0x00, 0x00,
    0x00, 0x00, 0x00, 0x00, 0x00, 0x00, 0x00, 0x00,
    0x00, 0x00, 0x00, 0x00, 0x00, 0x00, 0x00, 0x00,
    0x00, 0x00, 0x00, 0x00, 0x00, 0x00, 0x00, 0x00,
    0x00, 0x00, 0x00, 0x00, 0x00, 0x00, 0x00, 0x00,
    0x00, 0x00, 0x00, 0x00, 0x00, 0x00, 0x00, 0x00,
    0x00, 0x00, 0x00, 0x00, 0x00, 0x00, 0x00, 0x00,
    0x00, 0x00, 0x00, 0x00, 0x00, 0x00, 0x00, 0x00,
    0x00, 0x00, 0x00, 0x00, 0x00, 0x00, 0x00, 0x00,
    0x00, 0x00, 0x00, 0x00, 0x00, 0x00, 0x00, 0x00,
    0x00, 0x00, 0x00, 0x00, 0x00, 0x00, 0x00, 0x00,
    0x00, 0x00, 0x00, 0x00, 0x00, 0x00, 0x00, 0x00,
    0x00, 0x00, 0x00, 0x00, 0x00, 0x00, 0x00, 0x00,
    0x00, 0x00, 0x00, 0x00, 0x00, 0x00, 0x00, 0x00,
    0x00, 0x00, 0x00, 0x00, 0x00, 0x00, 0x00, 0x00,
    0x00, 0x00, 0x00, 0x00, 0x00, 0x00, 0x00, 0x00,
    0x00, 0x00, 0x00, 0x00, 0x00, 0x00, 0x00, 0x00,
    0x00, 0x00, 0x00, 0x00, 0x00, 0x00, 0x00, 0x00,
    0x00, 0x00, 0x00, 0x00, 0x00, 0x00, 0x00, 0x00,
    0x00, 0x00, 0x00, 0x00, 0x00, 0x00, 0x00, 0x00,
    0x00, 0x00, 0x00, 0x00, 0x00, 0x00, 0x00, 0x00,
    0x00, 0x00, 0x00, 0x00, 0x00, 0x00, 0x00, 0x00,
    0x00, 0x00, 0x00, 0x00, 0x00, 0x00, 0x00, 0x00,
    0x00, 0x00, 0x00, 0x00, 0x00, 0x00, 0x00, 0x00,
    0x00, 0x00, 0x00, 0x00, 0x00, 0x00, 0x00, 0x00,
    0x00, 0x00, 0x00, 0x00, 0x00, 0x00, 0x00, 0x00,
    0x00, 0x00, 0x00, 0x00, 0x00, 0x00, 0x00, 0x00,
    0x00, 0x00, 0x00, 0x00, 0x00, 0x00, 0x00, 0x00,
    0x00, 0x00, 0x00, 0x00, 0x00, 0x00, 0x00, 0x00,
    0x00, 0x00, 0x00, 0x00, 0x00, 0x00, 0x00, 0x00,
    0x00, 0x00, 0x00, 0x00, 0x00, 0x00, 0x00, 0x00,
    0x00, 0x00, 0x00, 0x00, 0x00, 0x00, 0x00, 0x00,
    0x00, 0x00, 0x00, 0x00, 0x00, 0x00, 0x00, 0x00,
    0x00, 0x00, 0x00, 0x00, 0x00, 0x00, 0x00, 0x00,
    0x00, 0x00, 0x00, 0x00, 0x00, 0x00, 0x00, 0x00,
    0x00, 0x00, 0x00, 0x00, 0x00, 0x00, 0x00, 0x00,
    0x00, 0x00, 0x00, 0x00, 0x00, 0x00, 0x00, 0x00,
    0x00, 0x00, 0x00, 0x00, 0x00, 0x00, 0x00, 0x00,
    0x00, 0x00, 0x00, 0x00, 0x00, 0x00, 0x00, 0x00,
    0x00, 0x00, 0x00, 0x00, 0x00, 0x00, 0x00, 0x00,
    0x00, 0x00, 0x00, 0x00, 0x00, 0x00, 0x00, 0x00,
    0x00, 0x00, 0x00, 0x00, 0x00, 0x00, 0x00, 0x00,
    0x00, 0x00, 0x00, 0x00, 0x00, 0x00, 0x00, 0x00,
    0x00, 0x00, 0x00, 0x00, 0x00, 0x00, 0x00, 0x00,
    0x00, 0x00, 0x00, 0x00, 0x00, 0x00, 0x00, 0x00,
    0x00, 0x00, 0x00, 0x00, 0x00, 0x00, 0x00, 0x00,
    0x00, 0x00, 0x00, 0x00, 0x00, 0x00, 0x00, 0x00,
    0x00, 0x00, 0x00, 0x00, 0x00, 0x00, 0x00, 0x00,
    0x00, 0x00, 0x00, 0x00, 0x00, 0x00, 0x00, 0x00,
    0x00, 0x00, 0x00, 0x00, 0x00, 0x00, 0x00, 0x00,
    0x00, 0x00, 0x00, 0x00, 0x00, 0x00, 0x00, 0x00,
    0x00, 0x00, 0x00, 0x00, 0x00, 0x00, 0x00, 0x00,
    0x00, 0x00, 0x00, 0x00, 0x00, 0x00, 0x00, 0x00,
    0x00, 0x00, 0x00, 0x00, 0x00, 0x00, 0x00, 0x00,
    0x00, 0x00, 0x00, 0x00, 0x00, 0x00, 0x00, 0x00,
    0x00, 0x00, 0x00, 0x00, 0x00, 0x00, 0x00, 0x00,
    0x00, 0x00, 0x00, 0x00, 0x00, 0x00, 0x00, 0x00,
    0x00, 0x00, 0x00, 0x00, 0x00, 0x00, 0x00, 0x00,
    0x00, 0x00, 0x00, 0x00, 0x00, 0x00, 0x00, 0x00,
    0x00, 0x00, 0x00, 0x00, 0x00, 0x00, 0x00, 0x00,
    0x00, 0x00, 0x00, 0x00, 0x00, 0x00, 0x00, 0x00,
    0x00, 0x00, 0x00, 0x00, 0x00, 0x00, 0x00, 0x00,
    0x00, 0x00, 0x00, 0x00, 0x00, 0x00, 0x00, 0x00,
    0x00, 0x00, 0x00, 0x00, 0x00, 0x00, 0x00, 0x00,
    0x00, 0x00, 0x00, 0x00, 0x00, 0x00, 0x00, 0x00,
    0x00, 0x00, 0x00, 0x00, 0x00, 0x00, 0x00, 0x00,
    0x00, 0x00, 0x00, 0x00, 0x00, 0x00, 0x00, 0x00,
    0x00, 0x00, 0x00, 0x00, 0x00, 0x00, 0x00, 0x00,
    0x00, 0x00, 0x00, 0x00, 0x00, 0x00, 0x00, 0x00,
    0x00, 0x00, 0x00, 0x00, 0x00, 0x00, 0x00, 0x00,
    0x00, 0x00, 0x00, 0x00, 0x00, 0x00, 0x00, 0x00,
    0x00, 0x00, 0x00, 0x00, 0x00, 0x00, 0x00, 0x00,
    0x00, 0x00, 0x00, 0x00, 0x00, 0x00, 0x00, 0x00,
    0x00, 0x00, 0x00, 0x00, 0x00, 0x00, 0x00, 0x00,
    0x00, 0x00, 0x00, 0x00, 0x00, 0x00, 0x00, 0x00,
    0x00, 0x00, 0x00, 0x00, 0x00, 0x00, 0x00, 0x00,
    0x00, 0x00, 0x00, 0x00, 0x00, 0x00, 0x00, 0x00,
    0x00, 0x00, 0x00, 0x00, 0x00, 0x00, 0x00, 0x00,
    0x00, 0x00, 0x00, 0x00, 0x00, 0x00, 0x00, 0x00,
    0x00, 0x00, 0x00, 0x00, 0x00, 0x00, 0x00, 0x00,
    0x00, 0x00, 0x00, 0x00, 0x00, 0x00, 0x00, 0x00,
    0x00, 0x00, 0x00, 0x00, 0x00, 0x00, 0x00, 0x00,
    0x00, 0x00, 0x00, 0x00, 0x00, 0x00, 0x00, 0x00,
    0x00, 0x00, 0x00, 0x00, 0x00, 0x00, 0x00, 0x00,
    0x00, 0x00, 0x00, 0x00, 0x00, 0x00, 0x00, 0x00,
    0x00, 0x00, 0x00, 0x00, 0x00, 0x00, 0x00, 0x00,
    0x00, 0x00, 0x00, 0x00, 0x00, 0x00, 0x00, 0x00,
    0x00, 0x00, 0x00, 0x00, 0x00, 0x00, 0x00, 0x00,
    0x00, 0x00, 0x00, 0x00, 0x00, 0x00, 0x00, 0x00,
    0x00, 0x00, 0x00, 0x00, 0x00, 0x00, 0x00, 0x00,
    0x00, 0x00, 0x00, 0x00, 0x00, 0x00, 0x00, 0x00,
    0x00, 0x00, 0x00, 0x00, 0x00, 0x00, 0x00, 0x00,
    0x00, 0x00, 0x00, 0x00, 0x00, 0x00, 0x00, 0x00,
    0x00, 0x00, 0x00, 0x00, 0x00, 0x00, 0x00, 0x00,
    0x00, 0x00, 0x00, 0x00, 0x00, 0x00, 0x00, 0x00,
    0x00, 0x00, 0x00, 0x00, 0x00, 0x00, 0x00, 0x00,
    0x00, 0x00, 0x00, 0x00, 0x00, 0x00, 0x00, 0x00,
    0x00, 0x00, 0x00, 0x00, 0x00, 0x00, 0x00, 0x00,
    0x00, 0x00, 0x00, 0x00, 0x00, 0x00, 0x00, 0x00,
    0x00, 0x00, 0x00, 0x00, 0x00, 0x00, 0x00, 0x00,
    0x00, 0x00, 0x00, 0x00, 0x00, 0x00, 0x00, 0x00,
    0x00, 0x00, 0x00, 0x00, 0x00, 0x00, 0x00, 0x00,
    0x00, 0x00, 0x00, 0x00, 0x00, 0x00, 0x00, 0x00,
    0x00, 0x00, 0x00, 0x00, 0x00, 0x00, 0x00, 0x00,
    0x00, 0x00, 0x00, 0x00, 0x00, 0x00, 0x00, 0x00,
    0x00, 0x00, 0x00, 0x00, 0x00, 0x00, 0x00, 0x00,
    0x00, 0x00, 0x00, 0x00, 0x00, 0x00, 0x00, 0x00,
    0x00, 0x00, 0x00, 0x00, 0x00, 0x00, 0x00, 0x00,
    0x00, 0x00, 0x00, 0x00, 0x00, 0x00, 0x00, 0x00,
    0x00, 0x00, 0x00, 0x00, 0x00, 0x00, 0x00, 0x00,
    0x00, 0x00, 0x00, 0x00, 0x00, 0x00, 0x00, 0x00,
    0x00, 0x00, 0x00, 0x00, 0x00, 0x00, 0x00, 0x00,
    0x00, 0x00, 0x00, 0x00, 0x00, 0x00, 0x00, 0x00,
    0x00, 0x00, 0x00, 0x00, 0x00, 0x00, 0x00, 0x00,
    0x00, 0x00, 0x00, 0x00, 0x00, 0x00, 0x00, 0x00,
    0x00, 0x00, 0x00, 0x00, 0x00, 0x00, 0x00, 0x00,
    0x00, 0x00, 0x00, 0x00, 0x00, 0x00, 0x00, 0x00,
    0x00, 0x00, 0x00, 0x00, 0x00, 0x00, 0x00, 0x00,
    0x00, 0x00, 0x00, 0x00, 0x00, 0x00, 0x00, 0x00,
    0x00, 0x00, 0x00, 0x00, 0x00, 0x00, 0x00, 0x00,
    0x00, 0x00, 0x00, 0x00, 0x00, 0x00, 0x00, 0x00,
    0x00, 0x00, 0x00, 0x00, 0x00, 0x00, 0x00, 0x00,
    0x00, 0x00, 0x00, 0x00, 0x00, 0x00, 0x00, 0x00,
    0x00, 0x00, 0x00, 0x00, 0x00, 0x00, 0x00, 0x00,
    0x00, 0x00, 0x00, 0x00, 0x00, 0x00, 0x00, 0x00,
    0x00, 0x00, 0x00, 0x00, 0x00, 0x00, 0x00, 0x00,
    0x00, 0x00, 0x00, 0x00, 0x00, 0x00, 0x00, 0x00,
    0x00, 0x00, 0x00, 0x00, 0x00, 0x00, 0x00, 0x00,
    0x00, 0x00, 0x00, 0x00, 0x00, 0x00, 0x00, 0x00,
    0x00, 0x00, 0x00, 0x00, 0x00, 0x00, 0x00, 0x00,
    0x00, 0x00, 0x00, 0x00, 0x00, 0x00, 0x00, 0x00,
    0x00, 0x00, 0x00, 0x00, 0x00, 0x00, 0x00, 0x00,
    0x00, 0x00, 0x00, 0x00, 0x00, 0x00, 0x00, 0x00,
    0x00, 0x00, 0x00, 0x00, 0x00, 0x00, 0x00, 0x00,
    0x00, 0x00, 0x00, 0x00, 0x00, 0x00, 0x00, 0x00,
    0x00, 0x00, 0x00, 0x00, 0x00, 0x00, 0x00, 0x00,
    0x00, 0x00, 0x00, 0x00, 0x00, 0x00, 0x00, 0x00,
    0x00, 0x00, 0x00, 0x00, 0x00, 0x00, 0x00, 0x00,
    0x00, 0x00, 0x00, 0x00, 0x00, 0x00, 0x00, 0x00,
    0x00, 0x00, 0x00, 0x00, 0x00, 0x00, 0x00, 0x00,
    0x00, 0x00, 0x00, 0x00, 0x00, 0x00, 0x00, 0x00,
    0x00, 0x00, 0x00, 0x00, 0x00, 0x00, 0x00, 0x00,
    0x00, 0x00, 0x00, 0x00, 0x00, 0x00, 0x00, 0x00,
    0x00, 0x00, 0x00, 0x00, 0x00, 0x00, 0x00, 0x00,
    0x00, 0x00, 0x00, 0x00, 0x00, 0x00, 0x00, 0x00,
    0x00, 0x00, 0x00, 0x00, 0x00, 0x00, 0x00, 0x00,
    0x00, 0x00, 0x00, 0x00, 0x00, 0x00, 0x00, 0x00,
    0x00, 0x00, 0x00, 0x00, 0x00, 0x00, 0x00, 0x00,
    0x00, 0x00, 0x00, 0x00, 0x00, 0x00, 0x00, 0x00,
    0x00, 0x00, 0x00, 0x00, 0x00, 0x00, 0x00, 0x00,
    0x00, 0x00, 0x00, 0x00, 0x00, 0x00, 0x00, 0x00,
    0x00, 0x00, 0x00, 0x00, 0x00, 0x00, 0x00, 0x00,
    0x00, 0x00, 0x00, 0x00, 0x00, 0x00, 0x00, 0x00,
    0x00, 0x00, 0x00, 0x00, 0x00, 0x00, 0x00, 0x00,
    0x00, 0x00, 0x00, 0x00, 0x00, 0x00, 0x00, 0x00,
    0x00, 0x00, 0x00, 0x00, 0x00, 0x00, 0x00, 0x00,
    0x00, 0x00, 0x00, 0x00, 0x00, 0x00, 0x00, 0x00,
    0x00, 0x00, 0x00, 0x00, 0x00, 0x00, 0x00, 0x00,
    0x00, 0x00, 0x00, 0x00, 0x00, 0x00, 0x00, 0x00,
    0x00, 0x00, 0x00, 0x00, 0x00, 0x00, 0x00, 0x00,
    0x00, 0x00, 0x00, 0x00, 0x00, 0x00, 0x00, 0x00,
    0x00, 0x00, 0x00, 0x00, 0x00, 0x00, 0x00, 0x00,
    0x00, 0x00, 0x00, 0x00, 0x00, 0x00, 0x00, 0x00,
    0x00, 0x00, 0x00, 0x00, 0x00, 0x00, 0x00, 0x00,
    0x00, 0x00, 0x00, 0x00, 0x00, 0x00, 0x00, 0x00,
    0x00, 0x00, 0x00, 0x00, 0x00, 0x00, 0x00, 0x00,
    0x00, 0x00, 0x00, 0x00, 0x00, 0x00, 0x00, 0x00,
    0x00, 0x00, 0x00, 0x00, 0x00, 0x00, 0x00, 0x00,
    0x00, 0x00, 0x00, 0x00, 0x00, 0x00, 0x00, 0x00,
    0x00, 0x00, 0x00, 0x00, 0x00, 0x00, 0x00, 0x00,
    0x00, 0x00, 0x00, 0x00, 0x00, 0x00, 0x00, 0x00,
    0x00, 0x00, 0x00, 0x00, 0x00, 0x00, 0x00, 0x00,
    0x00, 0x00, 0x00, 0x00, 0x00, 0x00, 0x00, 0x00,
    0x00, 0x00, 0x00, 0x00, 0x00, 0x00, 0x00, 0x00,
    0x00, 0x00, 0x00, 0x00, 0x00, 0x00, 0x00, 0x00,
    0x00, 0x00, 0x00, 0x00, 0x00, 0x00, 0x00, 0x00,
    0x00, 0x00, 0x00, 0x00, 0x00, 0x00, 0x00, 0x00,
    0x03, 0x9e, 0xff, 0x30, 0x03, 0x9e, 0xff, 0x40,
    0x03, 0x9e, 0xff, 0x40, 0x03, 0x9e, 0xff, 0x40,
    0x03, 0x9e, 0xff, 0x40, 0x03, 0x9e, 0xff, 0x40,
    0x03, 0x9e, 0xff, 0x40, 0x03, 0x9e, 0xff, 0x40,
    0x03, 0x9e, 0xff, 0x40, 0x03, 0x9e, 0xff, 0x40,
    0x03, 0x9e, 0xff, 0x40, 0x03, 0x9e, 0xff, 0x40,
    0x03, 0x9e, 0xff, 0x40, 0x03, 0x9e, 0xff, 0x40,
    0x03, 0x9e, 0xff, 0x40, 0x03, 0x9e, 0xff, 0x40,
    0x03, 0x9e, 0xff, 0x40, 0x03, 0x9e, 0xff, 0x40,
    0x03, 0x9e, 0xff, 0x40, 0x03, 0x9e, 0xff, 0x40,
    0x03, 0x9e, 0xff, 0x20, 0x00, 0x00, 0x00, 0x00,
    0x00, 0x00, 0x00, 0x00, 0x00, 0x00, 0x00, 0x00,
    0x00, 0x00, 0x00, 0x00, 0x00, 0x00, 0x00, 0x00,
    0x00, 0x00, 0x00, 0x00, 0x00, 0x00, 0x00, 0x00,
    0x00, 0x00, 0x00, 0x00, 0x00, 0x00, 0x00, 0x00,
    0x00, 0x00, 0x00, 0x00, 0x00, 0x00, 0x00, 0x00,
    0x00, 0x00, 0x00, 0x00, 0x00, 0x00, 0x00, 0x00,
    0x00, 0x00, 0x00, 0x00, 0x00, 0x00, 0x00, 0x00,
    0x00, 0x00, 0x00, 0x00, 0x00, 0x00, 0x00, 0x00,
    0x00, 0x00, 0x00, 0x00, 0x00, 0x00, 0x00, 0x00,
    0x00, 0x00, 0x00, 0x00, 0x00, 0x00, 0x00, 0x00,
    0x00, 0x00, 0x00, 0x00, 0x00, 0x00, 0x00, 0x00,
    0x00, 0x00, 0x00, 0x00, 0x00, 0x00, 0x00, 0x00,
    0x00, 0x00, 0x00, 0x00, 0x00, 0x00, 0x00, 0x00,
    0x00, 0x00, 0x00, 0x00, 0x00, 0x00, 0x00, 0x00,
    0x00, 0x00, 0x00, 0x00, 0x00, 0x00, 0x00, 0x00,
    0x00, 0x00, 0x00, 0x00, 0x00, 0x00, 0x00, 0x00,
    0x00, 0x00, 0x00, 0x00, 0x00, 0x00, 0x00, 0x00,
    0x00, 0x00, 0x00, 0x00, 0x00, 0x00, 0x00, 0x00,
    0x00, 0x00, 0x00, 0x00, 0x00, 0x00, 0x00, 0x00,
    0x00, 0x00, 0x00, 0x00, 0x00, 0x00, 0x00, 0x00,
    0x00, 0x00, 0x00, 0x00, 0x00, 0x00, 0x00, 0x00,
    0x00, 0x00, 0x00, 0x00, 0x03, 0x9e, 0xff, 0x20,
    0x03, 0x9e, 0xff, 0x9f, 0x03, 0x9e, 0xff, 0xef,
    0x03, 0x9e, 0xff, 0xff, 0x03, 0x9e, 0xff, 0xff,
    0x03, 0x9e, 0xff, 0xff, 0x03, 0x9e, 0xff, 0xff,
    0x03, 0x9e, 0xff, 0xff, 0x03, 0x9e, 0xff, 0xff,
    0x03, 0x9e, 0xff, 0xff, 0x03, 0x9e, 0xff, 0xff,
    0x03, 0x9e, 0xff, 0xff, 0x03, 0x9e, 0xff, 0xff,
    0x03, 0x9e, 0xff, 0xff, 0x03, 0x9e, 0xff, 0xff,
    0x03, 0x9e, 0xff, 0xff, 0x03, 0x9e, 0xff, 0xff,
    0x03, 0x9e, 0xff, 0xff, 0x03, 0x9e, 0xff, 0xff,
    0x03, 0x9e, 0xff, 0xff, 0x03, 0x9e, 0xff, 0xff,
    0x03, 0x9e, 0xff, 0xff, 0x03, 0x9e, 0xff, 0xff,
    0x03, 0x9e, 0xff, 0xff, 0x03, 0x9e, 0xff, 0xef,
    0x03, 0x9e, 0xff, 0x9f, 0x03, 0x9e, 0xff, 0x20,
    0x00, 0x00, 0x00, 0x00, 0x00, 0x00, 0x00, 0x00,
    0x00, 0x00, 0x00, 0x00, 0x00, 0x00, 0x00, 0x00,
    0x00, 0x00, 0x00, 0x00, 0x00, 0x00, 0x00, 0x00,
    0x00, 0x00, 0x00, 0x00, 0x00, 0x00, 0x00, 0x00,
    0x00, 0x00, 0x00, 0x00, 0x00, 0x00, 0x00, 0x00,
    0x00, 0x00, 0x00, 0x00, 0x00, 0x00, 0x00, 0x00,
    0x00, 0x00, 0x00, 0x00, 0x00, 0x00, 0x00, 0x00,
    0x00, 0x00, 0x00, 0x00, 0x00, 0x00, 0x00, 0x00,
    0x00, 0x00, 0x00, 0x00, 0x00, 0x00, 0x00, 0x00,
    0x00, 0x00, 0x00, 0x00, 0x00, 0x00, 0x00, 0x00,
    0x00, 0x00, 0x00, 0x00, 0x00, 0x00, 0x00, 0x00,
    0x00, 0x00, 0x00, 0x00, 0x00, 0x00, 0x00, 0x00,
    0x00, 0x00, 0x00, 0x00, 0x00, 0x00, 0x00, 0x00,
    0x00, 0x00, 0x00, 0x00, 0x00, 0x00, 0x00, 0x00,
    0x00, 0x00, 0x00, 0x00, 0x00, 0x00, 0x00, 0x00,
    0x00, 0x00, 0x00, 0x00, 0x00, 0x00, 0x00, 0x00,
    0x00, 0x00, 0x00, 0x00, 0x00, 0x00, 0x00, 0x00,
    0x00, 0x00, 0x00, 0x00, 0x00, 0x00, 0x00, 0x00,
    0x00, 0x00, 0x00, 0x00, 0x00, 0x00, 0x00, 0x00,
    0x00, 0x00, 0x00, 0x00, 0x00, 0x00, 0x00, 0x00,
    0x03, 0x9e, 0xff, 0x60, 0x03, 0x9e, 0xff, 0xef,
    0x03, 0x9e, 0xff, 0xff, 0x03, 0x9e, 0xff, 0xff,
    0x03, 0x9e, 0xff, 0xff, 0x03, 0x9e, 0xff, 0xff,
    0x03, 0x9e, 0xff, 0xff, 0x03, 0x9e, 0xff, 0xff,
    0x03, 0x9e, 0xff, 0xff, 0x03, 0x9e, 0xff, 0xff,
    0x03, 0x9e, 0xff, 0xff, 0x03, 0x9e, 0xff, 0xff,
    0x03, 0x9e, 0xff, 0xff, 0x03, 0x9e, 0xff, 0xff,
    0x03, 0x9e, 0xff, 0xff, 0x03, 0x9e, 0xff, 0xff,
    0x03, 0x9e, 0xff, 0xff, 0x03, 0x9e, 0xff, 0xff,
    0x03, 0x9e, 0xff, 0xff, 0x03, 0x9e, 0xff, 0xff,
    0x03, 0x9e, 0xff, 0xff, 0x03, 0x9e, 0xff, 0xff,
    0x03, 0x9e, 0xff, 0xff, 0x03, 0x9e, 0xff, 0xff,
    0x03, 0x9e, 0xff, 0xff, 0x03, 0x9e, 0xff, 0xff,
    0x03, 0x9e, 0xff, 0xff, 0x03, 0x9e, 0xff, 0xff,
    0x03, 0x9e, 0xff, 0x80, 0x00, 0x00, 0x00, 0x00,
    0x00, 0x00, 0x00, 0x00, 0x00, 0x00, 0x00, 0x00,
    0x00, 0x00, 0x00, 0x00, 0x00, 0x00, 0x00, 0x00,
    0x00, 0x00, 0x00, 0x00, 0x00, 0x00, 0x00, 0x00,
    0x00, 0x00, 0x00, 0x00, 0x00, 0x00, 0x00, 0x00,
    0x00, 0x00, 0x00, 0x00, 0x00, 0x00, 0x00, 0x00,
    0x00, 0x00, 0x00, 0x00, 0x00, 0x00, 0x00, 0x00,
    0x00, 0x00, 0x00, 0x00, 0x00, 0x00, 0x00, 0x00,
    0x00, 0x00, 0x00, 0x00, 0x00, 0x00, 0x00, 0x00,
    0x00, 0x00, 0x00, 0x00, 0x00, 0x00, 0x00, 0x00,
    0x00, 0x00, 0x00, 0x00, 0x00, 0x00, 0x00, 0x00,
    0x00, 0x00, 0x00, 0x00, 0x00, 0x00, 0x00, 0x00,
    0x00, 0x00, 0x00, 0x00, 0x00, 0x00, 0x00, 0x00,
    0x00, 0x00, 0x00, 0x00, 0x00, 0x00, 0x00, 0x00,
    0x00, 0x00, 0x00, 0x00, 0x00, 0x00, 0x00, 0x00,
    0x00, 0x00, 0x00, 0x00, 0x00, 0x00, 0x00, 0x00,
    0x00, 0x00, 0x00, 0x00, 0x00, 0x00, 0x00, 0x00,
    0x00, 0x00, 0x00, 0x00, 0x00, 0x00, 0x00, 0x00,
    0x00, 0x00, 0x00, 0x00, 0x00, 0x00, 0x00, 0x00,
    0x00, 0x00, 0x00, 0x00, 0x03, 0x9e, 0xff, 0x50,
    0x03, 0x9e, 0xff, 0xff, 0x03, 0x9e, 0xff, 0xff,
    0x03, 0x9e, 0xff, 0xff, 0x03, 0x9e, 0xff, 0xff,
    0x03, 0x9e, 0xff, 0xff, 0x03, 0x9e, 0xff, 0xff,
    0x03, 0x9e, 0xff, 0xff, 0x03, 0x9e, 0xff, 0xff,
    0x03, 0x9e, 0xff, 0xff, 0x03, 0x9e, 0xff, 0xff,
    0x03, 0x9e, 0xff, 0xff, 0x03, 0x9e, 0xff, 0xff,
    0x03, 0x9e, 0xff, 0xff, 0x03, 0x9e, 0xff, 0xff,
    0x03, 0x9e, 0xff, 0xff, 0x03, 0x9e, 0xff, 0xff,
    0x03, 0x9e, 0xff, 0xff, 0x03, 0x9e, 0xff, 0xff,
    0x03, 0x9e, 0xff, 0xff, 0x03, 0x9e, 0xff, 0xff,
    0x03, 0x9e, 0xff, 0xff, 0x03, 0x9e, 0xff, 0xff,
    0x03, 0x9e, 0xff, 0xff, 0x03, 0x9e, 0xff, 0xff,
    0x03, 0x9e, 0xff, 0xff, 0x03, 0x9e, 0xff, 0xff,
    0x03, 0x9e, 0xff, 0xff, 0x03, 0x9e, 0xff, 0xff,
    0x03, 0x9e, 0xff, 0xff, 0x03, 0x9e, 0xff, 0xcf,
    0x03, 0x9e, 0xff, 0x20, 0x00, 0x00, 0x00, 0x00,
    0x00, 0x00, 0x00, 0x00, 0x00, 0x00, 0x00, 0x00,
    0x00, 0x00, 0x00, 0x00, 0x00, 0x00, 0x00, 0x00,
    0x00, 0x00, 0x00, 0x00, 0x00, 0x00, 0x00, 0x00,
    0x00, 0x00, 0x00, 0x00, 0x00, 0x00, 0x00, 0x00,
    0x00, 0x00, 0x00, 0x00, 0x00, 0x00, 0x00, 0x00,
    0x00, 0x00, 0x00, 0x00, 0x00, 0x00, 0x00, 0x00,
    0x00, 0x00, 0x00, 0x00, 0x00, 0x00, 0x00, 0x00,
    0x00, 0x00, 0x00, 0x00, 0x00, 0x00, 0x00, 0x00,
    0x00, 0x00, 0x00, 0x00, 0x00, 0x00, 0x00, 0x00,
    0x00, 0x00, 0x00, 0x00, 0x00, 0x00, 0x00, 0x00,
    0x00, 0x00, 0x00, 0x00, 0x00, 0x00, 0x00, 0x00,
    0x00, 0x00, 0x00, 0x00, 0x00, 0x00, 0x00, 0x00,
    0x00, 0x00, 0x00, 0x00, 0x00, 0x00, 0x00, 0x00,
    0x00, 0x00, 0x00, 0x00, 0x00, 0x00, 0x00, 0x00,
    0x00, 0x00, 0x00, 0x00, 0x00, 0x00, 0x00, 0x00,
    0x00, 0x00, 0x00, 0x00, 0x00, 0x00, 0x00, 0x00,
    0x00, 0x00, 0x00, 0x00, 0x00, 0x00, 0x00, 0x00,
    0x03, 0x9e, 0xff, 0x10, 0x03, 0x9e, 0xff, 0xef,
    0x03, 0x9e, 0xff, 0xff, 0x03, 0x9e, 0xff, 0xff,
    0x03, 0x9e, 0xff, 0xff, 0x03, 0x9e, 0xff, 0xff,
    0x03, 0x9e, 0xff, 0xff, 0x03, 0x9e, 0xff, 0xff,
    0x03, 0x9e, 0xff, 0xff, 0x03, 0x9e, 0xff, 0xff,
    0x03, 0x9e, 0xff, 0xff, 0x03, 0x9e, 0xff, 0xff,
    0x03, 0x9e, 0xff, 0xff, 0x03, 0x9e, 0xff, 0xff,
    0x03, 0x9e, 0xff, 0xff, 0x03, 0x9e, 0xff, 0xff,
    0x03, 0x9e, 0xff, 0xff, 0x03, 0x9e, 0xff, 0xff,
    0x03, 0x9e, 0xff, 0xff, 0x03, 0x9e, 0xff, 0xff,
    0x03, 0x9e, 0xff, 0xff, 0x03, 0x9e, 0xff, 0xff,
    0x03, 0x9e, 0xff, 0xff, 0x03, 0x9e, 0xff, 0xff,
    0x03, 0x9e, 0xff, 0xff, 0x03, 0x9e, 0xff, 0xff,
    0x03, 0x9e, 0xff, 0xff, 0x03, 0x9e, 0xff, 0xff,
    0x03, 0x9e, 0xff, 0xff, 0x03, 0x9e, 0xff, 0xff,
    0x03, 0x9e, 0xff, 0xff, 0x03, 0x9e, 0xff, 0xff,
    0x03, 0x9e, 0xff, 0xef, 0x03, 0x9e, 0xff, 0x50,
    0x00, 0x00, 0x00, 0x00, 0x00, 0x00, 0x00, 0x00,
    0x00, 0x00, 0x00, 0x00, 0x00, 0x00, 0x00, 0x00,
    0x00, 0x00, 0x00, 0x00, 0x00, 0x00, 0x00, 0x00,
    0x00, 0x00, 0x00, 0x00, 0x00, 0x00, 0x00, 0x00,
    0x00, 0x00, 0x00, 0x00, 0x00, 0x00, 0x00, 0x00,
    0x00, 0x00, 0x00, 0x00, 0x00, 0x00, 0x00, 0x00,
    0x00, 0x00, 0x00, 0x00, 0x00, 0x00, 0x00, 0x00,
    0x00, 0x00, 0x00, 0x00, 0x00, 0x00, 0x00, 0x00,
    0x00, 0x00, 0x00, 0x00, 0x00, 0x00, 0x00, 0x00,
    0x00, 0x00, 0x00, 0x00, 0x00, 0x00, 0x00, 0x00,
    0x00, 0x00, 0x00, 0x00, 0x00, 0x00, 0x00, 0x00,
    0x00, 0x00, 0x00, 0x00, 0x00, 0x00, 0x00, 0x00,
    0x00, 0x00, 0x00, 0x00, 0x00, 0x00, 0x00, 0x00,
    0x00, 0x00, 0x00, 0x00, 0x00, 0x00, 0x00, 0x00,
    0x00, 0x00, 0x00, 0x00, 0x00, 0x00, 0x00, 0x00,
    0x00, 0x00, 0x00, 0x00, 0x00, 0x00, 0x00, 0x00,
    0x00, 0x00, 0x00, 0x00, 0x00, 0x00, 0x00, 0x00,
    0x03, 0x9e, 0xff, 0x80, 0x03, 0x9e, 0xff, 0xff,
    0x03, 0x9e, 0xff, 0xff, 0x03, 0x9e, 0xff, 0xff,
    0x03, 0x9e, 0xff, 0xff, 0x03, 0x9e, 0xff, 0xff,
    0x03, 0x9e, 0xff, 0xff, 0x03, 0x9e, 0xff, 0xff,
    0x03, 0x9e, 0xff, 0xff, 0x03, 0x9e, 0xff, 0xff,
    0x03, 0x9e, 0xff, 0xff, 0x03, 0x9e, 0xff, 0xff,
    0x03, 0x9e, 0xff, 0xff, 0x03, 0x9e, 0xff, 0xff,
    0x03, 0x9e, 0xff, 0xff, 0x03, 0x9e, 0xff, 0xff,
    0x03, 0x9e, 0xff, 0xff, 0x03, 0x9e, 0xff, 0xff,
    0x03, 0x9e, 0xff, 0xff, 0x03, 0x9e, 0xff, 0xff,
    0x03, 0x9e, 0xff, 0xff, 0x03, 0x9e, 0xff, 0xff,
    0x03, 0x9e, 0xff, 0xff, 0x03, 0x9e, 0xff, 0xff,
    0x03, 0x9e, 0xff, 0xff, 0x03, 0x9e, 0xff, 0xff,
    0x03, 0x9e, 0xff, 0xff, 0x03, 0x9e, 0xff, 0xff,
    0x03, 0x9e, 0xff, 0xff, 0x03, 0x9e, 0xff, 0xff,
    0x03, 0x9e, 0xff, 0xff, 0x03, 0x9e, 0xff, 0xff,
    0x03, 0x9e, 0xff, 0xff, 0x03, 0x9e, 0xff, 0xff,
    0x03, 0x9e, 0xff, 0x8f, 0x00, 0x00, 0x00, 0x00,
    0x00, 0x00, 0x00, 0x00, 0x00, 0x00, 0x00, 0x00,
    0x00, 0x00, 0x00, 0x00, 0x00, 0x00, 0x00, 0x00,
    0x00, 0x00, 0x00, 0x00, 0x00, 0x00, 0x00, 0x00,
    0x00, 0x00, 0x00, 0x00, 0x00, 0x00, 0x00, 0x00,
    0x00, 0x00, 0x00, 0x00, 0x00, 0x00, 0x00, 0x00,
    0x00, 0x00, 0x00, 0x00, 0x00, 0x00, 0x00, 0x00,
    0x00, 0x00, 0x00, 0x00, 0x00, 0x00, 0x00, 0x00,
    0x00, 0x00, 0x00, 0x00, 0x00, 0x00, 0x00, 0x00,
    0x00, 0x00, 0x00, 0x00, 0x00, 0x00, 0x00, 0x00,
    0x00, 0x00, 0x00, 0x00, 0x00, 0x00, 0x00, 0x00,
    0x00, 0x00, 0x00, 0x00, 0x00, 0x00, 0x00, 0x00,
    0x00, 0x00, 0x00, 0x00, 0x00, 0x00, 0x00, 0x00,
    0x00, 0x00, 0x00, 0x00, 0x00, 0x00, 0x00, 0x00,
    0x00, 0x00, 0x00, 0x00, 0x00, 0x00, 0x00, 0x00,
    0x00, 0x00, 0x00, 0x00, 0x00, 0x00, 0x00, 0x00,
    0x00, 0x00, 0x00, 0x00, 0x00, 0x00, 0x00, 0x00,
    0x03, 0x9e, 0xff, 0xcf, 0x03, 0x9e, 0xff, 0xff,
    0x03, 0x9e, 0xff, 0xff, 0x03, 0x9e, 0xff, 0xff,
    0x03, 0x9e, 0xff, 0xff, 0x03, 0x9e, 0xff, 0xff,
    0x03, 0x9e, 0xff, 0xff, 0x03, 0x9e, 0xff, 0xff,
    0x03, 0x9e, 0xff, 0xff, 0x03, 0x9e, 0xff, 0xff,
    0x03, 0x9e, 0xff, 0xff, 0x03, 0x9e, 0xff, 0xff,
    0x03, 0x9e, 0xff, 0xff, 0x03, 0x9e, 0xff, 0xff,
    0x03, 0x9e, 0xff, 0xff, 0x03, 0x9e, 0xff, 0xff,
    0x03, 0x9e, 0xff, 0xff, 0x03, 0x9e, 0xff, 0xff,
    0x03, 0x9e, 0xff, 0xff, 0x03, 0x9e, 0xff, 0xff,
    0x03, 0x9e, 0xff, 0xff, 0x03, 0x9e, 0xff, 0xff,
    0x03, 0x9e, 0xff, 0xff, 0x03, 0x9e, 0xff, 0xff,
    0x03, 0x9e, 0xff, 0xff, 0x03, 0x9e, 0xff, 0xff,
    0x03, 0x9e, 0xff, 0xff, 0x03, 0x9e, 0xff, 0xff,
    0x03, 0x9e, 0xff, 0xff, 0x03, 0x9e, 0xff, 0xff,
    0x03, 0x9e, 0xff, 0xff, 0x03, 0x9e, 0xff, 0xff,
    0x03, 0x9e, 0xff, 0xff, 0x03, 0x9e, 0xff, 0xff,
    0x03, 0x9e, 0xff, 0xff, 0x03, 0x9e, 0xff, 0xbf,
    0x03, 0x9e, 0xff, 0x10, 0x00, 0x00, 0x00, 0x00,
    0x00, 0x00, 0x00, 0x00, 0x00, 0x00, 0x00, 0x00,
    0x00, 0x00, 0x00, 0x00, 0x00, 0x00, 0x00, 0x00,
    0x00, 0x00, 0x00, 0x00, 0x00, 0x00, 0x00, 0x00,
    0x00, 0x00, 0x00, 0x00, 0x00, 0x00, 0x00, 0x00,
    0x00, 0x00, 0x00, 0x00, 0x00, 0x00, 0x00, 0x00,
    0x00, 0x00, 0x00, 0x00, 0x00, 0x00, 0x00, 0x00,
    0x00, 0x00, 0x00, 0x00, 0x00, 0x00, 0x00, 0x00,
    0x00, 0x00, 0x00, 0x00, 0x00, 0x00, 0x00, 0x00,
    0x00, 0x00, 0x00, 0x00, 0x00, 0x00, 0x00, 0x00,
    0x00, 0x00, 0x00, 0x00, 0x00, 0x00, 0x00, 0x00,
    0x00, 0x00, 0x00, 0x00, 0x00, 0x00, 0x00, 0x00,
    0x00, 0x00, 0x00, 0x00, 0x00, 0x00, 0x00, 0x00,
    0x00, 0x00, 0x00, 0x00, 0x00, 0x00, 0x00, 0x00,
    0x00, 0x00, 0x00, 0x00, 0x00, 0x00, 0x00, 0x00,
    0x00, 0x00, 0x00, 0x00, 0x00, 0x00, 0x00, 0x00,
    0x03, 0x9e, 0xff, 0xff, 0x03, 0x9e, 0xff, 0xff,
    0x03, 0x9e, 0xff, 0xff, 0x03, 0x9e, 0xff, 0xff,
    0x03, 0x9e, 0xff, 0xff, 0x03, 0x9e, 0xff, 0xff,
    0x08, 0xa3, 0xff, 0xff, 0x0e, 0xab, 0xff, 0xff,
    0x15, 0xb4, 0xff, 0xff, 0x15, 0xb4, 0xff, 0xff,
    0x15, 0xb4, 0xff, 0xff, 0x15, 0xb4, 0xff, 0xff,
    0x15, 0xb4, 0xff, 0xff, 0x15, 0xb4, 0xff, 0xff,
    0x15, 0xb4, 0xff, 0xff, 0x15, 0xb4, 0xff, 0xff,
    0x15, 0xb4, 0xff, 0xff, 0x15, 0xb4, 0xff, 0xff,
    0x15, 0xb4, 0xff, 0xff, 0x15, 0xb4, 0xff, 0xff,
    0x15, 0xb4, 0xff, 0xff, 0x15, 0xb4, 0xff, 0xff,
    0x15, 0xb4, 0xff, 0xff, 0x15, 0xb4, 0xff, 0xff,
    0x15, 0xb4, 0xff, 0xff, 0x15, 0xb4, 0xff, 0xff,
    0x15, 0xb4, 0xff, 0xff, 0x15, 0xb4, 0xff, 0xff,
    0x15, 0xb4, 0xff, 0xff, 0x15, 0xb4, 0xff, 0xff,
    0x15, 0xb4, 0xff, 0xff, 0x15, 0xb4, 0xff, 0xff,
    0x15, 0xb4, 0xff, 0xff, 0x15, 0xb4, 0xff, 0xff,
    0x15, 0xb4, 0xff, 0xff, 0x15, 0xb4, 0xff, 0xff,
    0x16, 0xb4, 0xff, 0xf7, 0x20, 0xc0, 0xff, 0xa0,
    0x27, 0xc9, 0xff, 0x80, 0x27, 0xc9, 0xff, 0x80,
    0x27, 0xc9, 0xff, 0x80, 0x27, 0xc9, 0xff, 0x80,
    0x27, 0xc9, 0xff, 0x80, 0x27, 0xc9, 0xff, 0x80,
    0x27, 0xc9, 0xff, 0x80, 0x27, 0xc9, 0xff, 0x80,
    0x27, 0xc9, 0xff, 0x80, 0x27, 0xc9, 0xff, 0x80,
    0x27, 0xc9, 0xff, 0x80, 0x27, 0xc9, 0xff, 0x80,
    0x27, 0xc9, 0xff, 0x80, 0x27, 0xc9, 0xff, 0x80,
    0x27, 0xc9, 0xff, 0x80, 0x27, 0xc9, 0xff, 0x80,
    0x27, 0xc9, 0xff, 0x80, 0x27, 0xc9, 0xff, 0x80,
    0x27, 0xc9, 0xff, 0x80, 0x27, 0xc9, 0xff, 0x80,
    0x27, 0xc9, 0xff, 0x80, 0x27, 0xc9, 0xff, 0x80,
    0x27, 0xc9, 0xff, 0x50, 0x27, 0xc9, 0xff, 0x20,
    0x00, 0x00, 0x00, 0x00, 0x00, 0x00, 0x00, 0x00,
    0x00, 0x00, 0x00, 0x00, 0x00, 0x00, 0x00, 0x00,
    0x00, 0x00, 0x00, 0x00, 0x00, 0x00, 0x00, 0x00,
    0x03, 0x9e, 0xff, 0xff, 0x03, 0x9e, 0xff, 0xff,
    0x03, 0x9e, 0xff, 0xff, 0x03, 0x9e, 0xff, 0xff,
    0x0c, 0xa9, 0xff, 0xff, 0x1e, 0xbe, 0xff, 0xff,
    0x27, 0xc9, 0xff, 0xff, 0x27, 0xc9, 0xff, 0xff,
    0x27, 0xc9, 0xff, 0xff, 0x27, 0xc9, 0xff, 0xff,
    0x27, 0xc9, 0xff, 0xff, 0x27, 0xc9, 0xff, 0xff,
    0x27, 0xc9, 0xff, 0xff, 0x27, 0xc9, 0xff, 0xff,
    0x27, 0xc9, 0xff, 0xff, 0x27, 0xc9, 0xff, 0xff,
    0x27, 0xc9, 0xff, 0xff, 0x27, 0xc9, 0xff, 0xff,
    0x27, 0xc9, 0xff, 0xff, 0x27, 0xc9, 0xff, 0xff,
    0x27, 0xc9, 0xff, 0xff, 0x27, 0xc9, 0xff, 0xff,
    0x27, 0xc9, 0xff, 0xff, 0x27, 0xc9, 0xff, 0xff,
    0x27, 0xc9, 0xff, 0xff, 0x27, 0xc9, 0xff, 0xff,
    0x27, 0xc9, 0xff, 0xff, 0x27, 0xc9, 0xff, 0xff,
    0x27, 0xc9, 0xff, 0xff, 0x27, 0xc9, 0xff, 0xff,
    0x27, 0xc9, 0xff, 0xff, 0x27, 0xc9, 0xff, 0xff,
    0x27, 0xc9, 0xff, 0xff, 0x27, 0xc9, 0xff, 0xff,
    0x27, 0xc9, 0xff, 0xff, 0x27, 0xc9, 0xff, 0xff,
    0x27, 0xc9, 0xff, 0xff, 0x27, 0xc9, 0xff, 0xff,
    0x27, 0xc9, 0xff, 0xff, 0x27, 0xc9, 0xff, 0xff,
    0x27, 0xc9, 0xff, 0xff, 0x27, 0xc9, 0xff, 0xff,
    0x27, 0xc9, 0xff, 0xff, 0x27, 0xc9, 0xff, 0xff,
    0x27, 0xc9, 0xff, 0xff, 0x27, 0xc9, 0xff, 0xff,
    0x27, 0xc9, 0xff, 0xff, 0x27, 0xc9, 0xff, 0xff,
    0x27, 0xc9, 0xff, 0xff, 0x27, 0xc9, 0xff, 0xff,
    0x27, 0xc9, 0xff, 0xff, 0x27, 0xc9, 0xff, 0xff,
    0x27, 0xc9, 0xff, 0xff, 0x27, 0xc9, 0xff, 0xff,
    0x27, 0xc9, 0xff, 0xff, 0x27, 0xc9, 0xff, 0xff,
    0x27, 0xc9, 0xff, 0xff, 0x27, 0xc9, 0xff, 0xff,
    0x27, 0xc9, 0xff, 0xff, 0x27, 0xc9, 0xff, 0xff,
    0x27, 0xc9, 0xff, 0xff, 0x27, 0xc9, 0xff, 0xff,
    0x27, 0xc9, 0xff, 0xbf, 0x27, 0xc9, 0xff, 0x40,
    0x00, 0x00, 0x00, 0x00, 0x00, 0x00, 0x00, 0x00,
    0x00, 0x00, 0x00, 0x00, 0x00, 0x00, 0x00, 0x00,
    0x03, 0x9e, 0xff, 0xff, 0x03, 0x9e, 0xff, 0xff,
    0x03, 0x9e, 0xff, 0xff, 0x17, 0xb6, 0xff, 0xff,
    0x27, 0xc9, 0xff, 0xff, 0x27, 0xc9, 0xff, 0xff,
    0x27, 0xc9, 0xff, 0xff, 0x27, 0xc9, 0xff, 0xff,
    0x27, 0xc9, 0xff, 0xff, 0x27, 0xc9, 0xff, 0xff,
    0x27, 0xc9, 0xff, 0xff, 0x27, 0xc9, 0xff, 0xff,
    0x27, 0xc9, 0xff, 0xff, 0x27, 0xc9, 0xff, 0xff,
    0x27, 0xc9, 0xff, 0xff, 0x27, 0xc9, 0xff, 0xff,
    0x27, 0xc9, 0xff, 0xff, 0x27, 0xc9, 0xff, 0xff,
    0x27, 0xc9, 0xff, 0xff, 0x27, 0xc9, 0xff, 0xff,
    0x27, 0xc9, 0xff, 0xff, 0x27, 0xc9, 0xff, 0xff,
    0x27, 0xc9, 0xff, 0xff, 0x27, 0xc9, 0xff, 0xff,
    0x27, 0xc9, 0xff, 0xff, 0x27, 0xc9, 0xff, 0xff,
    0x27, 0xc9, 0xff, 0xff, 0x27, 0xc9, 0xff, 0xff,
    0x27, 0xc9, 0xff, 0xff, 0x27, 0xc9, 0xff, 0xff,
    0x27, 0xc9, 0xff, 0xff, 0x27, 0xc9, 0xff, 0xff,
    0x27, 0xc9, 0xff, 0xff, 0x27, 0xc9, 0xff, 0xff,
    0x27, 0xc9, 0xff, 0xff, 0x27, 0xc9, 0xff, 0xff,
    0x27, 0xc9, 0xff, 0xff, 0x27, 0xc9, 0xff, 0xff,
    0x27, 0xc9, 0xff, 0xff, 0x27, 0xc9, 0xff, 0xff,
    0x27, 0xc9, 0xff, 0xff, 0x27, 0xc9, 0xff, 0xff,
    0x27, 0xc9, 0xff, 0xff, 0x27, 0xc9, 0xff, 0xff,
    0x27, 0xc9, 0xff, 0xff, 0x27, 0xc9, 0xff, 0xff,
    0x27, 0xc9, 0xff, 0xff, 0x27, 0xc9, 0xff, 0xff,
    0x27, 0xc9, 0xff, 0xff, 0x27, 0xc9, 0xff, 0xff,
    0x27, 0xc9, 0xff, 0xff, 0x27, 0xc9, 0xff, 0xff,
    0x27, 0xc9, 0xff, 0xff, 0x27, 0xc9, 0xff, 0xff,
    0x27, 0xc9, 0xff, 0xff, 0x27, 0xc9, 0xff, 0xff,
    0x27, 0xc9, 0xff, 0xff, 0x27, 0xc9, 0xff, 0xff,
    0x27, 0xc9, 0xff, 0xff, 0x27, 0xc9, 0xff, 0xff,
    0x27, 0xc9, 0xff, 0xff, 0x27, 0xc9, 0xff, 0xff,
    0x27, 0xc9, 0xff, 0xff, 0x27, 0xc9, 0xff, 0xff,
    0x27, 0xc9, 0xff, 0x8f, 0x00, 0x00, 0x00, 0x00,
    0x00, 0x00, 0x00, 0x00, 0x00, 0x00, 0x00, 0x00,
    0x03, 0x9e, 0xff, 0xff, 0x03, 0x9e, 0xff, 0xff,
    0x1a, 0xb9, 0xff, 0xff, 0x27, 0xc9, 0xff, 0xff,
    0x27, 0xc9, 0xff, 0xff, 0x27, 0xc9, 0xff, 0xff,
    0x27, 0xc9, 0xff, 0xff, 0x27, 0xc9, 0xff, 0xff,
    0x27, 0xc9, 0xff, 0xff, 0x27, 0xc9, 0xff, 0xff,
    0x27, 0xc9, 0xff, 0xff, 0x27, 0xc9, 0xff, 0xff,
    0x27, 0xc9, 0xff, 0xff, 0x27, 0xc9, 0xff, 0xff,
    0x27, 0xc9, 0xff, 0xff, 0x27, 0xc9, 0xff, 0xff,
    0x27, 0xc9, 0xff, 0xff, 0x27, 0xc9, 0xff, 0xff,
    0x27, 0xc9, 0xff, 0xff, 0x27, 0xc9, 0xff, 0xff,
    0x27, 0xc9, 0xff, 0xff, 0x27, 0xc9, 0xff, 0xff,
    0x27, 0xc9, 0xff, 0xff, 0x27, 0xc9, 0xff, 0xff,
    0x27, 0xc9, 0xff, 0xff, 0x27, 0xc9, 0xff, 0xff,
    0x27, 0xc9, 0xff, 0xff, 0x27, 0xc9, 0xff, 0xff,
    0x27, 0xc9, 0xff, 0xff, 0x27, 0xc9, 0xff, 0xff,
    0x27, 0xc9, 0xff, 0xff, 0x27, 0xc9, 0xff, 0xff,
    0x27, 0xc9, 0xff, 0xff, 0x27, 0xc9, 0xff, 0xff,
    0x27, 0xc9, 0xff, 0xff, 0x27, 0xc9, 0xff, 0xff,
    0x27, 0xc9, 0xff, 0xff, 0x27, 0xc9, 0xff, 0xff,
    0x27, 0xc9, 0xff, 0xff, 0x27, 0xc9, 0xff, 0xff,
    0x27, 0xc9, 0xff, 0xff, 0x27, 0xc9, 0xff, 0xff,
    0x27, 0xc9, 0xff, 0xff, 0x27, 0xc9, 0xff, 0xff,
    0x27, 0xc9, 0xff, 0xff, 0x27, 0xc9, 0xff, 0xff,
    0x27, 0xc9, 0xff, 0xff, 0x27, 0xc9, 0xff, 0xff,
    0x27, 0xc9, 0xff, 0xff, 0x27, 0xc9, 0xff, 0xff,
    0x27, 0xc9, 0xff, 0xff, 0x27, 0xc9, 0xff, 0xff,
    0x27, 0xc9, 0xff, 0xff, 0x27, 0xc9, 0xff, 0xff,
    0x27, 0xc9, 0xff, 0xff, 0x27, 0xc9, 0xff, 0xff,
    0x27, 0xc9, 0xff, 0xff, 0x27, 0xc9, 0xff, 0xff,
    0x27, 0xc9, 0xff, 0xff, 0x27, 0xc9, 0xff, 0xff,
    0x27, 0xc9, 0xff, 0xff, 0x27, 0xc9, 0xff, 0xff,
    0x27, 0xc9, 0xff, 0xff, 0x27, 0xc9, 0xff, 0xff,
    0x27, 0xc9, 0xff, 0xff, 0x27, 0xc9, 0xff, 0x9f,
    0x00, 0x00, 0x00, 0x00, 0x00, 0x00, 0x00, 0x00,
    0x03, 0x9e, 0xff, 0xff, 0x13, 0xb1, 0xff, 0xff,
    0x27, 0xc9, 0xff, 0xff, 0x27, 0xc9, 0xff, 0xff,
    0x27, 0xc9, 0xff, 0xff, 0x27, 0xc9, 0xff, 0xff,
    0x27, 0xc9, 0xff, 0xff, 0x27, 0xc9, 0xff, 0xff,
    0x27, 0xc9, 0xff, 0xff, 0x27, 0xc9, 0xff, 0xff,
    0x27, 0xc9, 0xff, 0xff, 0x27, 0xc9, 0xff, 0xff,
    0x27, 0xc9, 0xff, 0xff, 0x27, 0xc9, 0xff, 0xff,
    0x27, 0xc9, 0xff, 0xff, 0x27, 0xc9, 0xff, 0xff,
    0x27, 0xc9, 0xff, 0xff, 0x27, 0xc9, 0xff, 0xff,
    0x27, 0xc9, 0xff, 0xff, 0x27, 0xc9, 0xff, 0xff,
    0x27, 0xc9, 0xff, 0xff, 0x27, 0xc9, 0xff, 0xff,
    0x27, 0xc9, 0xff, 0xff, 0x27, 0xc9, 0xff, 0xff,
    0x27, 0xc9, 0xff, 0xff, 0x27, 0xc9, 0xff, 0xff,
    0x27, 0xc9, 0xff, 0xff, 0x27, 0xc9, 0xff, 0xff,
    0x27, 0xc9, 0xff, 0xff, 0x27, 0xc9, 0xff, 0xff,
    0x27, 0xc9, 0xff, 0xff, 0x27, 0xc9, 0xff, 0xff,
    0x27, 0xc9, 0xff, 0xff, 0x27, 0xc9, 0xff, 0xff,
    0x27, 0xc9, 0xff, 0xff, 0x27, 0xc9, 0xff, 0xff,
    0x27, 0xc9, 0xff, 0xff, 0x27, 0xc9, 0xff, 0xff,
    0x27, 0xc9, 0xff, 0xff, 0x27, 0xc9, 0xff, 0xff,
    0x27, 0xc9, 0xff, 0xff, 0x27, 0xc9, 0xff, 0xff,
    0x27, 0xc9, 0xff, 0xff, 0x27, 0xc9, 0xff, 0xff,
    0x27, 0xc9, 0xff, 0xff, 0x27, 0xc9, 0xff, 0xff,
    0x27, 0xc9, 0xff, 0xff, 0x27, 0xc9, 0xff, 0xff,
    0x27, 0xc9, 0xff, 0xff, 0x27, 0xc9, 0xff, 0xff,
    0x27, 0xc9, 0xff, 0xff, 0x27, 0xc9, 0xff, 0xff,
    0x27, 0xc9, 0xff, 0xff, 0x27, 0xc9, 0xff, 0xff,
    0x27, 0xc9, 0xff, 0xff, 0x27, 0xc9, 0xff, 0xff,
    0x27, 0xc9, 0xff, 0xff, 0x27, 0xc9, 0xff, 0xff,
    0x27, 0xc9, 0xff, 0xff, 0x27, 0xc9, 0xff, 0xff,
    0x27, 0xc9, 0xff, 0xff, 0x27, 0xc9, 0xff, 0xff,
    0x27, 0xc9, 0xff, 0xff, 0x27, 0xc9, 0xff, 0xff,
    0x27, 0xc9, 0xff, 0xff, 0x27, 0xc9, 0xff, 0xff,
    0x27, 0xc9, 0xff, 0x70, 0x00, 0x00, 0x00, 0x00,
    0x05, 0xa1, 0xff, 0xff, 0x25, 0xc6, 0xff, 0xff,
    0x27, 0xc9, 0xff, 0xff, 0x27, 0xc9, 0xff, 0xff,
    0x27, 0xc9, 0xff, 0xff, 0x27, 0xc9, 0xff, 0xff,
    0x27, 0xc9, 0xff, 0xff, 0x27, 0xc9, 0xff, 0xff,
    0x27, 0xc9, 0xff, 0xff, 0x27, 0xc9, 0xff, 0xff,
    0x27, 0xc9, 0xff, 0xff, 0x27, 0xc9, 0xff, 0xff,
    0x27, 0xc9, 0xff, 0xff, 0x27, 0xc9, 0xff, 0xff,
    0x27, 0xc9, 0xff, 0xff, 0x27, 0xc9, 0xff, 0xff,
    0x27, 0xc9, 0xff, 0xff, 0x27, 0xc9, 0xff, 0xff,
    0x27, 0xc9, 0xff, 0xff, 0x27, 0xc9, 0xff, 0xff,
    0x27, 0xc9, 0xff, 0xff, 0x27, 0xc9, 0xff, 0xff,
    0x27, 0xc9, 0xff, 0xff, 0x27, 0xc9, 0xff, 0xff,
    0x27, 0xc9, 0xff, 0xff, 0x27, 0xc9, 0xff, 0xff,
    0x27, 0xc9, 0xff, 0xff, 0x27, 0xc9, 0xff, 0xff,
    0x27, 0xc9, 0xff, 0xff, 0x27, 0xc9, 0xff, 0xff,
    0x27, 0xc9, 0xff, 0xff, 0x27, 0xc9, 0xff, 0xff,
    0x27, 0xc9, 0xff, 0xff, 0x27, 0xc9, 0xff, 0xff,
    0x27, 0xc9, 0xff, 0xff, 0x27, 0xc9, 0xff, 0xff,
    0x27, 0xc9, 0xff, 0xff, 0x27, 0xc9, 0xff, 0xff,
    0x27, 0xc9, 0xff, 0xff, 0x27, 0xc9, 0xff, 0xff,
    0x27, 0xc9, 0xff, 0xff, 0x27, 0xc9, 0xff, 0xff,
    0x27, 0xc9, 0xff, 0xff, 0x27, 0xc9, 0xff, 0xff,
    0x27, 0xc9, 0xff, 0xff, 0x27, 0xc9, 0xff, 0xff,
    0x27, 0xc9, 0xff, 0xff, 0x27, 0xc9, 0xff, 0xff,
    0x27, 0xc9, 0xff, 0xff, 0x27, 0xc9, 0xff, 0xff,
    0x27, 0xc9, 0xff, 0xff, 0x27, 0xc9, 0xff, 0xff,
    0x27, 0xc9, 0xff, 0xff, 0x27, 0xc9, 0xff, 0xff,
    0x27, 0xc9, 0xff, 0xff, 0x27, 0xc9, 0xff, 0xff,
    0x27, 0xc9, 0xff, 0xff, 0x27, 0xc9, 0xff, 0xff,
    0x27, 0xc9, 0xff, 0xff, 0x27, 0xc9, 0xff, 0xff,
    0x27, 0xc9, 0xff, 0xff, 0x27, 0xc9, 0xff, 0xff,
    0x27, 0xc9, 0xff, 0xff, 0x27, 0xc9, 0xff, 0xff,
    0x27, 0xc9, 0xff, 0xff, 0x27, 0xc9, 0xff, 0xff,
    0x27, 0xc9, 0xff, 0xef, 0x27, 0xc9, 0xff, 0x10,
    0x13, 0xb1, 0xff, 0xff, 0x27, 0xc9, 0xff, 0xff,
    0x27, 0xc9, 0xff, 0xff, 0x27, 0xc9, 0xff, 0xff,
    0x27, 0xc9, 0xff, 0xff, 0x27, 0xc9, 0xff, 0xff,
    0x27, 0xc9, 0xff, 0xff, 0x27, 0xc9, 0xff, 0xff,
    0x27, 0xc9, 0xff, 0xff, 0x27, 0xc9, 0xff, 0xff,
    0x27, 0xc9, 0xff, 0xff, 0x27, 0xc9, 0xff, 0xff,
    0x27, 0xc9, 0xff, 0xff, 0x27, 0xc9, 0xff, 0xff,
    0x27, 0xc9, 0xff, 0xff, 0x27, 0xc9, 0xff, 0xff,
    0x27, 0xc9, 0xff, 0xff, 0x27, 0xc9, 0xff, 0xff,
    0x27, 0xc9, 0xff, 0xff, 0x27, 0xc9, 0xff, 0xff,
    0x27, 0xc9, 0xff, 0xff, 0x27, 0xc9, 0xff, 0xff,
    0x27, 0xc9, 0xff, 0xff, 0x27, 0xc9, 0xff, 0xff,
    0x27, 0xc9, 0xff, 0xff, 0x27, 0xc9, 0xff, 0xff,
    0x27, 0xc9, 0xff, 0xff, 0x27, 0xc9, 0xff, 0xff,
    0x27, 0xc9, 0xff, 0xff, 0x27, 0xc9, 0xff, 0xff,
    0x27, 0xc9, 0xff, 0xff, 0x27, 0xc9, 0xff, 0xff,
    0x27, 0xc9, 0xff, 0xff, 0x27, 0xc9, 0xff, 0xff,
    0x27, 0xc9, 0xff, 0xff, 0x27, 0xc9, 0xff, 0xff,
    0x27, 0xc9, 0xff, 0xff, 0x27, 0xc9, 0xff, 0xff,
    0x27, 0xc9, 0xff, 0xff, 0x27, 0xc9, 0xff, 0xff,
    0x27, 0xc9, 0xff, 0xff, 0x27, 0xc9, 0xff, 0xff,
    0x27, 0xc9, 0xff, 0xff, 0x27, 0xc9, 0xff, 0xff,
    0x27, 0xc9, 0xff, 0xff, 0x27, 0xc9, 0xff, 0xff,
    0x27, 0xc9, 0xff, 0xff, 0x27, 0xc9, 0xff, 0xff,
    0x27, 0xc9, 0xff, 0xff, 0x27, 0xc9, 0xff, 0xff,
    0x27, 0xc9, 0xff, 0xff, 0x27, 0xc9, 0xff, 0xff,
    0x27, 0xc9, 0xff, 0xff, 0x27, 0xc9, 0xff, 0xff,
    0x27, 0xc9, 0xff, 0xff, 0x27, 0xc9, 0xff, 0xff,
    0x27, 0xc9, 0xff, 0xff, 0x27, 0xc9, 0xff, 0xff,
    0x27, 0xc9, 0xff, 0xff, 0x27, 0xc9, 0xff, 0xff,
    0x27, 0xc9, 0xff, 0xff, 0x27, 0xc9, 0xff, 0xff,
    0x27, 0xc9, 0xff, 0xff, 0x27, 0xc9, 0xff, 0xff,
    0x27, 0xc9, 0xff, 0xff, 0x27, 0xc9, 0xff, 0xff,
    0x27, 0xc9, 0xff, 0xff, 0x27, 0xc9, 0xff, 0x70,
    0x1e, 0xbe, 0xff, 0xff, 0x27, 0xc9, 0xff, 0xff,
    0x27, 0xc9, 0xff, 0xff, 0x27, 0xc9, 0xff, 0xff,
    0x27, 0xc9, 0xff, 0xff, 0x27, 0xc9, 0xff, 0xff,
    0x27, 0xc9, 0xff, 0xff, 0x27, 0xc9, 0xff, 0xff,
    0x27, 0xc9, 0xff, 0xff, 0x27, 0xc9, 0xff, 0xff,
    0x27, 0xc9, 0xff, 0xff, 0x27, 0xc9, 0xff, 0xff,
    0x27, 0xc9, 0xff, 0xff, 0x27, 0xc9, 0xff, 0xff,
    0x27, 0xc9, 0xff, 0xff, 0x27, 0xc9, 0xff, 0xff,
    0x27, 0xc9, 0xff, 0xff, 0x27, 0xc9, 0xff, 0xff,
    0x27, 0xc9, 0xff, 0xff, 0x27, 0xc9, 0xff, 0xff,
    0x27, 0xc9, 0xff, 0xff, 0x27, 0xc9, 0xff, 0xff,
    0x27, 0xc9, 0xff, 0xff, 0x27, 0xc9, 0xff, 0xff,
    0x27, 0xc9, 0xff, 0xff, 0x27, 0xc9, 0xff, 0xff,
    0x27, 0xc9, 0xff, 0xff, 0x27, 0xc9, 0xff, 0xff,
    0x27, 0xc9, 0xff, 0xff, 0x27, 0xc9, 0xff, 0xff,
    0x27, 0xc9, 0xff, 0xff, 0x27, 0xc9, 0xff, 0xff,
    0x27, 0xc9, 0xff, 0xff, 0x27, 0xc9, 0xff, 0xff,
    0x27, 0xc9, 0xff, 0xff, 0x27, 0xc9, 0xff, 0xff,
    0x27, 0xc9, 0xff, 0xff, 0x27, 0xc9, 0xff, 0xff,
    0x27, 0xc9, 0xff, 0xff, 0x27, 0xc9, 0xff, 0xff,
    0x27, 0xc9, 0xff, 0xff, 0x27, 0xc9, 0xff, 0xff,
    0x27, 0xc9, 0xff, 0xff, 0x27, 0xc9, 0xff, 0xff,
    0x27, 0xc9, 0xff, 0xff, 0x27, 0xc9, 0xff, 0xff,
    0x27, 0xc9, 0xff, 0xff, 0x27, 0xc9, 0xff, 0xff,
    0x27, 0xc9, 0xff, 0xff, 0x27, 0xc9, 0xff, 0xff,
    0x27, 0xc9, 0xff, 0xff, 0x27, 0xc9, 0xff, 0xff,
    0x27, 0xc9, 0xff, 0xff, 0x27, 0xc9, 0xff, 0xff,
    0x27, 0xc9, 0xff, 0xff, 0x27, 0xc9, 0xff, 0xff,
    0x27, 0xc9, 0xff, 0xff, 0x27, 0xc9, 0xff, 0xff,
    0x27, 0xc9, 0xff, 0xff, 0x27, 0xc9, 0xff, 0xff,
    0x27, 0xc9, 0xff, 0xff, 0x27, 0xc9, 0xff, 0xff,
    0x27, 0xc9, 0xff, 0xff, 0x27, 0xc9, 0xff, 0xff,
    0x27, 0xc9, 0xff, 0xff, 0x27, 0xc9, 0xff, 0xff,
    0x27, 0xc9, 0xff, 0xff, 0x27, 0xc9, 0xff, 0xbf,
    0x25, 0xc6, 0xff, 0xff, 0x27, 0xc9, 0xff, 0xff,
    0x27, 0xc9, 0xff, 0xff, 0x27, 0xc9, 0xff, 0xff,
    0x27, 0xc9, 0xff, 0xff, 0x27, 0xc9, 0xff, 0xff,
    0x27, 0xc9, 0xff, 0xff, 0x27, 0xc9, 0xff, 0xff,
    0x27, 0xc9, 0xff, 0xff, 0x27, 0xc9, 0xff, 0xff,
    0x27, 0xc9, 0xff, 0xff, 0x27, 0xc9, 0xff, 0xff,
    0x27, 0xc9, 0xff, 0xff, 0x27, 0xc9, 0xff, 0xff,
    0x27, 0xc9, 0xff, 0xff, 0x27, 0xc9, 0xff, 0xff,
    0x27, 0xc9, 0xff, 0xff, 0x27, 0xc9, 0xff, 0xff,
    0x27, 0xc9, 0xff, 0xff, 0x27, 0xc9, 0xff, 0xff,
    0x27, 0xc9, 0xff, 0xff, 0x27, 0xc9, 0xff, 0xff,
    0x27, 0xc9, 0xff, 0xff, 0x27, 0xc9, 0xff, 0xff,
    0x27, 0xc9, 0xff, 0xff, 0x27, 0xc9, 0xff, 0xff,
    0x27, 0xc9, 0xff, 0xff, 0x27, 0xc9, 0xff, 0xff,
    0x27, 0xc9, 0xff, 0xff, 0x27, 0xc9, 0xff, 0xff,
    0x27, 0xc9, 0xff, 0xff, 0x27, 0xc9, 0xff, 0xff,
    0x27, 0xc9, 0xff, 0xff, 0x27, 0xc9, 0xff, 0xff,
    0x27, 0xc9, 0xff, 0xff, 0x27, 0xc9, 0xff, 0xff,
    0x27, 0xc9, 0xff, 0xff, 0x27, 0xc9, 0xff, 0xff,
    0x27, 0xc9, 0xff, 0xff, 0x27, 0xc9, 0xff, 0xff,
    0x27, 0xc9, 0xff, 0xff, 0x27, 0xc9, 0xff, 0xff,
    0x27, 0xc9, 0xff, 0xff, 0x27, 0xc9, 0xff, 0xff,
    0x27, 0xc9, 0xff, 0xff, 0x27, 0xc9, 0xff, 0xff,
    0x27, 0xc9, 0xff, 0xff, 0x27, 0xc9, 0xff, 0xff,
    0x27, 0xc9, 0xff, 0xff, 0x27, 0xc9, 0xff, 0xff,
    0x27, 0xc9, 0xff, 0xff, 0x27, 0xc9, 0xff, 0xff,
    0x27, 0xc9, 0xff, 0xff, 0x27, 0xc9, 0xff, 0xff,
    0x27, 0xc9, 0xff, 0xff, 0x27, 0xc9, 0xff, 0xff,
    0x27, 0xc9, 0xff, 0xff, 0x27, 0xc9, 0xff, 0xff,
    0x27, 0xc9, 0xff, 0xff, 0x27, 0xc9, 0xff, 0xff,
    0x27, 0xc9, 0xff, 0xff, 0x27, 0xc9, 0xff, 0xff,
    0x27, 0xc9, 0xff, 0xff, 0x27, 0xc9, 0xff, 0xff,
    0x27, 0xc9, 0xff, 0xff, 0x27, 0xc9, 0xff, 0xff,
    0x27, 0xc9, 0xff, 0xff, 0x27, 0xc9, 0xff, 0xef,
    0x27, 0xc9, 0xff, 0xff, 0x27, 0xc9, 0xff, 0xff,
    0x27, 0xc9, 0xff, 0xff, 0x27, 0xc9, 0xff, 0xff,
    0x27, 0xc9, 0xff, 0xff, 0x27, 0xc9, 0xff, 0xff,
    0x27, 0xc9, 0xff, 0xff, 0x27, 0xc9, 0xff, 0xff,
    0x27, 0xc9, 0xff, 0xff, 0x27, 0xc9, 0xff, 0xff,
    0x27, 0xc9, 0xff, 0xff, 0x27, 0xc9, 0xff, 0xff,
    0x27, 0xc9, 0xff, 0xff, 0x27, 0xc9, 0xff, 0xff,
    0x27, 0xc9, 0xff, 0xff, 0x27, 0xc9, 0xff, 0xff,
    0x27, 0xc9, 0xff, 0xff, 0x27, 0xc9, 0xff, 0xff,
    0x27, 0xc9, 0xff, 0xff, 0x27, 0xc9, 0xff, 0xff,
    0x27, 0xc9, 0xff, 0xff, 0x27, 0xc9, 0xff, 0xff,
    0x27, 0xc9, 0xff, 0xff, 0x27, 0xc9, 0xff, 0xff,
    0x27, 0xc9, 0xff, 0xff, 0x27, 0xc9, 0xff, 0xff,
    0x27, 0xc9, 0xff, 0xff, 0x27, 0xc9, 0xff, 0xff,
    0x27, 0xc9, 0xff, 0xff, 0x27, 0xc9, 0xff, 0xff,
    0x27, 0xc9, 0xff, 0xff, 0x27, 0xc9, 0xff, 0xff,
    0x27, 0xc9, 0xff, 0xff, 0x27, 0xc9, 0xff, 0xff,
    0x27, 0xc9, 0xff, 0xff, 0x27, 0xc9, 0xff, 0xff,
    0x27, 0xc9, 0xff, 0xff, 0x27, 0xc9, 0xff, 0xff,
    0x27, 0xc9, 0xff, 0xff, 0x27, 0xc9, 0xff, 0xff,
    0x27, 0xc9, 0xff, 0xff, 0x27, 0xc9, 0xff, 0xff,
    0x27, 0xc9, 0xff, 0xff, 0x27, 0xc9, 0xff, 0xff,
    0x27, 0xc9, 0xff, 0xff, 0x27, 0xc9, 0xff, 0xff,
    0x27, 0xc9, 0xff, 0xff, 0x27, 0xc9, 0xff, 0xff,
    0x27, 0xc9, 0xff, 0xff, 0x27, 0xc9, 0xff, 0xff,
    0x27, 0xc9, 0xff, 0xff, 0x27, 0xc9, 0xff, 0xff,
    0x27, 0xc9, 0xff, 0xff, 0x27, 0xc9, 0xff, 0xff,
    0x27, 0xc9, 0xff, 0xff, 0x27, 0xc9, 0xff, 0xff,
    0x27, 0xc9, 0xff, 0xff, 0x27, 0xc9, 0xff, 0xff,
    0x27, 0xc9, 0xff, 0xff, 0x27, 0xc9, 0xff, 0xff,
    0x27, 0xc9, 0xff, 0xff, 0x27, 0xc9, 0xff, 0xff,
    0x27, 0xc9, 0xff, 0xff, 0x27, 0xc9, 0xff, 0xff,
    0x27, 0xc9, 0xff, 0xff, 0x27, 0xc9, 0xff, 0xff,
    0x27, 0xc9, 0xff, 0xff, 0x27, 0xc9, 0xff, 0xff,
    0x27, 0xc9, 0xff, 0xff, 0x27, 0xc9, 0xff, 0xff,
    0x27, 0xc9, 0xff, 0xff, 0x27, 0xc9, 0xff, 0xff,
    0x27, 0xc9, 0xff, 0xff, 0x27, 0xc9, 0xff, 0xff,
    0x27, 0xc9, 0xff, 0xff, 0x27, 0xc9, 0xff, 0xff,
    0x27, 0xc9, 0xff, 0xff, 0x27, 0xc9, 0xff, 0xff,
    0x27, 0xc9, 0xff, 0xff, 0x27, 0xc9, 0xff, 0xff,
    0x27, 0xc9, 0xff, 0xff, 0x27, 0xc9, 0xff, 0xff,
    0x27, 0xc9, 0xff, 0xff, 0x27, 0xc9, 0xff, 0xff,
    0x27, 0xc9, 0xff, 0xff, 0x27, 0xc9, 0xff, 0xff,
    0x27, 0xc9, 0xff, 0xff, 0x27, 0xc9, 0xff, 0xff,
    0x27, 0xc9, 0xff, 0xff, 0x27, 0xc9, 0xff, 0xff,
    0x27, 0xc9, 0xff, 0xff, 0x27, 0xc9, 0xff, 0xff,
    0x27, 0xc9, 0xff, 0xff, 0x27, 0xc9, 0xff, 0xff,
    0x27, 0xc9, 0xff, 0xff, 0x27, 0xc9, 0xff, 0xff,
    0x27, 0xc9, 0xff, 0xff, 0x27, 0xc9, 0xff, 0xff,
    0x27, 0xc9, 0xff, 0xff, 0x27, 0xc9, 0xff, 0xff,
    0x27, 0xc9, 0xff, 0xff, 0x27, 0xc9, 0xff, 0xff,
    0x27, 0xc9, 0xff, 0xff, 0x27, 0xc9, 0xff, 0xff,
    0x27, 0xc9, 0xff, 0xff, 0x27, 0xc9, 0xff, 0xff,
    0x27, 0xc9, 0xff, 0xff, 0x27, 0xc9, 0xff, 0xff,
    0x27, 0xc9, 0xff, 0xff, 0x27, 0xc9, 0xff, 0xff,
    0x27, 0xc9, 0xff, 0xff, 0x27, 0xc9, 0xff, 0xff,
    0x27, 0xc9, 0xff, 0xff, 0x27, 0xc9, 0xff, 0xff,
    0x27, 0xc9, 0xff, 0xff, 0x27, 0xc9, 0xff, 0xff,
    0x27, 0xc9, 0xff, 0xff, 0x27, 0xc9, 0xff, 0xff,
    0x27, 0xc9, 0xff, 0xff, 0x27, 0xc9, 0xff, 0xff,
    0x27, 0xc9, 0xff, 0xff, 0x27, 0xc9, 0xff, 0xff,
    0x27, 0xc9, 0xff, 0xff, 0x27, 0xc9, 0xff, 0xff,
    0x27, 0xc9, 0xff, 0xff, 0x27, 0xc9, 0xff, 0xff,
    0x27, 0xc9, 0xff, 0xff, 0x27, 0xc9, 0xff, 0xff,
    0x27, 0xc9, 0xff, 0xff, 0x27, 0xc9, 0xff, 0xff,
    0x27, 0xc9, 0xff, 0xff, 0x27, 0xc9, 0xff, 0xff,
    0x27, 0xc9, 0xff, 0xff, 0x27, 0xc9, 0xff, 0xff,
    0x27, 0xc9, 0xff, 0xff, 0x27, 0xc9, 0xff, 0xff,
    0x27, 0xc9, 0xff, 0xff, 0x27, 0xc9, 0xff, 0xff,
    0x27, 0xc9, 0xff, 0xff, 0x27, 0xc9, 0xff, 0xff,
    0x27, 0xc9, 0xff, 0xff, 0x27, 0xc9, 0xff, 0xff,
    0x27, 0xc9, 0xff, 0xff, 0x27, 0xc9, 0xff, 0xff,
    0x27, 0xc9, 0xff, 0xff, 0x27, 0xc9, 0xff, 0xff,
    0x27, 0xc9, 0xff, 0xff, 0x27, 0xc9, 0xff, 0xff,
    0x27, 0xc9, 0xff, 0xff, 0x27, 0xc9, 0xff, 0xff,
    0x27, 0xc9, 0xff, 0xff, 0x27, 0xc9, 0xff, 0xff,
    0x27, 0xc9, 0xff, 0xff, 0x27, 0xc9, 0xff, 0xff,
    0x27, 0xc9, 0xff, 0xff, 0x27, 0xc9, 0xff, 0xff,
    0x27, 0xc9, 0xff, 0xff, 0x27, 0xc9, 0xff, 0xff,
    0x27, 0xc9, 0xff, 0xff, 0x27, 0xc9, 0xff, 0xff,
    0x27, 0xc9, 0xff, 0xff, 0x27, 0xc9, 0xff, 0xff,
    0x27, 0xc9, 0xff, 0xff, 0x27, 0xc9, 0xff, 0xff,
    0x27, 0xc9, 0xff, 0xff, 0x27, 0xc9, 0xff, 0xff,
    0x27, 0xc9, 0xff, 0xff, 0x27, 0xc9, 0xff, 0xff,
    0x27, 0xc9, 0xff, 0xff, 0x27, 0xc9, 0xff, 0xff,
    0x27, 0xc9, 0xff, 0xff, 0x27, 0xc9, 0xff, 0xff,
    0x27, 0xc9, 0xff, 0xff, 0x27, 0xc9, 0xff, 0xff,
    0x27, 0xc9, 0xff, 0xff, 0x27, 0xc9, 0xff, 0xff,
    0x27, 0xc9, 0xff, 0xff, 0x27, 0xc9, 0xff, 0xff,
    0x27, 0xc9, 0xff, 0xff, 0x27, 0xc9, 0xff, 0xff,
    0x27, 0xc9, 0xff, 0xff, 0x27, 0xc9, 0xff, 0xff,
    0x27, 0xc9, 0xff, 0xff, 0x27, 0xc9, 0xff, 0xff,
    0x27, 0xc9, 0xff, 0xff, 0x27, 0xc9, 0xff, 0xff,
    0x27, 0xc9, 0xff, 0xff, 0x27, 0xc9, 0xff, 0xff,
    0x27, 0xc9, 0xff, 0xff, 0x27, 0xc9, 0xff, 0xff,
    0x27, 0xc9, 0xff, 0xff, 0x27, 0xc9, 0xff, 0xff,
    0x27, 0xc9, 0xff, 0xff, 0x27, 0xc9, 0xff, 0xff,
    0x27, 0xc9, 0xff, 0xff, 0x27, 0xc9, 0xff, 0xff,
    0x27, 0xc9, 0xff, 0xff, 0x27, 0xc9, 0xff, 0xff,
    0x27, 0xc9, 0xff, 0xff, 0x27, 0xc9, 0xff, 0xff,
    0x27, 0xc9, 0xff, 0xff, 0x27, 0xc9, 0xff, 0xff,
    0x27, 0xc9, 0xff, 0xff, 0x27, 0xc9, 0xff, 0xff,
    0x27, 0xc9, 0xff, 0xff, 0x27, 0xc9, 0xff, 0xff,
    0x27, 0xc9, 0xff, 0xff, 0x27, 0xc9, 0xff, 0xff,
    0x27, 0xc9, 0xff, 0xff, 0x27, 0xc9, 0xff, 0xff,
    0x27, 0xc9, 0xff, 0xff, 0x27, 0xc9, 0xff, 0xff,
    0x27, 0xc9, 0xff, 0xff, 0x27, 0xc9, 0xff, 0xff,
    0x27, 0xc9, 0xff, 0xff, 0x27, 0xc9, 0xff, 0xff,
    0x27, 0xc9, 0xff, 0xff, 0x27, 0xc9, 0xff, 0xff,
    0x27, 0xc9, 0xff, 0xff, 0x27, 0xc9, 0xff, 0xff,
    0x27, 0xc9, 0xff, 0xff, 0x27, 0xc9, 0xff, 0xff,
    0x27, 0xc9, 0xff, 0xff, 0x27, 0xc9, 0xff, 0xff,
    0x27, 0xc9, 0xff, 0xff, 0x27, 0xc9, 0xff, 0xff,
    0x27, 0xc9, 0xff, 0xff, 0x27, 0xc9, 0xff, 0xff,
    0x27, 0xc9, 0xff, 0xff, 0x27, 0xc9, 0xff, 0xff,
    0x27, 0xc9, 0xff, 0xff, 0x27, 0xc9, 0xff, 0xff,
    0x27, 0xc9, 0xff, 0xff, 0x27, 0xc9, 0xff, 0xff,
    0x27, 0xc9, 0xff, 0xff, 0x27, 0xc9, 0xff, 0xff,
    0x27, 0xc9, 0xff, 0xff, 0x27, 0xc9, 0xff, 0xff,
    0x27, 0xc9, 0xff, 0xff, 0x27, 0xc9, 0xff, 0xff,
    0x27, 0xc9, 0xff, 0xff, 0x27, 0xc9, 0xff, 0xff,
    0x27, 0xc9, 0xff, 0xff, 0x27, 0xc9, 0xff, 0xff,
    0x27, 0xc9, 0xff, 0xff, 0x27, 0xc9, 0xff, 0xff,
    0x27, 0xc9, 0xff, 0xff, 0x27, 0xc9, 0xff, 0xff,
    0x27, 0xc9, 0xff, 0xff, 0x27, 0xc9, 0xff, 0xff,
    0x27, 0xc9, 0xff, 0xff, 0x27, 0xc9, 0xff, 0xff,
    0x27, 0xc9, 0xff, 0xff, 0x27, 0xc9, 0xff, 0xff,
    0x27, 0xc9, 0xff, 0xff, 0x27, 0xc9, 0xff, 0xff,
    0x27, 0xc9, 0xff, 0xff, 0x27, 0xc9, 0xff, 0xff,
    0x27, 0xc9, 0xff, 0xff, 0x27, 0xc9, 0xff, 0xff,
    0x27, 0xc9, 0xff, 0xff, 0x27, 0xc9, 0xff, 0xff,
    0x27, 0xc9, 0xff, 0xff, 0x27, 0xc9, 0xff, 0xff,
    0x27, 0xc9, 0xff, 0xff, 0x27, 0xc9, 0xff, 0xff,
    0x27, 0xc9, 0xff, 0xff, 0x27, 0xc9, 0xff, 0xff,
    0x27, 0xc9, 0xff, 0xff, 0x27, 0xc9, 0xff, 0xff,
    0x27, 0xc9, 0xff, 0xff, 0x27, 0xc9, 0xff, 0xff,
    0x27, 0xc9, 0xff, 0xff, 0x27, 0xc9, 0xff, 0xff,
    0x27, 0xc9, 0xff, 0xff, 0x27, 0xc9, 0xff, 0xff,
    0x27, 0xc9, 0xff, 0xff, 0x27, 0xc9, 0xff, 0xff,
    0x27, 0xc9, 0xff, 0xff, 0x27, 0xc9, 0xff, 0xff,
    0x27, 0xc9, 0xff, 0xff, 0x27, 0xc9, 0xff, 0xff,
    0x27, 0xc9, 0xff, 0xff, 0x27, 0xc9, 0xff, 0xff,
    0x27, 0xc9, 0xff, 0xff, 0x27, 0xc9, 0xff, 0xff,
    0x27, 0xc9, 0xff, 0xff, 0x27, 0xc9, 0xff, 0xff,
    0x27, 0xc9, 0xff, 0xff, 0x27, 0xc9, 0xff, 0xff,
    0x27, 0xc9, 0xff, 0xff, 0x27, 0xc9, 0xff, 0xff,
    0x27, 0xc9, 0xff, 0xff, 0x27, 0xc9, 0xff, 0xff,
    0x27, 0xc9, 0xff, 0xff, 0x27, 0xc9, 0xff, 0xff,
    0x27, 0xc9, 0xff, 0xff, 0x27, 0xc9, 0xff, 0xff,
    0x27, 0xc9, 0xff, 0xff, 0x27, 0xc9, 0xff, 0xff,
    0x27, 0xc9, 0xff, 0xff, 0x27, 0xc9, 0xff, 0xff,
    0x27, 0xc9, 0xff, 0xff, 0x27, 0xc9, 0xff, 0xff,
    0x27, 0xc9, 0xff, 0xff, 0x27, 0xc9, 0xff, 0xff,
    0x27, 0xc9, 0xff, 0xff, 0x27, 0xc9, 0xff, 0xff,
    0x27, 0xc9, 0xff, 0xff, 0x27, 0xc9, 0xff, 0xff,
    0x27, 0xc9, 0xff, 0xff, 0x27, 0xc9, 0xff, 0xff,
    0x27, 0xc9, 0xff, 0xff, 0x27, 0xc9, 0xff, 0xff,
    0x27, 0xc9, 0xff, 0xff, 0x27, 0xc9, 0xff, 0xff,
    0x27, 0xc9, 0xff, 0xff, 0x27, 0xc9, 0xff, 0xff,
    0x27, 0xc9, 0xff, 0xff, 0x27, 0xc9, 0xff, 0xff,
    0x27, 0xc9, 0xff, 0xff, 0x27, 0xc9, 0xff, 0xff,
    0x27, 0xc9, 0xff, 0xff, 0x27, 0xc9, 0xff, 0xff,
    0x27, 0xc9, 0xff, 0xff, 0x27, 0xc9, 0xff, 0xff,
    0x27, 0xc9, 0xff, 0xff, 0x27, 0xc9, 0xff, 0xff,
    0x27, 0xc9, 0xff, 0xff, 0x27, 0xc9, 0xff, 0xff,
    0x27, 0xc9, 0xff, 0xff, 0x27, 0xc9, 0xff, 0xff,
    0x27, 0xc9, 0xff, 0xff, 0x27, 0xc9, 0xff, 0xff,
    0x27, 0xc9, 0xff, 0xff, 0x27, 0xc9, 0xff, 0xff,
    0x27, 0xc9, 0xff, 0xff, 0x27, 0xc9, 0xff, 0xff,
    0x27, 0xc9, 0xff, 0xff, 0x27, 0xc9, 0xff, 0xff,
    0x27, 0xc9, 0xff, 0xff, 0x27, 0xc9, 0xff, 0xff,
    0x27, 0xc9, 0xff, 0xff, 0x27, 0xc9, 0xff, 0xff,
    0x27, 0xc9, 0xff, 0xff, 0x27, 0xc9, 0xff, 0xff,
    0x27, 0xc9, 0xff, 0xff, 0x27, 0xc9, 0xff, 0xff,
    0x27, 0xc9, 0xff, 0xff, 0x27, 0xc9, 0xff, 0xff,
    0x27, 0xc9, 0xff, 0xff, 0x27, 0xc9, 0xff, 0xff,
    0x27, 0xc9, 0xff, 0xff, 0x27, 0xc9, 0xff, 0xff,
    0x27, 0xc9, 0xff, 0xff, 0x27, 0xc9, 0xff, 0xff,
    0x27, 0xc9, 0xff, 0xff, 0x27, 0xc9, 0xff, 0xff,
    0x27, 0xc9, 0xff, 0xff, 0x27, 0xc9, 0xff, 0xff,
    0x27, 0xc9, 0xff, 0xff, 0x27, 0xc9, 0xff, 0xff,
    0x27, 0xc9, 0xff, 0xff, 0x27, 0xc9, 0xff, 0xff,
    0x27, 0xc9, 0xff, 0xff, 0x27, 0xc9, 0xff, 0xff,
    0x27, 0xc9, 0xff, 0xff, 0x27, 0xc9, 0xff, 0xff,
    0x27, 0xc9, 0xff, 0xff, 0x27, 0xc9, 0xff, 0xff,
    0x27, 0xc9, 0xff, 0xff, 0x27, 0xc9, 0xff, 0xff,
    0x27, 0xc9, 0xff, 0xff, 0x27, 0xc9, 0xff, 0xff,
    0x27, 0xc9, 0xff, 0xff, 0x27, 0xc9, 0xff, 0xff,
    0x27, 0xc9, 0xff, 0xff, 0x27, 0xc9, 0xff, 0xff,
    0x27, 0xc9, 0xff, 0xff, 0x27, 0xc9, 0xff, 0xff,
    0x27, 0xc9, 0xff, 0xff, 0x27, 0xc9, 0xff, 0xff,
    0x27, 0xc9, 0xff, 0xff, 0x27, 0xc9, 0xff, 0xff,
    0x27, 0xc9, 0xff, 0xff, 0x27, 0xc9, 0xff, 0xff,
    0x27, 0xc9, 0xff, 0xff, 0x27, 0xc9, 0xff, 0xff,
    0x27, 0xc9, 0xff, 0xff, 0x27, 0xc9, 0xff, 0xff,
    0x27, 0xc9, 0xff, 0xff, 0x27, 0xc9, 0xff, 0xff,
    0x27, 0xc9, 0xff, 0xff, 0x27, 0xc9, 0xff, 0xff,
    0x27, 0xc9, 0xff, 0xff, 0x27, 0xc9, 0xff, 0xff,
    0x27, 0xc9, 0xff, 0xff, 0x27, 0xc9, 0xff, 0xff,
    0x27, 0xc9, 0xff, 0xff, 0x27, 0xc9, 0xff, 0xff,
    0x27, 0xc9, 0xff, 0xff, 0x27, 0xc9, 0xff, 0xff,
    0x27, 0xc9, 0xff, 0xff, 0x27, 0xc9, 0xff, 0xff,
    0x27, 0xc9, 0xff, 0xff, 0x27, 0xc9, 0xff, 0xff,
    0x27, 0xc9, 0xff, 0xff, 0x27, 0xc9, 0xff, 0xff,
    0x27, 0xc9, 0xff, 0xff, 0x27, 0xc9, 0xff, 0xff,
    0x27, 0xc9, 0xff, 0xff, 0x27, 0xc9, 0xff, 0xff,
    0x27, 0xc9, 0xff, 0xff, 0x27, 0xc9, 0xff, 0xff,
    0x27, 0xc9, 0xff, 0xff, 0x27, 0xc9, 0xff, 0xff,
    0x27, 0xc9, 0xff, 0xff, 0x27, 0xc9, 0xff, 0xff,
    0x27, 0xc9, 0xff, 0xff, 0x27, 0xc9, 0xff, 0xff,
    0x27, 0xc9, 0xff, 0xff, 0x27, 0xc9, 0xff, 0xff,
    0x27, 0xc9, 0xff, 0xff, 0x27, 0xc9, 0xff, 0xff,
    0x27, 0xc9, 0xff, 0xff, 0x27, 0xc9, 0xff, 0xff,
    0x27, 0xc9, 0xff, 0xff, 0x27, 0xc9, 0xff, 0xff,
    0x27, 0xc9, 0xff, 0xff, 0x27, 0xc9, 0xff, 0xff,
    0x27, 0xc9, 0xff, 0xff, 0x27, 0xc9, 0xff, 0xff,
    0x27, 0xc9, 0xff, 0xff, 0x27, 0xc9, 0xff, 0xff,
    0x27, 0xc9, 0xff, 0xff, 0x27, 0xc9, 0xff, 0xff,
    0x27, 0xc9, 0xff, 0xff, 0x27, 0xc9, 0xff, 0xff,
    0x27, 0xc9, 0xff, 0xff, 0x27, 0xc9, 0xff, 0xff,
    0x27, 0xc9, 0xff, 0xff, 0x27, 0xc9, 0xff, 0xff,
    0x27, 0xc9, 0xff, 0xff, 0x27, 0xc9, 0xff, 0xff,
    0x27, 0xc9, 0xff, 0xff, 0x27, 0xc9, 0xff, 0xff,
    0x27, 0xc9, 0xff, 0xff, 0x27, 0xc9, 0xff, 0xff,
    0x27, 0xc9, 0xff, 0xff, 0x27, 0xc9, 0xff, 0xff,
    0x27, 0xc9, 0xff, 0xff, 0x27, 0xc9, 0xff, 0xff,
    0x27, 0xc9, 0xff, 0xff, 0x27, 0xc9, 0xff, 0xff,
    0x27, 0xc9, 0xff, 0xff, 0x27, 0xc9, 0xff, 0xff,
    0x27, 0xc9, 0xff, 0xff, 0x27, 0xc9, 0xff, 0xff,
    0x27, 0xc9, 0xff, 0xff, 0x27, 0xc9, 0xff, 0xff,
    0x27, 0xc9, 0xff, 0xff, 0x27, 0xc9, 0xff, 0xff,
    0x27, 0xc9, 0xff, 0xff, 0x27, 0xc9, 0xff, 0xff,
    0x27, 0xc9, 0xff, 0xff, 0x27, 0xc9, 0xff, 0xff,
    0x27, 0xc9, 0xff, 0xff, 0x27, 0xc9, 0xff, 0xff,
    0x27, 0xc9, 0xff, 0xff, 0x27, 0xc9, 0xff, 0xff,
    0x27, 0xc9, 0xff, 0xff, 0x27, 0xc9, 0xff, 0xff,
    0x27, 0xc9, 0xff, 0xff, 0x27, 0xc9, 0xff, 0xff,
    0x27, 0xc9, 0xff, 0xff, 0x27, 0xc9, 0xff, 0xff,
    0x27, 0xc9, 0xff, 0xff, 0x27, 0xc9, 0xff, 0xff,
    0x27, 0xc9, 0xff, 0xff, 0x27, 0xc9, 0xff, 0xff,
    0x27, 0xc9, 0xff, 0xff, 0x27, 0xc9, 0xff, 0xff,
    0x27, 0xc9, 0xff, 0xff, 0x27, 0xc9, 0xff, 0xff,
    0x27, 0xc9, 0xff, 0xff, 0x27, 0xc9, 0xff, 0xff,
    0x27, 0xc9, 0xff, 0xff, 0x27, 0xc9, 0xff, 0xff,
    0x27, 0xc9, 0xff, 0xff, 0x27, 0xc9, 0xff, 0xff,
    0x27, 0xc9, 0xff, 0xff, 0x27, 0xc9, 0xff, 0xff,
    0x27, 0xc9, 0xff, 0xff, 0x27, 0xc9, 0xff, 0xff,
    0x27, 0xc9, 0xff, 0xff, 0x27, 0xc9, 0xff, 0xff,
    0x27, 0xc9, 0xff, 0xff, 0x27, 0xc9, 0xff, 0xff,
    0x27, 0xc9, 0xff, 0xff, 0x27, 0xc9, 0xff, 0xff,
    0x27, 0xc9, 0xff, 0xff, 0x27, 0xc9, 0xff, 0xff,
    0x27, 0xc9, 0xff, 0xff, 0x27, 0xc9, 0xff, 0xff,
    0x27, 0xc9, 0xff, 0xff, 0x27, 0xc9, 0xff, 0xff,
    0x27, 0xc9, 0xff, 0xff, 0x27, 0xc9, 0xff, 0xff,
    0x27, 0xc9, 0xff, 0xff, 0x27, 0xc9, 0xff, 0xff,
    0x27, 0xc9, 0xff, 0xff, 0x27, 0xc9, 0xff, 0xff,
    0x27, 0xc9, 0xff, 0xff, 0x27, 0xc9, 0xff, 0xff,
    0x27, 0xc9, 0xff, 0xff, 0x27, 0xc9, 0xff, 0xff,
    0x27, 0xc9, 0xff, 0xff, 0x27, 0xc9, 0xff, 0xff,
    0x27, 0xc9, 0xff, 0xff, 0x27, 0xc9, 0xff, 0xff,
    0x27, 0xc9, 0xff, 0xff, 0x27, 0xc9, 0xff, 0xff,
    0x27, 0xc9, 0xff, 0xff, 0x27, 0xc9, 0xff, 0xff,
    0x27, 0xc9, 0xff, 0xff, 0x27, 0xc9, 0xff, 0xff,
    0x27, 0xc9, 0xff, 0xff, 0x27, 0xc9, 0xff, 0xff,
    0x27, 0xc9, 0xff, 0xff, 0x27, 0xc9, 0xff, 0xff,
    0x27, 0xc9, 0xff, 0xff, 0x27, 0xc9, 0xff, 0xff,
    0x27, 0xc9, 0xff, 0xff, 0x27, 0xc9, 0xff, 0xff,
    0x27, 0xc9, 0xff, 0xff, 0x27, 0xc9, 0xff, 0xff,
    0x27, 0xc9, 0xff, 0xff, 0x27, 0xc9, 0xff, 0xff,
    0x27, 0xc9, 0xff, 0xff, 0x27, 0xc9, 0xff, 0xff,
    0x27, 0xc9, 0xff, 0xff, 0x27, 0xc9, 0xff, 0xff,
    0x27, 0xc9, 0xff, 0xff, 0x27, 0xc9, 0xff, 0xff,
    0x27, 0xc9, 0xff, 0xff, 0x27, 0xc9, 0xff, 0xff,
    0x27, 0xc9, 0xff, 0xff, 0x27, 0xc9, 0xff, 0xff,
    0x27, 0xc9, 0xff, 0xff, 0x27, 0xc9, 0xff, 0xff,
    0x27, 0xc9, 0xff, 0xff, 0x27, 0xc9, 0xff, 0xff,
    0x27, 0xc9, 0xff, 0xff, 0x27, 0xc9, 0xff, 0xff,
    0x27, 0xc9, 0xff, 0xff, 0x27, 0xc9, 0xff, 0xff,
    0x27, 0xc9, 0xff, 0xff, 0x27, 0xc9, 0xff, 0xff,
    0x27, 0xc9, 0xff, 0xff, 0x27, 0xc9, 0xff, 0xff,
    0x27, 0xc9, 0xff, 0xff, 0x27, 0xc9, 0xff, 0xff,
    0x27, 0xc9, 0xff, 0xff, 0x27, 0xc9, 0xff, 0xff,
    0x27, 0xc9, 0xff, 0xff, 0x27, 0xc9, 0xff, 0xff,
    0x27, 0xc9, 0xff, 0xff, 0x27, 0xc9, 0xff, 0xff,
    0x27, 0xc9, 0xff, 0xff, 0x27, 0xc9, 0xff, 0xff,
    0x27, 0xc9, 0xff, 0xff, 0x27, 0xc9, 0xff, 0xff,
    0x27, 0xc9, 0xff, 0xff, 0x27, 0xc9, 0xff, 0xff,
    0x27, 0xc9, 0xff, 0xff, 0x27, 0xc9, 0xff, 0xff,
    0x27, 0xc9, 0xff, 0xff, 0x27, 0xc9, 0xff, 0xff,
    0x27, 0xc9, 0xff, 0xff, 0x27, 0xc9, 0xff, 0xff,
    0x27, 0xc9, 0xff, 0xff, 0x27, 0xc9, 0xff, 0xff,
    0x27, 0xc9, 0xff, 0xff, 0x27, 0xc9, 0xff, 0xff,
    0x27, 0xc9, 0xff, 0xff, 0x27, 0xc9, 0xff, 0xff,
    0x27, 0xc9, 0xff, 0xff, 0x27, 0xc9, 0xff, 0xff,
    0x27, 0xc9, 0xff, 0xff, 0x27, 0xc9, 0xff, 0xff,
    0x27, 0xc9, 0xff, 0xff, 0x27, 0xc9, 0xff, 0xff,
    0x27, 0xc9, 0xff, 0xff, 0x27, 0xc9, 0xff, 0xff,
    0x27, 0xc9, 0xff, 0xff, 0x27, 0xc9, 0xff, 0xff,
    0x27, 0xc9, 0xff, 0xff, 0x27, 0xc9, 0xff, 0xff,
    0x27, 0xc9, 0xff, 0xff, 0x27, 0xc9, 0xff, 0xff,
    0x27, 0xc9, 0xff, 0xff, 0x27, 0xc9, 0xff, 0xff,
    0x27, 0xc9, 0xff, 0xff, 0x27, 0xc9, 0xff, 0xff,
    0x27, 0xc9, 0xff, 0xff, 0x27, 0xc9, 0xff, 0xff,
    0x27, 0xc9, 0xff, 0xff, 0x27, 0xc9, 0xff, 0xff,
    0x27, 0xc9, 0xff, 0xff, 0x27, 0xc9, 0xff, 0xff,
    0x27, 0xc9, 0xff, 0xff, 0x27, 0xc9, 0xff, 0xff,
    0x27, 0xc9, 0xff, 0xff, 0x27, 0xc9, 0xff, 0xff,
    0x27, 0xc9, 0xff, 0xff, 0x27, 0xc9, 0xff, 0xff,
    0x27, 0xc9, 0xff, 0xff, 0x27, 0xc9, 0xff, 0xff,
    0x27, 0xc9, 0xff, 0xff, 0x27, 0xc9, 0xff, 0xff,
    0x27, 0xc9, 0xff, 0xff, 0x27, 0xc9, 0xff, 0xff,
    0x27, 0xc9, 0xff, 0xff, 0x27, 0xc9, 0xff, 0xff,
    0x27, 0xc9, 0xff, 0xff, 0x27, 0xc9, 0xff, 0xff,
    0x27, 0xc9, 0xff, 0xff, 0x27, 0xc9, 0xff, 0xff,
    0x27, 0xc9, 0xff, 0xff, 0x27, 0xc9, 0xff, 0xff,
    0x27, 0xc9, 0xff, 0xff, 0x27, 0xc9, 0xff, 0xff,
    0x27, 0xc9, 0xff, 0xff, 0x27, 0xc9, 0xff, 0xff,
    0x27, 0xc9, 0xff, 0xff, 0x27, 0xc9, 0xff, 0xff,
    0x27, 0xc9, 0xff, 0xff, 0x27, 0xc9, 0xff, 0xff,
    0x27, 0xc9, 0xff, 0xff, 0x27, 0xc9, 0xff, 0xff,
    0x27, 0xc9, 0xff, 0xff, 0x27, 0xc9, 0xff, 0xff,
    0x27, 0xc9, 0xff, 0xff, 0x27, 0xc9, 0xff, 0xff,
    0x27, 0xc9, 0xff, 0xff, 0x27, 0xc9, 0xff, 0xff,
    0x27, 0xc9, 0xff, 0xff, 0x27, 0xc9, 0xff, 0xff,
    0x27, 0xc9, 0xff, 0xff, 0x27, 0xc9, 0xff, 0xff,
    0x27, 0xc9, 0xff, 0xff, 0x27, 0xc9, 0xff, 0xff,
    0x27, 0xc9, 0xff, 0xff, 0x27, 0xc9, 0xff, 0xff,
    0x27, 0xc9, 0xff, 0xff, 0x27, 0xc9, 0xff, 0xff,
    0x27, 0xc9, 0xff, 0xff, 0x27, 0xc9, 0xff, 0xff,
    0x27, 0xc9, 0xff, 0xff, 0x27, 0xc9, 0xff, 0xff,
    0x27, 0xc9, 0xff, 0xff, 0x27, 0xc9, 0xff, 0xff,
    0x27, 0xc9, 0xff, 0xff, 0x27, 0xc9, 0xff, 0xff,
    0x27, 0xc9, 0xff, 0xff, 0x27, 0xc9, 0xff, 0xff,
    0x27, 0xc9, 0xff, 0xff, 0x27, 0xc9, 0xff, 0xff,
    0x27, 0xc9, 0xff, 0xff, 0x27, 0xc9, 0xff, 0xff,
    0x27, 0xc9, 0xff, 0xff, 0x27, 0xc9, 0xff, 0xff,
    0x27, 0xc9, 0xff, 0xff, 0x27, 0xc9, 0xff, 0xff,
    0x27, 0xc9, 0xff, 0xff, 0x27, 0xc9, 0xff, 0xff,
    0x27, 0xc9, 0xff, 0xff, 0x27, 0xc9, 0xff, 0xff,
    0x27, 0xc9, 0xff, 0xff, 0x27, 0xc9, 0xff, 0xff,
    0x27, 0xc9, 0xff, 0xff, 0x27, 0xc9, 0xff, 0xff,
    0x27, 0xc9, 0xff, 0xff, 0x27, 0xc9, 0xff, 0xff,
    0x27, 0xc9, 0xff, 0xff, 0x27, 0xc9, 0xff, 0xff,
    0x27, 0xc9, 0xff, 0xff, 0x27, 0xc9, 0xff, 0xff,
    0x27, 0xc9, 0xff, 0xff, 0x27, 0xc9, 0xff, 0xff,
    0x27, 0xc9, 0xff, 0xff, 0x27, 0xc9, 0xff, 0xff,
    0x27, 0xc9, 0xff, 0xff, 0x27, 0xc9, 0xff, 0xff,
    0x27, 0xc9, 0xff, 0xff, 0x27, 0xc9, 0xff, 0xff,
    0x27, 0xc9, 0xff, 0xff, 0x27, 0xc9, 0xff, 0xff,
    0x27, 0xc9, 0xff, 0xff, 0x27, 0xc9, 0xff, 0xff,
    0x27, 0xc9, 0xff, 0xff, 0x27, 0xc9, 0xff, 0xff,
    0x27, 0xc9, 0xff, 0xff, 0x27, 0xc9, 0xff, 0xff,
    0x27, 0xc9, 0xff, 0xff, 0x27, 0xc9, 0xff, 0xff,
    0x27, 0xc9, 0xff, 0xff, 0x27, 0xc9, 0xff, 0xff,
    0x27, 0xc9, 0xff, 0xff, 0x27, 0xc9, 0xff, 0xff,
    0x27, 0xc9, 0xff, 0xff, 0x27, 0xc9, 0xff, 0xff,
    0x27, 0xc9, 0xff, 0xff, 0x27, 0xc9, 0xff, 0xff,
    0x27, 0xc9, 0xff, 0xff, 0x27, 0xc9, 0xff, 0xff,
    0x27, 0xc9, 0xff, 0xff, 0x27, 0xc9, 0xff, 0xff,
    0x27, 0xc9, 0xff, 0xff, 0x27, 0xc9, 0xff, 0xff,
    0x27, 0xc9, 0xff, 0xff, 0x27, 0xc9, 0xff, 0xff,
    0x27, 0xc9, 0xff, 0xff, 0x27, 0xc9, 0xff, 0xff,
    0x27, 0xc9, 0xff, 0xff, 0x27, 0xc9, 0xff, 0xff,
    0x27, 0xc9, 0xff, 0xff, 0x27, 0xc9, 0xff, 0xff,
    0x27, 0xc9, 0xff, 0xff, 0x27, 0xc9, 0xff, 0xff,
    0x27, 0xc9, 0xff, 0xff, 0x27, 0xc9, 0xff, 0xff,
    0x27, 0xc9, 0xff, 0xff, 0x27, 0xc9, 0xff, 0xff,
    0x27, 0xc9, 0xff, 0xff, 0x27, 0xc9, 0xff, 0xff,
    0x27, 0xc9, 0xff, 0xff, 0x27, 0xc9, 0xff, 0xff,
    0x27, 0xc9, 0xff, 0xff, 0x27, 0xc9, 0xff, 0xff,
    0x27, 0xc9, 0xff, 0xff, 0x27, 0xc9, 0xff, 0xff,
    0x27, 0xc9, 0xff, 0xff, 0x27, 0xc9, 0xff, 0xff,
    0x27, 0xc9, 0xff, 0xff, 0x27, 0xc9, 0xff, 0xff,
    0x27, 0xc9, 0xff, 0xff, 0x27, 0xc9, 0xff, 0xff,
    0x27, 0xc9, 0xff, 0xff, 0x27, 0xc9, 0xff, 0xff,
    0x27, 0xc9, 0xff, 0xff, 0x27, 0xc9, 0xff, 0xff,
    0x27, 0xc9, 0xff, 0xff, 0x27, 0xc9, 0xff, 0xff,
    0x27, 0xc9, 0xff, 0xff, 0x27, 0xc9, 0xff, 0xff,
    0x27, 0xc9, 0xff, 0xff, 0x27, 0xc9, 0xff, 0xff,
    0x27, 0xc9, 0xff, 0xff, 0x27, 0xc9, 0xff, 0xff,
    0x27, 0xc9, 0xff, 0xff, 0x27, 0xc9, 0xff, 0xff,
    0x27, 0xc9, 0xff, 0xff, 0x27, 0xc9, 0xff, 0xff,
    0x27, 0xc9, 0xff, 0xff, 0x27, 0xc9, 0xff, 0xff,
    0x27, 0xc9, 0xff, 0xff, 0x27, 0xc9, 0xff, 0xff,
    0x27, 0xc9, 0xff, 0xff, 0x27, 0xc9, 0xff, 0xff,
    0x27, 0xc9, 0xff, 0xff, 0x27, 0xc9, 0xff, 0xff,
    0x27, 0xc9, 0xff, 0xff, 0x27, 0xc9, 0xff, 0xff,
    0x27, 0xc9, 0xff, 0xff, 0x27, 0xc9, 0xff, 0xff,
    0x27, 0xc9, 0xff, 0xff, 0x27, 0xc9, 0xff, 0xff,
    0x27, 0xc9, 0xff, 0xff, 0x27, 0xc9, 0xff, 0xff,
    0x27, 0xc9, 0xff, 0xff, 0x27, 0xc9, 0xff, 0xff,
    0x27, 0xc9, 0xff, 0xff, 0x27, 0xc9, 0xff, 0xff,
    0x27, 0xc9, 0xff, 0xff, 0x27, 0xc9, 0xff, 0xff,
    0x27, 0xc9, 0xff, 0xff, 0x27, 0xc9, 0xff, 0xff,
    0x27, 0xc9, 0xff, 0xff, 0x27, 0xc9, 0xff, 0xff,
    0x27, 0xc9, 0xff, 0xff, 0x27, 0xc9, 0xff, 0xff,
    0x27, 0xc9, 0xff, 0xff, 0x27, 0xc9, 0xff, 0xff,
    0x27, 0xc9, 0xff, 0xff, 0x27, 0xc9, 0xff, 0xff,
    0x27, 0xc9, 0xff, 0xff, 0x27, 0xc9, 0xff, 0xff,
    0x27, 0xc9, 0xff, 0xff, 0x27, 0xc9, 0xff, 0xff,
    0x27, 0xc9, 0xff, 0xff, 0x27, 0xc9, 0xff, 0xff,
    0x27, 0xc9, 0xff, 0xff, 0x27, 0xc9, 0xff, 0xff,
    0x27, 0xc9, 0xff, 0xff, 0x27, 0xc9, 0xff, 0xff,
    0x27, 0xc9, 0xff, 0xff, 0x27, 0xc9, 0xff, 0xff,
    0x27, 0xc9, 0xff, 0xff, 0x27, 0xc9, 0xff, 0xff,
    0x27, 0xc9, 0xff, 0xff, 0x27, 0xc9, 0xff, 0xff,
    0x27, 0xc9, 0xff, 0xff, 0x27, 0xc9, 0xff, 0xff,
    0x27, 0xc9, 0xff, 0xff, 0x27, 0xc9, 0xff, 0xff,
    0x27, 0xc9, 0xff, 0xff, 0x27, 0xc9, 0xff, 0xff,
    0x27, 0xc9, 0xff, 0xff, 0x27, 0xc9, 0xff, 0xff,
    0x27, 0xc9, 0xff, 0xff, 0x27, 0xc9, 0xff, 0xff,
    0x27, 0xc9, 0xff, 0xff, 0x27, 0xc9, 0xff, 0xff,
    0x27, 0xc9, 0xff, 0xff, 0x27, 0xc9, 0xff, 0xff,
    0x27, 0xc9, 0xff, 0xff, 0x27, 0xc9, 0xff, 0xff,
    0x27, 0xc9, 0xff, 0xff, 0x27, 0xc9, 0xff, 0xff,
    0x27, 0xc9, 0xff, 0xff, 0x27, 0xc9, 0xff, 0xff,
    0x27, 0xc9, 0xff, 0xff, 0x27, 0xc9, 0xff, 0xff,
    0x27, 0xc9, 0xff, 0xff, 0x27, 0xc9, 0xff, 0xff,
    0x27, 0xc9, 0xff, 0xff, 0x27, 0xc9, 0xff, 0xff,
    0x27, 0xc9, 0xff, 0xff, 0x27, 0xc9, 0xff, 0xff,
    0x27, 0xc9, 0xff, 0xff, 0x27, 0xc9, 0xff, 0xff,
    0x27, 0xc9, 0xff, 0xff, 0x27, 0xc9, 0xff, 0xff,
    0x27, 0xc9, 0xff, 0xff, 0x27, 0xc9, 0xff, 0xff,
    0x27, 0xc9, 0xff, 0xff, 0x27, 0xc9, 0xff, 0xff,
    0x27, 0xc9, 0xff, 0xff, 0x27, 0xc9, 0xff, 0xff,
    0x27, 0xc9, 0xff, 0xff, 0x27, 0xc9, 0xff, 0xff,
    0x27, 0xc9, 0xff, 0xff, 0x27, 0xc9, 0xff, 0xff,
    0x27, 0xc9, 0xff, 0xff, 0x27, 0xc9, 0xff, 0xff,
    0x27, 0xc9, 0xff, 0xff, 0x27, 0xc9, 0xff, 0xff,
    0x27, 0xc9, 0xff, 0xff, 0x27, 0xc9, 0xff, 0xff,
    0x27, 0xc9, 0xff, 0xff, 0x27, 0xc9, 0xff, 0xff,
    0x27, 0xc9, 0xff, 0xff, 0x27, 0xc9, 0xff, 0xff,
    0x27, 0xc9, 0xff, 0xff, 0x27, 0xc9, 0xff, 0xff,
    0x27, 0xc9, 0xff, 0xff, 0x27, 0xc9, 0xff, 0xff,
    0x27, 0xc9, 0xff, 0xff, 0x27, 0xc9, 0xff, 0xff,
    0x27, 0xc9, 0xff, 0xff, 0x27, 0xc9, 0xff, 0xff,
    0x27, 0xc9, 0xff, 0xff, 0x27, 0xc9, 0xff, 0xff,
    0x27, 0xc9, 0xff, 0xff, 0x27, 0xc9, 0xff, 0xff,
    0x27, 0xc9, 0xff, 0xff, 0x27, 0xc9, 0xff, 0xff,
    0x27, 0xc9, 0xff, 0xff, 0x27, 0xc9, 0xff, 0xff,
    0x27, 0xc9, 0xff, 0xff, 0x27, 0xc9, 0xff, 0xff,
    0x27, 0xc9, 0xff, 0xff, 0x27, 0xc9, 0xff, 0xff,
    0x27, 0xc9, 0xff, 0xff, 0x27, 0xc9, 0xff, 0xff,
    0x27, 0xc9, 0xff, 0xff, 0x27, 0xc9, 0xff, 0xff,
    0x27, 0xc9, 0xff, 0xff, 0x27, 0xc9, 0xff, 0xff,
    0x27, 0xc9, 0xff, 0xff, 0x27, 0xc9, 0xff, 0xff,
    0x27, 0xc9, 0xff, 0xff, 0x27, 0xc9, 0xff, 0xff,
    0x27, 0xc9, 0xff, 0xff, 0x27, 0xc9, 0xff, 0xff,
    0x27, 0xc9, 0xff, 0xff, 0x27, 0xc9, 0xff, 0xff,
    0x27, 0xc9, 0xff, 0xff, 0x27, 0xc9, 0xff, 0xff,
    0x27, 0xc9, 0xff, 0xff, 0x27, 0xc9, 0xff, 0xff,
    0x27, 0xc9, 0xff, 0xff, 0x27, 0xc9, 0xff, 0xff,
    0x27, 0xc9, 0xff, 0xff, 0x27, 0xc9, 0xff, 0xff,
    0x27, 0xc9, 0xff, 0xff, 0x27, 0xc9, 0xff, 0xff,
    0x27, 0xc9, 0xff, 0xff, 0x27, 0xc9, 0xff, 0xff,
    0x27, 0xc9, 0xff, 0xff, 0x27, 0xc9, 0xff, 0xff,
    0x27, 0xc9, 0xff, 0xff, 0x27, 0xc9, 0xff, 0xff,
    0x27, 0xc9, 0xff, 0xff, 0x27, 0xc9, 0xff, 0xff,
    0x27, 0xc9, 0xff, 0xff, 0x27, 0xc9, 0xff, 0xff,
    0x27, 0xc9, 0xff, 0xff, 0x27, 0xc9, 0xff, 0xff,
    0x27, 0xc9, 0xff, 0xff, 0x27, 0xc9, 0xff, 0xff,
    0x27, 0xc9, 0xff, 0xff, 0x27, 0xc9, 0xff, 0xff,
    0x27, 0xc9, 0xff, 0xff, 0x27, 0xc9, 0xff, 0xff,
    0x27, 0xc9, 0xff, 0xff, 0x27, 0xc9, 0xff, 0xff,
    0x27, 0xc9, 0xff, 0xff, 0x27, 0xc9, 0xff, 0xff,
    0x27, 0xc9, 0xff, 0xff, 0x27, 0xc9, 0xff, 0xff,
    0x27, 0xc9, 0xff, 0xff, 0x27, 0xc9, 0xff, 0xff,
    0x27, 0xc9, 0xff, 0xff, 0x27, 0xc9, 0xff, 0xff,
    0x27, 0xc9, 0xff, 0xff, 0x27, 0xc9, 0xff, 0xff,
    0x27, 0xc9, 0xff, 0xff, 0x27, 0xc9, 0xff, 0xff,
    0x27, 0xc9, 0xff, 0xff, 0x27, 0xc9, 0xff, 0xff,
    0x27, 0xc9, 0xff, 0xff, 0x27, 0xc9, 0xff, 0xff,
    0x27, 0xc9, 0xff, 0xff, 0x27, 0xc9, 0xff, 0xff,
    0x27, 0xc9, 0xff, 0xff, 0x27, 0xc9, 0xff, 0xff,
    0x27, 0xc9, 0xff, 0xff, 0x27, 0xc9, 0xff, 0xff,
    0x27, 0xc9, 0xff, 0xff, 0x27, 0xc9, 0xff, 0xff,
    0x27, 0xc9, 0xff, 0xff, 0x27, 0xc9, 0xff, 0xff,
    0x27, 0xc9, 0xff, 0xff, 0x27, 0xc9, 0xff, 0xff,
    0x27, 0xc9, 0xff, 0xff, 0x27, 0xc9, 0xff, 0xff,
    0x27, 0xc9, 0xff, 0xff, 0x27, 0xc9, 0xff, 0xff,
    0x27, 0xc9, 0xff, 0xff, 0x27, 0xc9, 0xff, 0xff,
    0x27, 0xc9, 0xff, 0xff, 0x27, 0xc9, 0xff, 0xff,
    0x27, 0xc9, 0xff, 0xff, 0x27, 0xc9, 0xff, 0xff,
    0x27, 0xc9, 0xff, 0xff, 0x27, 0xc9, 0xff, 0xff,
    0x27, 0xc9, 0xff, 0xff, 0x27, 0xc9, 0xff, 0xff,
    0x27, 0xc9, 0xff, 0xff, 0x27, 0xc9, 0xff, 0xff,
    0x27, 0xc9, 0xff, 0xff, 0x27, 0xc9, 0xff, 0xff,
    0x27, 0xc9, 0xff, 0xff, 0x27, 0xc9, 0xff, 0xff,
    0x27, 0xc9, 0xff, 0xff, 0x27, 0xc9, 0xff, 0xff,
    0x27, 0xc9, 0xff, 0xff, 0x27, 0xc9, 0xff, 0xff,
    0x27, 0xc9, 0xff, 0xff, 0x27, 0xc9, 0xff, 0xff,
    0x27, 0xc9, 0xff, 0xff, 0x27, 0xc9, 0xff, 0xff,
    0x27, 0xc9, 0xff, 0xff, 0x27, 0xc9, 0xff, 0xff,
    0x27, 0xc9, 0xff, 0xff, 0x27, 0xc9, 0xff, 0xff,
    0x27, 0xc9, 0xff, 0xff, 0x27, 0xc9, 0xff, 0xff,
    0x27, 0xc9, 0xff, 0xff, 0x27, 0xc9, 0xff, 0xff,
    0x27, 0xc9, 0xff, 0xff, 0x27, 0xc9, 0xff, 0xff,
    0x27, 0xc9, 0xff, 0xff, 0x27, 0xc9, 0xff, 0xff,
    0x27, 0xc9, 0xff, 0xff, 0x27, 0xc9, 0xff, 0xff,
    0x27, 0xc9, 0xff, 0xff, 0x27, 0xc9, 0xff, 0xff,
    0x27, 0xc9, 0xff, 0xff, 0x27, 0xc9, 0xff, 0xff,
    0x27, 0xc9, 0xff, 0xff, 0x27, 0xc9, 0xff, 0xff,
    0x27, 0xc9, 0xff, 0xff, 0x27, 0xc9, 0xff, 0xff,
    0x27, 0xc9, 0xff, 0xff, 0x27, 0xc9, 0xff, 0xff,
    0x27, 0xc9, 0xff, 0xff, 0x27, 0xc9, 0xff, 0xff,
    0x27, 0xc9, 0xff, 0xff, 0x27, 0xc9, 0xff, 0xff,
    0x27, 0xc9, 0xff, 0xff, 0x27, 0xc9, 0xff, 0xff,
    0x27, 0xc9, 0xff, 0xff, 0x27, 0xc9, 0xff, 0xff,
    0x27, 0xc9, 0xff, 0xff, 0x27, 0xc9, 0xff, 0xff,
    0x27, 0xc9, 0xff, 0xff, 0x27, 0xc9, 0xff, 0xff,
    0x27, 0xc9, 0xff, 0xff, 0x27, 0xc9, 0xff, 0xff,
    0x27, 0xc9, 0xff, 0xff, 0x27, 0xc9, 0xff, 0xff,
    0x27, 0xc9, 0xff, 0xff, 0x27, 0xc9, 0xff, 0xff,
    0x27, 0xc9, 0xff, 0xff, 0x27, 0xc9, 0xff, 0xff,
    0x27, 0xc9, 0xff, 0xff, 0x27, 0xc9, 0xff, 0xff,
    0x27, 0xc9, 0xff, 0xff, 0x27, 0xc9, 0xff, 0xff,
    0x27, 0xc9, 0xff, 0xff, 0x27, 0xc9, 0xff, 0xff,
    0x27, 0xc9, 0xff, 0xff, 0x27, 0xc9, 0xff, 0xff,
    0x27, 0xc9, 0xff, 0xff, 0x27, 0xc9, 0xff, 0xff,
    0x27, 0xc9, 0xff, 0xff, 0x27, 0xc9, 0xff, 0xff,
    0x27, 0xc9, 0xff, 0xff, 0x27, 0xc9, 0xff, 0xff,
    0x27, 0xc9, 0xff, 0xff, 0x27, 0xc9, 0xff, 0xff,
    0x27, 0xc9, 0xff, 0xff, 0x27, 0xc9, 0xff, 0xff,
    0x27, 0xc9, 0xff, 0xff, 0x27, 0xc9, 0xff, 0xff,
    0x27, 0xc9, 0xff, 0xff, 0x27, 0xc9, 0xff, 0xff,
    0x27, 0xc9, 0xff, 0xff, 0x27, 0xc9, 0xff, 0xff,
    0x27, 0xc9, 0xff, 0xff, 0x27, 0xc9, 0xff, 0xff,
    0x27, 0xc9, 0xff, 0xff, 0x27, 0xc9, 0xff, 0xff,
    0x27, 0xc9, 0xff, 0xff, 0x27, 0xc9, 0xff, 0xff,
    0x27, 0xc9, 0xff, 0xff, 0x27, 0xc9, 0xff, 0xff,
    0x27, 0xc9, 0xff, 0xff, 0x27, 0xc9, 0xff, 0xff,
    0x27, 0xc9, 0xff, 0xff, 0x27, 0xc9, 0xff, 0xff,
    0x27, 0xc9, 0xff, 0xff, 0x27, 0xc9, 0xff, 0xff,
    0x27, 0xc9, 0xff, 0xff, 0x27, 0xc9, 0xff, 0xff,
    0x27, 0xc9, 0xff, 0xff, 0x27, 0xc9, 0xff, 0xff,
    0x27, 0xc9, 0xff, 0xff, 0x27, 0xc9, 0xff, 0xff,
    0x27, 0xc9, 0xff, 0xff, 0x27, 0xc9, 0xff, 0xff,
    0x27, 0xc9, 0xff, 0xff, 0x27, 0xc9, 0xff, 0xff,
    0x27, 0xc9, 0xff, 0xff, 0x27, 0xc9, 0xff, 0xff,
    0x27, 0xc9, 0xff, 0xff, 0x27, 0xc9, 0xff, 0xff,
    0x27, 0xc9, 0xff, 0xff, 0x27, 0xc9, 0xff, 0xff,
    0x27, 0xc9, 0xff, 0xff, 0x27, 0xc9, 0xff, 0xff,
    0x27, 0xc9, 0xff, 0xff, 0x27, 0xc9, 0xff, 0xff,
    0x27, 0xc9, 0xff, 0xff, 0x27, 0xc9, 0xff, 0xff,
    0x27, 0xc9, 0xff, 0xff, 0x27, 0xc9, 0xff, 0xff,
    0x27, 0xc9, 0xff, 0xff, 0x27, 0xc9, 0xff, 0xff,
    0x27, 0xc9, 0xff, 0xff, 0x27, 0xc9, 0xff, 0xff,
    0x27, 0xc9, 0xff, 0xff, 0x27, 0xc9, 0xff, 0xff,
    0x27, 0xc9, 0xff, 0xff, 0x27, 0xc9, 0xff, 0xff,
    0x27, 0xc9, 0xff, 0xff, 0x27, 0xc9, 0xff, 0xff,
    0x27, 0xc9, 0xff, 0xff, 0x27, 0xc9, 0xff, 0xff,
    0x27, 0xc9, 0xff, 0xff, 0x27, 0xc9, 0xff, 0xff,
    0x27, 0xc9, 0xff, 0xff, 0x27, 0xc9, 0xff, 0xff,
    0x27, 0xc9, 0xff, 0xff, 0x27, 0xc9, 0xff, 0xff,
    0x27, 0xc9, 0xff, 0xff, 0x27, 0xc9, 0xff, 0xff,
    0x27, 0xc9, 0xff, 0xff, 0x27, 0xc9, 0xff, 0xff,
    0x27, 0xc9, 0xff, 0xff, 0x27, 0xc9, 0xff, 0xff,
    0x27, 0xc9, 0xff, 0xff, 0x27, 0xc9, 0xff, 0xff,
    0x27, 0xc9, 0xff, 0xff, 0x27, 0xc9, 0xff, 0xff,
    0x27, 0xc9, 0xff, 0xff, 0x27, 0xc9, 0xff, 0xff,
    0x27, 0xc9, 0xff, 0xff, 0x27, 0xc9, 0xff, 0xff,
    0x27, 0xc9, 0xff, 0xff, 0x27, 0xc9, 0xff, 0xff,
    0x27, 0xc9, 0xff, 0xff, 0x27, 0xc9, 0xff, 0xff,
    0x27, 0xc9, 0xff, 0xff, 0x27, 0xc9, 0xff, 0xff,
    0x27, 0xc9, 0xff, 0xff, 0x27, 0xc9, 0xff, 0xff,
    0x27, 0xc9, 0xff, 0xff, 0x27, 0xc9, 0xff, 0xff,
    0x27, 0xc9, 0xff, 0xff, 0x27, 0xc9, 0xff, 0xff,
    0x27, 0xc9, 0xff, 0xff, 0x27, 0xc9, 0xff, 0xff,
    0x27, 0xc9, 0xff, 0xff, 0x27, 0xc9, 0xff, 0xff,
    0x27, 0xc9, 0xff, 0xff, 0x27, 0xc9, 0xff, 0xff,
    0x27, 0xc9, 0xff, 0xff, 0x27, 0xc9, 0xff, 0xff,
    0x27, 0xc9, 0xff, 0xff, 0x27, 0xc9, 0xff, 0xff,
    0x27, 0xc9, 0xff, 0xff, 0x27, 0xc9, 0xff, 0xff,
    0x27, 0xc9, 0xff, 0xff, 0x27, 0xc9, 0xff, 0xff,
    0x27, 0xc9, 0xff, 0xff, 0x27, 0xc9, 0xff, 0xff,
    0x27, 0xc9, 0xff, 0xff, 0x27, 0xc9, 0xff, 0xff,
    0x27, 0xc9, 0xff, 0xff, 0x27, 0xc9, 0xff, 0xff,
    0x27, 0xc9, 0xff, 0xff, 0x27, 0xc9, 0xff, 0xff,
    0x27, 0xc9, 0xff, 0xff, 0x27, 0xc9, 0xff, 0xff,
    0x27, 0xc9, 0xff, 0xff, 0x27, 0xc9, 0xff, 0xff,
    0x27, 0xc9, 0xff, 0xff, 0x27, 0xc9, 0xff, 0xff,
    0x27, 0xc9, 0xff, 0xff, 0x27, 0xc9, 0xff, 0xff,
    0x27, 0xc9, 0xff, 0xff, 0x27, 0xc9, 0xff, 0xff,
    0x27, 0xc9, 0xff, 0xff, 0x27, 0xc9, 0xff, 0xff,
    0x27, 0xc9, 0xff, 0xff, 0x27, 0xc9, 0xff, 0xff,
    0x27, 0xc9, 0xff, 0xff, 0x27, 0xc9, 0xff, 0xff,
    0x27, 0xc9, 0xff, 0xff, 0x27, 0xc9, 0xff, 0xff,
    0x27, 0xc9, 0xff, 0xff, 0x27, 0xc9, 0xff, 0xff,
    0x27, 0xc9, 0xff, 0xff, 0x27, 0xc9, 0xff, 0xff,
    0x27, 0xc9, 0xff, 0xff, 0x27, 0xc9, 0xff, 0xff,
    0x27, 0xc9, 0xff, 0xff, 0x27, 0xc9, 0xff, 0xff,
    0x27, 0xc9, 0xff, 0xff, 0x27, 0xc9, 0xff, 0xff,
    0x27, 0xc9, 0xff, 0xff, 0x27, 0xc9, 0xff, 0xff,
    0x27, 0xc9, 0xff, 0xff, 0x27, 0xc9, 0xff, 0xff,
    0x27, 0xc9, 0xff, 0xff, 0x27, 0xc9, 0xff, 0xff,
    0x27, 0xc9, 0xff, 0xff, 0x27, 0xc9, 0xff, 0xff,
    0x27, 0xc9, 0xff, 0xff, 0x27, 0xc9, 0xff, 0xff,
    0x27, 0xc9, 0xff, 0xff, 0x27, 0xc9, 0xff, 0xff,
    0x27, 0xc9, 0xff, 0xff, 0x27, 0xc9, 0xff, 0xff,
    0x27, 0xc9, 0xff, 0xff, 0x27, 0xc9, 0xff, 0xff,
    0x27, 0xc9, 0xff, 0xff, 0x27, 0xc9, 0xff, 0xff,
    0x27, 0xc9, 0xff, 0xff, 0x27, 0xc9, 0xff, 0xff,
    0x27, 0xc9, 0xff, 0xff, 0x27, 0xc9, 0xff, 0xff,
    0x27, 0xc9, 0xff, 0xff, 0x27, 0xc9, 0xff, 0xff,
    0x27, 0xc9, 0xff, 0xff, 0x27, 0xc9, 0xff, 0xff,
    0x27, 0xc9, 0xff, 0xff, 0x27, 0xc9, 0xff, 0xff,
    0x27, 0xc9, 0xff, 0xff, 0x27, 0xc9, 0xff, 0xff,
    0x27, 0xc9, 0xff, 0xff, 0x27, 0xc9, 0xff, 0xff,
    0x27, 0xc9, 0xff, 0xff, 0x27, 0xc9, 0xff, 0xff,
    0x27, 0xc9, 0xff, 0xff, 0x27, 0xc9, 0xff, 0xff,
    0x27, 0xc9, 0xff, 0xff, 0x27, 0xc9, 0xff, 0xff,
    0x27, 0xc9, 0xff, 0xff, 0x27, 0xc9, 0xff, 0xff,
    0x27, 0xc9, 0xff, 0xff, 0x27, 0xc9, 0xff, 0xff,
    0x27, 0xc9, 0xff, 0xff, 0x27, 0xc9, 0xff, 0xff,
    0x27, 0xc9, 0xff, 0xff, 0x27, 0xc9, 0xff, 0xff,
    0x27, 0xc9, 0xff, 0xff, 0x27, 0xc9, 0xff, 0xff,
    0x27, 0xc9, 0xff, 0xff, 0x27, 0xc9, 0xff, 0xff,
    0x27, 0xc9, 0xff, 0xff, 0x27, 0xc9, 0xff, 0xff,
    0x27, 0xc9, 0xff, 0xff, 0x27, 0xc9, 0xff, 0xff,
    0x27, 0xc9, 0xff, 0xff, 0x27, 0xc9, 0xff, 0xff,
    0x27, 0xc9, 0xff, 0xff, 0x27, 0xc9, 0xff, 0xff,
    0x27, 0xc9, 0xff, 0xff, 0x27, 0xc9, 0xff, 0xff,
    0x27, 0xc9, 0xff, 0xff, 0x27, 0xc9, 0xff, 0xff,
    0x27, 0xc9, 0xff, 0xff, 0x27, 0xc9, 0xff, 0xff,
    0x27, 0xc9, 0xff, 0xff, 0x27, 0xc9, 0xff, 0xff,
    0x27, 0xc9, 0xff, 0xff, 0x27, 0xc9, 0xff, 0xff,
    0x27, 0xc9, 0xff, 0xff, 0x27, 0xc9, 0xff, 0xff,
    0x27, 0xc9, 0xff, 0xff, 0x27, 0xc9, 0xff, 0xff,
    0x27, 0xc9, 0xff, 0xff, 0x27, 0xc9, 0xff, 0xff,
    0x27, 0xc9, 0xff, 0xff, 0x27, 0xc9, 0xff, 0xff,
    0x27, 0xc9, 0xff, 0xff, 0x27, 0xc9, 0xff, 0xff,
    0x27, 0xc9, 0xff, 0xff, 0x27, 0xc9, 0xff, 0xff,
    0x27, 0xc9, 0xff, 0xff, 0x27, 0xc9, 0xff, 0xff,
    0x27, 0xc9, 0xff, 0xff, 0x27, 0xc9, 0xff, 0xff,
    0x27, 0xc9, 0xff, 0xff, 0x27, 0xc9, 0xff, 0xff,
    0x27, 0xc9, 0xff, 0xff, 0x27, 0xc9, 0xff, 0xff,
    0x27, 0xc9, 0xff, 0xff, 0x27, 0xc9, 0xff, 0xff,
    0x27, 0xc9, 0xff, 0xff, 0x27, 0xc9, 0xff, 0xff,
    0x27, 0xc9, 0xff, 0xff, 0x27, 0xc9, 0xff, 0xff,
    0x27, 0xc9, 0xff, 0xff, 0x27, 0xc9, 0xff, 0xff,
    0x27, 0xc9, 0xff, 0xff, 0x27, 0xc9, 0xff, 0xff,
    0x27, 0xc9, 0xff, 0xff, 0x27, 0xc9, 0xff, 0xff,
    0x27, 0xc9, 0xff, 0xff, 0x27, 0xc9, 0xff, 0xff,
    0x27, 0xc9, 0xff, 0xff, 0x27, 0xc9, 0xff, 0xff,
    0x27, 0xc9, 0xff, 0xff, 0x27, 0xc9, 0xff, 0xff,
    0x27, 0xc9, 0xff, 0xff, 0x27, 0xc9, 0xff, 0xff,
    0x27, 0xc9, 0xff, 0xff, 0x27, 0xc9, 0xff, 0xff,
    0x27, 0xc9, 0xff, 0xff, 0x27, 0xc9, 0xff, 0xff,
    0x27, 0xc9, 0xff, 0xff, 0x27, 0xc9, 0xff, 0xff,
    0x27, 0xc9, 0xff, 0xff, 0x27, 0xc9, 0xff, 0xff,
    0x27, 0xc9, 0xff, 0xff, 0x27, 0xc9, 0xff, 0xff,
    0x27, 0xc9, 0xff, 0xff, 0x27, 0xc9, 0xff, 0xff,
    0x27, 0xc9, 0xff, 0xff, 0x27, 0xc9, 0xff, 0xff,
    0x27, 0xc9, 0xff, 0xff, 0x27, 0xc9, 0xff, 0xff,
    0x27, 0xc9, 0xff, 0xff, 0x27, 0xc9, 0xff, 0xff,
    0x27, 0xc9, 0xff, 0xff, 0x27, 0xc9, 0xff, 0xff,
    0x27, 0xc9, 0xff, 0xff, 0x27, 0xc9, 0xff, 0xff,
    0x27, 0xc9, 0xff, 0xff, 0x27, 0xc9, 0xff, 0xff,
    0x27, 0xc9, 0xff, 0xff, 0x27, 0xc9, 0xff, 0xff,
    0x27, 0xc9, 0xff, 0xff, 0x27, 0xc9, 0xff, 0xff,
    0x27, 0xc9, 0xff, 0xff, 0x27, 0xc9, 0xff, 0xff,
    0x27, 0xc9, 0xff, 0xff, 0x27, 0xc9, 0xff, 0xff,
    0x27, 0xc9, 0xff, 0xff, 0x27, 0xc9, 0xff, 0xff,
    0x27, 0xc9, 0xff, 0xff, 0x27, 0xc9, 0xff, 0xff,
    0x27, 0xc9, 0xff, 0xff, 0x27, 0xc9, 0xff, 0xff,
    0x27, 0xc9, 0xff, 0xff, 0x27, 0xc9, 0xff, 0xff,
    0x27, 0xc9, 0xff, 0xff, 0x27, 0xc9, 0xff, 0xff,
    0x27, 0xc9, 0xff, 0xff, 0x27, 0xc9, 0xff, 0xff,
    0x27, 0xc9, 0xff, 0xff, 0x27, 0xc9, 0xff, 0xff,
    0x27, 0xc9, 0xff, 0xff, 0x27, 0xc9, 0xff, 0xff,
    0x27, 0xc9, 0xff, 0xff, 0x27, 0xc9, 0xff, 0xff,
    0x27, 0xc9, 0xff, 0xff, 0x27, 0xc9, 0xff, 0xff,
    0x27, 0xc9, 0xff, 0xff, 0x27, 0xc9, 0xff, 0xff,
    0x27, 0xc9, 0xff, 0xff, 0x27, 0xc9, 0xff, 0xff,
    0x27, 0xc9, 0xff, 0xff, 0x27, 0xc9, 0xff, 0xff,
    0x27, 0xc9, 0xff, 0xff, 0x27, 0xc9, 0xff, 0xff,
    0x27, 0xc9, 0xff, 0xff, 0x27, 0xc9, 0xff, 0xff,
    0x27, 0xc9, 0xff, 0xff, 0x27, 0xc9, 0xff, 0xff,
    0x27, 0xc9, 0xff, 0xff, 0x27, 0xc9, 0xff, 0xff,
    0x27, 0xc9, 0xff, 0xff, 0x27, 0xc9, 0xff, 0xff,
    0x27, 0xc9, 0xff, 0xff, 0x27, 0xc9, 0xff, 0xff,
    0x27, 0xc9, 0xff, 0xff, 0x27, 0xc9, 0xff, 0xff,
    0x27, 0xc9, 0xff, 0xff, 0x27, 0xc9, 0xff, 0xff,
    0x27, 0xc9, 0xff, 0xff, 0x27, 0xc9, 0xff, 0xff,
    0x27, 0xc9, 0xff, 0xff, 0x27, 0xc9, 0xff, 0xff,
    0x27, 0xc9, 0xff, 0xff, 0x27, 0xc9, 0xff, 0xff,
    0x27, 0xc9, 0xff, 0xff, 0x27, 0xc9, 0xff, 0xff,
    0x27, 0xc9, 0xff, 0xff, 0x27, 0xc9, 0xff, 0xff,
    0x27, 0xc9, 0xff, 0xff, 0x27, 0xc9, 0xff, 0xff,
    0x27, 0xc9, 0xff, 0xff, 0x27, 0xc9, 0xff, 0xff,
    0x27, 0xc9, 0xff, 0xff, 0x27, 0xc9, 0xff, 0xff,
    0x27, 0xc9, 0xff, 0xff, 0x27, 0xc9, 0xff, 0xff,
    0x27, 0xc9, 0xff, 0xff, 0x27, 0xc9, 0xff, 0xff,
    0x27, 0xc9, 0xff, 0xff, 0x27, 0xc9, 0xff, 0xff,
    0x27, 0xc9, 0xff, 0xff, 0x27, 0xc9, 0xff, 0xff,
    0x27, 0xc9, 0xff, 0xff, 0x27, 0xc9, 0xff, 0xff,
    0x27, 0xc9, 0xff, 0xff, 0x27, 0xc9, 0xff, 0xff,
    0x27, 0xc9, 0xff, 0xff, 0x27, 0xc9, 0xff, 0xff,
    0x27, 0xc9, 0xff, 0xff, 0x27, 0xc9, 0xff, 0xff,
    0x27, 0xc9, 0xff, 0xff, 0x27, 0xc9, 0xff, 0xff,
    0x27, 0xc9, 0xff, 0xff, 0x27, 0xc9, 0xff, 0xff,
    0x27, 0xc9, 0xff, 0xff, 0x27, 0xc9, 0xff, 0xff,
    0x27, 0xc9, 0xff, 0xff, 0x27, 0xc9, 0xff, 0xff,
    0x27, 0xc9, 0xff, 0xff, 0x27, 0xc9, 0xff, 0xff,
    0x27, 0xc9, 0xff, 0xff, 0x27, 0xc9, 0xff, 0xff,
    0x27, 0xc9, 0xff, 0xff, 0x27, 0xc9, 0xff, 0xff,
    0x27, 0xc9, 0xff, 0xff, 0x27, 0xc9, 0xff, 0xff,
    0x27, 0xc9, 0xff, 0xff, 0x27, 0xc9, 0xff, 0xff,
    0x27, 0xc9, 0xff, 0xff, 0x27, 0xc9, 0xff, 0xff,
    0x27, 0xc9, 0xff, 0xff, 0x27, 0xc9, 0xff, 0xff,
    0x27, 0xc9, 0xff, 0xff, 0x27, 0xc9, 0xff, 0xff,
    0x27, 0xc9, 0xff, 0xff, 0x27, 0xc9, 0xff, 0xff,
    0x27, 0xc9, 0xff, 0xff, 0x27, 0xc9, 0xff, 0xff,
    0x27, 0xc9, 0xff, 0xff, 0x27, 0xc9, 0xff, 0xff,
    0x27, 0xc9, 0xff, 0xff, 0x27, 0xc9, 0xff, 0xff,
    0x27, 0xc9, 0xff, 0xff, 0x27, 0xc9, 0xff, 0xff,
    0x27, 0xc9, 0xff, 0xff, 0x27, 0xc9, 0xff, 0xff,
    0x27, 0xc9, 0xff, 0xff, 0x27, 0xc9, 0xff, 0xff,
    0x27, 0xc9, 0xff, 0xff, 0x27, 0xc9, 0xff, 0xff,
    0x27, 0xc9, 0xff, 0xff, 0x27, 0xc9, 0xff, 0xff,
    0x27, 0xc9, 0xff, 0xff, 0x27, 0xc9, 0xff, 0xff,
    0x27, 0xc9, 0xff, 0xff, 0x27, 0xc9, 0xff, 0xff,
    0x27, 0xc9, 0xff, 0xff, 0x27, 0xc9, 0xff, 0xff,
    0x27, 0xc9, 0xff, 0xff, 0x27, 0xc9, 0xff, 0xff,
    0x27, 0xc9, 0xff, 0xff, 0x27, 0xc9, 0xff, 0xff,
    0x27, 0xc9, 0xff, 0xff, 0x27, 0xc9, 0xff, 0xff,
    0x27, 0xc9, 0xff, 0xff, 0x27, 0xc9, 0xff, 0xff,
    0x27, 0xc9, 0xff, 0xff, 0x27, 0xc9, 0xff, 0xff,
    0x27, 0xc9, 0xff, 0xff, 0x27, 0xc9, 0xff, 0xff,
    0x27, 0xc9, 0xff, 0xff, 0x27, 0xc9, 0xff, 0xff,
    0x27, 0xc9, 0xff, 0xff, 0x27, 0xc9, 0xff, 0xff,
    0x27, 0xc9, 0xff, 0xff, 0x27, 0xc9, 0xff, 0xff,
    0x27, 0xc9, 0xff, 0xff, 0x27, 0xc9, 0xff, 0xff,
    0x27, 0xc9, 0xff, 0xff, 0x27, 0xc9, 0xff, 0xff,
    0x27, 0xc9, 0xff, 0xff, 0x27, 0xc9, 0xff, 0xff,
    0x27, 0xc9, 0xff, 0xff, 0x27, 0xc9, 0xff, 0xff,
    0x27, 0xc9, 0xff, 0xff, 0x27, 0xc9, 0xff, 0xff,
    0x27, 0xc9, 0xff, 0xff, 0x27, 0xc9, 0xff, 0xff,
    0x27, 0xc9, 0xff, 0xff, 0x27, 0xc9, 0xff, 0xff,
    0x27, 0xc9, 0xff, 0xff, 0x27, 0xc9, 0xff, 0xff,
    0x27, 0xc9, 0xff, 0xff, 0x27, 0xc9, 0xff, 0xff,
    0x27, 0xc9, 0xff, 0xff, 0x27, 0xc9, 0xff, 0xff,
    0x27, 0xc9, 0xff, 0xff, 0x27, 0xc9, 0xff, 0xff,
    0x27, 0xc9, 0xff, 0xff, 0x27, 0xc9, 0xff, 0xff,
    0x27, 0xc9, 0xff, 0xff, 0x27, 0xc9, 0xff, 0xff,
    0x27, 0xc9, 0xff, 0xff, 0x27, 0xc9, 0xff, 0xff,
    0x27, 0xc9, 0xff, 0xff, 0x27, 0xc9, 0xff, 0xff,
    0x27, 0xc9, 0xff, 0xff, 0x27, 0xc9, 0xff, 0xff,
    0x27, 0xc9, 0xff, 0xff, 0x27, 0xc9, 0xff, 0xff,
    0x27, 0xc9, 0xff, 0xff, 0x27, 0xc9, 0xff, 0xff,
    0x27, 0xc9, 0xff, 0xff, 0x27, 0xc9, 0xff, 0xff,
    0x27, 0xc9, 0xff, 0xff, 0x27, 0xc9, 0xff, 0xff,
    0x27, 0xc9, 0xff, 0xff, 0x27, 0xc9, 0xff, 0xff,
    0x27, 0xc9, 0xff, 0xff, 0x27, 0xc9, 0xff, 0xff,
    0x27, 0xc9, 0xff, 0xff, 0x27, 0xc9, 0xff, 0xff,
    0x27, 0xc9, 0xff, 0xff, 0x27, 0xc9, 0xff, 0xff,
    0x27, 0xc9, 0xff, 0xff, 0x27, 0xc9, 0xff, 0xff,
    0x27, 0xc9, 0xff, 0xff, 0x27, 0xc9, 0xff, 0xff,
    0x27, 0xc9, 0xff, 0xff, 0x27, 0xc9, 0xff, 0xff,
    0x27, 0xc9, 0xff, 0xff, 0x27, 0xc9, 0xff, 0xff,
    0x27, 0xc9, 0xff, 0xff, 0x27, 0xc9, 0xff, 0xff,
    0x27, 0xc9, 0xff, 0xff, 0x27, 0xc9, 0xff, 0xff,
    0x27, 0xc9, 0xff, 0xff, 0x27, 0xc9, 0xff, 0xff,
    0x27, 0xc9, 0xff, 0xff, 0x27, 0xc9, 0xff, 0xff,
    0x27, 0xc9, 0xff, 0xff, 0x27, 0xc9, 0xff, 0xff,
    0x27, 0xc9, 0xff, 0xff, 0x27, 0xc9, 0xff, 0xff,
    0x27, 0xc9, 0xff, 0xff, 0x27, 0xc9, 0xff, 0xff,
    0x27, 0xc9, 0xff, 0xff, 0x27, 0xc9, 0xff, 0xff,
    0x27, 0xc9, 0xff, 0xff, 0x27, 0xc9, 0xff, 0xff,
    0x27, 0xc9, 0xff, 0xff, 0x27, 0xc9, 0xff, 0xff,
    0x27, 0xc9, 0xff, 0xff, 0x27, 0xc9, 0xff, 0xff,
    0x27, 0xc9, 0xff, 0xff, 0x27, 0xc9, 0xff, 0xff,
    0x27, 0xc9, 0xff, 0xff, 0x27, 0xc9, 0xff, 0xff,
    0x27, 0xc9, 0xff, 0xff, 0x27, 0xc9, 0xff, 0xff,
    0x27, 0xc9, 0xff, 0xff, 0x27, 0xc9, 0xff, 0xff,
    0x27, 0xc9, 0xff, 0xff, 0x27, 0xc9, 0xff, 0xff,
    0x27, 0xc9, 0xff, 0xff, 0x27, 0xc9, 0xff, 0xff,
    0x27, 0xc9, 0xff, 0xff, 0x27, 0xc9, 0xff, 0xff,
    0x27, 0xc9, 0xff, 0xff, 0x27, 0xc9, 0xff, 0xff,
    0x27, 0xc9, 0xff, 0xff, 0x27, 0xc9, 0xff, 0xff,
    0x27, 0xc9, 0xff, 0xff, 0x27, 0xc9, 0xff, 0xff,
    0x27, 0xc9, 0xff, 0xff, 0x27, 0xc9, 0xff, 0xff,
    0x27, 0xc9, 0xff, 0xff, 0x27, 0xc9, 0xff, 0xff,
    0x27, 0xc9, 0xff, 0xff, 0x27, 0xc9, 0xff, 0xff,
    0x27, 0xc9, 0xff, 0xff, 0x27, 0xc9, 0xff, 0xff,
    0x27, 0xc9, 0xff, 0xff, 0x27, 0xc9, 0xff, 0xff,
    0x27, 0xc9, 0xff, 0xff, 0x27, 0xc9, 0xff, 0xff,
    0x27, 0xc9, 0xff, 0xff, 0x27, 0xc9, 0xff, 0xff,
    0x27, 0xc9, 0xff, 0xff, 0x27, 0xc9, 0xff, 0xff,
    0x27, 0xc9, 0xff, 0xff, 0x27, 0xc9, 0xff, 0xff,
    0x27, 0xc9, 0xff, 0xff, 0x27, 0xc9, 0xff, 0xff,
    0x27, 0xc9, 0xff, 0xff, 0x27, 0xc9, 0xff, 0xff,
    0x27, 0xc9, 0xff, 0xff, 0x27, 0xc9, 0xff, 0xff,
    0x27, 0xc9, 0xff, 0xff, 0x27, 0xc9, 0xff, 0xff,
    0x27, 0xc9, 0xff, 0xff, 0x27, 0xc9, 0xff, 0xff,
    0x27, 0xc9, 0xff, 0xff, 0x27, 0xc9, 0xff, 0xff,
    0x27, 0xc9, 0xff, 0xff, 0x27, 0xc9, 0xff, 0xff,
    0x27, 0xc9, 0xff, 0xff, 0x27, 0xc9, 0xff, 0xff,
    0x27, 0xc9, 0xff, 0xff, 0x27, 0xc9, 0xff, 0xff,
    0x27, 0xc9, 0xff, 0xff, 0x27, 0xc9, 0xff, 0xff,
    0x27, 0xc9, 0xff, 0xff, 0x27, 0xc9, 0xff, 0xff,
    0x27, 0xc9, 0xff, 0xff, 0x27, 0xc9, 0xff, 0xff,
    0x27, 0xc9, 0xff, 0xff, 0x27, 0xc9, 0xff, 0xff,
    0x27, 0xc9, 0xff, 0xff, 0x27, 0xc9, 0xff, 0xff,
    0x27, 0xc9, 0xff, 0xff, 0x27, 0xc9, 0xff, 0xff,
    0x27, 0xc9, 0xff, 0xff, 0x27, 0xc9, 0xff, 0xff,
    0x27, 0xc9, 0xff, 0xff, 0x27, 0xc9, 0xff, 0xff,
    0x27, 0xc9, 0xff, 0xff, 0x27, 0xc9, 0xff, 0xff,
    0x27, 0xc9, 0xff, 0xff, 0x27, 0xc9, 0xff, 0xff,
    0x27, 0xc9, 0xff, 0xff, 0x27, 0xc9, 0xff, 0xff,
    0x27, 0xc9, 0xff, 0xff, 0x27, 0xc9, 0xff, 0xff,
    0x27, 0xc9, 0xff, 0xff, 0x27, 0xc9, 0xff, 0xff,
    0x27, 0xc9, 0xff, 0xff, 0x27, 0xc9, 0xff, 0xff,
    0x27, 0xc9, 0xff, 0xff, 0x27, 0xc9, 0xff, 0xff,
    0x27, 0xc9, 0xff, 0xff, 0x27, 0xc9, 0xff, 0xff,
    0x27, 0xc9, 0xff, 0xff, 0x27, 0xc9, 0xff, 0xff,
    0x27, 0xc9, 0xff, 0xff, 0x27, 0xc9, 0xff, 0xff,
    0x27, 0xc9, 0xff, 0xff, 0x27, 0xc9, 0xff, 0xff,
    0x27, 0xc9, 0xff, 0xff, 0x27, 0xc9, 0xff, 0xff,
    0x27, 0xc9, 0xff, 0xff, 0x27, 0xc9, 0xff, 0xff,
    0x27, 0xc9, 0xff, 0xff, 0x27, 0xc9, 0xff, 0xff,
    0x27, 0xc9, 0xff, 0xff, 0x27, 0xc9, 0xff, 0xff,
    0x27, 0xc9, 0xff, 0xff, 0x27, 0xc9, 0xff, 0xff,
    0x27, 0xc9, 0xff, 0xff, 0x27, 0xc9, 0xff, 0xff,
    0x27, 0xc9, 0xff, 0xff, 0x27, 0xc9, 0xff, 0xff,
    0x27, 0xc9, 0xff, 0xff, 0x27, 0xc9, 0xff, 0xff,
    0x27, 0xc9, 0xff, 0xff, 0x27, 0xc9, 0xff, 0xff,
    0x27, 0xc9, 0xff, 0xff, 0x27, 0xc9, 0xff, 0xff,
    0x27, 0xc9, 0xff, 0xff, 0x27, 0xc9, 0xff, 0xff,
    0x27, 0xc9, 0xff, 0xff, 0x27, 0xc9, 0xff, 0xff,
    0x27, 0xc9, 0xff, 0xff, 0x27, 0xc9, 0xff, 0xff,
    0x27, 0xc9, 0xff, 0xff, 0x27, 0xc9, 0xff, 0xff,
    0x27, 0xc9, 0xff, 0xff, 0x27, 0xc9, 0xff, 0xff,
    0x27, 0xc9, 0xff, 0xff, 0x27, 0xc9, 0xff, 0xff,
    0x27, 0xc9, 0xff, 0xff, 0x27, 0xc9, 0xff, 0xff,
    0x27, 0xc9, 0xff, 0xff, 0x27, 0xc9, 0xff, 0xff,
    0x27, 0xc9, 0xff, 0xff, 0x27, 0xc9, 0xff, 0xff,
    0x27, 0xc9, 0xff, 0xff, 0x27, 0xc9, 0xff, 0xff,
    0x27, 0xc9, 0xff, 0xff, 0x27, 0xc9, 0xff, 0xff,
    0x27, 0xc9, 0xff, 0xff, 0x27, 0xc9, 0xff, 0xff,
    0x27, 0xc9, 0xff, 0xff, 0x27, 0xc9, 0xff, 0xff,
    0x27, 0xc9, 0xff, 0xff, 0x27, 0xc9, 0xff, 0xff,
    0x27, 0xc9, 0xff, 0xff, 0x27, 0xc9, 0xff, 0xff,
    0x27, 0xc9, 0xff, 0xff, 0x27, 0xc9, 0xff, 0xff,
    0x27, 0xc9, 0xff, 0xff, 0x27, 0xc9, 0xff, 0xff,
    0x27, 0xc9, 0xff, 0xff, 0x27, 0xc9, 0xff, 0xff,
    0x27, 0xc9, 0xff, 0xff, 0x27, 0xc9, 0xff, 0xff,
    0x27, 0xc9, 0xff, 0xff, 0x27, 0xc9, 0xff, 0xff,
    0x27, 0xc9, 0xff, 0xff, 0x27, 0xc9, 0xff, 0xff,
    0x27, 0xc9, 0xff, 0xff, 0x27, 0xc9, 0xff, 0xff,
    0x27, 0xc9, 0xff, 0xff, 0x27, 0xc9, 0xff, 0xff,
    0x27, 0xc9, 0xff, 0xff, 0x27, 0xc9, 0xff, 0xff,
    0x27, 0xc9, 0xff, 0xff, 0x27, 0xc9, 0xff, 0xff,
    0x27, 0xc9, 0xff, 0xff, 0x27, 0xc9, 0xff, 0xff,
    0x27, 0xc9, 0xff, 0xff, 0x27, 0xc9, 0xff, 0xff,
    0x27, 0xc9, 0xff, 0xff, 0x27, 0xc9, 0xff, 0xff,
    0x27, 0xc9, 0xff, 0xff, 0x27, 0xc9, 0xff, 0xff,
    0x27, 0xc9, 0xff, 0xff, 0x27, 0xc9, 0xff, 0xff,
    0x27, 0xc9, 0xff, 0xff, 0x27, 0xc9, 0xff, 0xff,
    0x27, 0xc9, 0xff, 0xff, 0x27, 0xc9, 0xff, 0xff,
    0x27, 0xc9, 0xff, 0xff, 0x27, 0xc9, 0xff, 0xff,
    0x27, 0xc9, 0xff, 0xff, 0x27, 0xc9, 0xff, 0xff,
    0x27, 0xc9, 0xff, 0xff, 0x27, 0xc9, 0xff, 0xff,
    0x27, 0xc9, 0xff, 0xff, 0x27, 0xc9, 0xff, 0xff,
    0x27, 0xc9, 0xff, 0xff, 0x27, 0xc9, 0xff, 0xff,
    0x27, 0xc9, 0xff, 0xff, 0x27, 0xc9, 0xff, 0xff,
    0x27, 0xc9, 0xff, 0xff, 0x27, 0xc9, 0xff, 0xff,
    0x27, 0xc9, 0xff, 0xff, 0x27, 0xc9, 0xff, 0xff,
    0x27, 0xc9, 0xff, 0xff, 0x27, 0xc9, 0xff, 0xff,
    0x27, 0xc9, 0xff, 0xff, 0x27, 0xc9, 0xff, 0xff,
    0x27, 0xc9, 0xff, 0xff, 0x27, 0xc9, 0xff, 0xff,
    0x27, 0xc9, 0xff, 0xff, 0x27, 0xc9, 0xff, 0xff,
    0x27, 0xc9, 0xff, 0xff, 0x27, 0xc9, 0xff, 0xff,
    0x27, 0xc9, 0xff, 0xff, 0x27, 0xc9, 0xff, 0xff,
    0x27, 0xc9, 0xff, 0xff, 0x27, 0xc9, 0xff, 0xff,
    0x27, 0xc9, 0xff, 0xff, 0x27, 0xc9, 0xff, 0xff,
    0x27, 0xc9, 0xff, 0xff, 0x27, 0xc9, 0xff, 0xff,
    0x27, 0xc9, 0xff, 0xff, 0x27, 0xc9, 0xff, 0xff,
    0x27, 0xc9, 0xff, 0xff, 0x27, 0xc9, 0xff, 0xff,
    0x27, 0xc9, 0xff, 0xff, 0x27, 0xc9, 0xff, 0xff,
    0x27, 0xc9, 0xff, 0xff, 0x27, 0xc9, 0xff, 0xff,
    0x27, 0xc9, 0xff, 0xff, 0x27, 0xc9, 0xff, 0xff,
    0x27, 0xc9, 0xff, 0xff, 0x27, 0xc9, 0xff, 0xff,
    0x27, 0xc9, 0xff, 0xff, 0x27, 0xc9, 0xff, 0xff,
    0x27, 0xc9, 0xff, 0xff, 0x27, 0xc9, 0xff, 0xff,
    0x27, 0xc9, 0xff, 0xff, 0x27, 0xc9, 0xff, 0xff,
    0x27, 0xc9, 0xff, 0xff, 0x27, 0xc9, 0xff, 0xff,
    0x27, 0xc9, 0xff, 0xff, 0x27, 0xc9, 0xff, 0xff,
    0x27, 0xc9, 0xff, 0xff, 0x27, 0xc9, 0xff, 0xff,
    0x27, 0xc9, 0xff, 0xff, 0x27, 0xc9, 0xff, 0xff,
    0x27, 0xc9, 0xff, 0xff, 0x27, 0xc9, 0xff, 0xff,
    0x27, 0xc9, 0xff, 0xff, 0x27, 0xc9, 0xff, 0xff,
    0x27, 0xc9, 0xff, 0xff, 0x27, 0xc9, 0xff, 0xff,
    0x27, 0xc9, 0xff, 0xff, 0x27, 0xc9, 0xff, 0xff,
    0x27, 0xc9, 0xff, 0xff, 0x27, 0xc9, 0xff, 0xff,
    0x27, 0xc9, 0xff, 0xff, 0x27, 0xc9, 0xff, 0xff,
    0x27, 0xc9, 0xff, 0xff, 0x27, 0xc9, 0xff, 0xff,
    0x27, 0xc9, 0xff, 0xff, 0x27, 0xc9, 0xff, 0xff,
    0x27, 0xc9, 0xff, 0xff, 0x27, 0xc9, 0xff, 0xff,
    0x27, 0xc9, 0xff, 0xff, 0x27, 0xc9, 0xff, 0xff,
    0x27, 0xc9, 0xff, 0xff, 0x27, 0xc9, 0xff, 0xff,
    0x27, 0xc9, 0xff, 0xff, 0x27, 0xc9, 0xff, 0xff,
    0x27, 0xc9, 0xff, 0xff, 0x27, 0xc9, 0xff, 0xff,
    0x27, 0xc9, 0xff, 0xff, 0x27, 0xc9, 0xff, 0xff,
    0x27, 0xc9, 0xff, 0xff, 0x27, 0xc9, 0xff, 0xff,
    0x27, 0xc9, 0xff, 0xff, 0x27, 0xc9, 0xff, 0xff,
    0x27, 0xc9, 0xff, 0xff, 0x27, 0xc9, 0xff, 0xff,
    0x27, 0xc9, 0xff, 0xff, 0x27, 0xc9, 0xff, 0xff,
    0x27, 0xc9, 0xff, 0xff, 0x27, 0xc9, 0xff, 0xff,
    0x27, 0xc9, 0xff, 0xff, 0x27, 0xc9, 0xff, 0xff,
    0x27, 0xc9, 0xff, 0xff, 0x27, 0xc9, 0xff, 0xff,
    0x27, 0xc9, 0xff, 0xff, 0x27, 0xc9, 0xff, 0xff,
    0x27, 0xc9, 0xff, 0xff, 0x27, 0xc9, 0xff, 0xff,
    0x27, 0xc9, 0xff, 0xff, 0x27, 0xc9, 0xff, 0xff,
    0x27, 0xc9, 0xff, 0xff, 0x27, 0xc9, 0xff, 0xff,
    0x27, 0xc9, 0xff, 0xff, 0x27, 0xc9, 0xff, 0xff,
    0x27, 0xc9, 0xff, 0xff, 0x27, 0xc9, 0xff, 0xff,
    0x27, 0xc9, 0xff, 0xff, 0x27, 0xc9, 0xff, 0xff,
    0x27, 0xc9, 0xff, 0xff, 0x27, 0xc9, 0xff, 0xff,
    0x27, 0xc9, 0xff, 0xff, 0x27, 0xc9, 0xff, 0xff,
    0x27, 0xc9, 0xff, 0xff, 0x27, 0xc9, 0xff, 0xff,
    0x27, 0xc9, 0xff, 0xff, 0x27, 0xc9, 0xff, 0xff,
    0x27, 0xc9, 0xff, 0xff, 0x27, 0xc9, 0xff, 0xff,
    0x27, 0xc9, 0xff, 0xff, 0x27, 0xc9, 0xff, 0xff,
    0x27, 0xc9, 0xff, 0xff, 0x27, 0xc9, 0xff, 0xff,
    0x27, 0xc9, 0xff, 0xff, 0x27, 0xc9, 0xff, 0xff,
    0x27, 0xc9, 0xff, 0xff, 0x27, 0xc9, 0xff, 0xff,
    0x27, 0xc9, 0xff, 0xff, 0x27, 0xc9, 0xff, 0xff,
    0x27, 0xc9, 0xff, 0xff, 0x27, 0xc9, 0xff, 0xff,
    0x27, 0xc9, 0xff, 0xff, 0x27, 0xc9, 0xff, 0xff,
    0x27, 0xc9, 0xff, 0xff, 0x27, 0xc9, 0xff, 0xff,
    0x27, 0xc9, 0xff, 0xff, 0x27, 0xc9, 0xff, 0xff,
    0x27, 0xc9, 0xff, 0xff, 0x27, 0xc9, 0xff, 0xff,
    0x27, 0xc9, 0xff, 0xff, 0x27, 0xc9, 0xff, 0xff,
    0x27, 0xc9, 0xff, 0xff, 0x27, 0xc9, 0xff, 0xff,
    0x27, 0xc9, 0xff, 0xff, 0x27, 0xc9, 0xff, 0xff,
    0x27, 0xc9, 0xff, 0xff, 0x27, 0xc9, 0xff, 0xff,
    0x27, 0xc9, 0xff, 0xff, 0x27, 0xc9, 0xff, 0xff,
    0x27, 0xc9, 0xff, 0xff, 0x27, 0xc9, 0xff, 0xff,
    0x27, 0xc9, 0xff, 0xff, 0x27, 0xc9, 0xff, 0xff,
    0x27, 0xc9, 0xff, 0xff, 0x27, 0xc9, 0xff, 0xff,
    0x27, 0xc9, 0xff, 0xff, 0x27, 0xc9, 0xff, 0xff,
    0x27, 0xc9, 0xff, 0xff, 0x27, 0xc9, 0xff, 0xff,
    0x27, 0xc9, 0xff, 0xff, 0x27, 0xc9, 0xff, 0xff,
    0x27, 0xc9, 0xff, 0xff, 0x27, 0xc9, 0xff, 0xff,
    0x27, 0xc9, 0xff, 0xff, 0x27, 0xc9, 0xff, 0xff,
    0x27, 0xc9, 0xff, 0xff, 0x27, 0xc9, 0xff, 0xff,
    0x27, 0xc9, 0xff, 0xff, 0x27, 0xc9, 0xff, 0xff,
    0x27, 0xc9, 0xff, 0xff, 0x27, 0xc9, 0xff, 0xff,
    0x27, 0xc9, 0xff, 0xff, 0x27, 0xc9, 0xff, 0xff,
    0x27, 0xc9, 0xff, 0xff, 0x27, 0xc9, 0xff, 0xff,
    0x27, 0xc9, 0xff, 0xff, 0x27, 0xc9, 0xff, 0xff,
    0x27, 0xc9, 0xff, 0xff, 0x27, 0xc9, 0xff, 0xff,
    0x27, 0xc9, 0xff, 0xff, 0x27, 0xc9, 0xff, 0xff,
    0x27, 0xc9, 0xff, 0xff, 0x27, 0xc9, 0xff, 0xff,
    0x27, 0xc9, 0xff, 0xff, 0x27, 0xc9, 0xff, 0xff,
    0x27, 0xc9, 0xff, 0xff, 0x27, 0xc9, 0xff, 0xff,
    0x27, 0xc9, 0xff, 0xff, 0x27, 0xc9, 0xff, 0xff,
    0x27, 0xc9, 0xff, 0xff, 0x27, 0xc9, 0xff, 0xff,
    0x27, 0xc9, 0xff, 0xff, 0x27, 0xc9, 0xff, 0xff,
    0x27, 0xc9, 0xff, 0xff, 0x27, 0xc9, 0xff, 0xff,
    0x27, 0xc9, 0xff, 0xff, 0x27, 0xc9, 0xff, 0xff,
    0x27, 0xc9, 0xff, 0xff, 0x27, 0xc9, 0xff, 0xff,
    0x27, 0xc9, 0xff, 0xff, 0x27, 0xc9, 0xff, 0xff,
    0x27, 0xc9, 0xff, 0xff, 0x27, 0xc9, 0xff, 0xff,
    0x27, 0xc9, 0xff, 0xff, 0x27, 0xc9, 0xff, 0xff,
    0x27, 0xc9, 0xff, 0xff, 0x27, 0xc9, 0xff, 0xff,
    0x27, 0xc9, 0xff, 0xff, 0x27, 0xc9, 0xff, 0xff,
    0x27, 0xc9, 0xff, 0xff, 0x27, 0xc9, 0xff, 0xff,
    0x27, 0xc9, 0xff, 0xff, 0x27, 0xc9, 0xff, 0xff,
    0x27, 0xc9, 0xff, 0xff, 0x27, 0xc9, 0xff, 0xff,
    0x27, 0xc9, 0xff, 0xff, 0x27, 0xc9, 0xff, 0xff,
    0x27, 0xc9, 0xff, 0xff, 0x27, 0xc9, 0xff, 0xff,
    0x27, 0xc9, 0xff, 0xff, 0x27, 0xc9, 0xff, 0xff,
    0x27, 0xc9, 0xff, 0xff, 0x27, 0xc9, 0xff, 0xff,
    0x27, 0xc9, 0xff, 0xff, 0x27, 0xc9, 0xff, 0xff,
    0x27, 0xc9, 0xff, 0xff, 0x27, 0xc9, 0xff, 0xff,
    0x27, 0xc9, 0xff, 0xff, 0x27, 0xc9, 0xff, 0xff,
    0x27, 0xc9, 0xff, 0xff, 0x27, 0xc9, 0xff, 0xff,
    0x27, 0xc9, 0xff, 0xff, 0x27, 0xc9, 0xff, 0xff,
    0x27, 0xc9, 0xff, 0xff, 0x27, 0xc9, 0xff, 0xff,
    0x27, 0xc9, 0xff, 0xff, 0x27, 0xc9, 0xff, 0xff,
    0x27, 0xc9, 0xff, 0xff, 0x27, 0xc9, 0xff, 0xff,
    0x27, 0xc9, 0xff, 0xff, 0x27, 0xc9, 0xff, 0xff,
    0x27, 0xc9, 0xff, 0xff, 0x27, 0xc9, 0xff, 0xff,
    0x27, 0xc9, 0xff, 0xff, 0x27, 0xc9, 0xff, 0xff,
    0x27, 0xc9, 0xff, 0xff, 0x27, 0xc9, 0xff, 0xff,
    0x27, 0xc9, 0xff, 0xff, 0x27, 0xc9, 0xff, 0xff,
    0x27, 0xc9, 0xff, 0xff, 0x27, 0xc9, 0xff, 0xff,
    0x27, 0xc9, 0xff, 0xff, 0x27, 0xc9, 0xff, 0xff,
    0x27, 0xc9, 0xff, 0xff, 0x27, 0xc9, 0xff, 0xff,
    0x27, 0xc9, 0xff, 0xff, 0x27, 0xc9, 0xff, 0xff,
    0x27, 0xc9, 0xff, 0xff, 0x27, 0xc9, 0xff, 0xff,
    0x27, 0xc9, 0xff, 0xff, 0x27, 0xc9, 0xff, 0xff,
    0x27, 0xc9, 0xff, 0xff, 0x27, 0xc9, 0xff, 0xff,
    0x27, 0xc9, 0xff, 0xff, 0x27, 0xc9, 0xff, 0xff,
    0x27, 0xc9, 0xff, 0xff, 0x27, 0xc9, 0xff, 0xff,
    0x27, 0xc9, 0xff, 0xff, 0x27, 0xc9, 0xff, 0xff,
    0x27, 0xc9, 0xff, 0xff, 0x27, 0xc9, 0xff, 0xff,
    0x27, 0xc9, 0xff, 0xff, 0x27, 0xc9, 0xff, 0xff,
    0x27, 0xc9, 0xff, 0xff, 0x27, 0xc9, 0xff, 0xff,
    0x27, 0xc9, 0xff, 0xff, 0x27, 0xc9, 0xff, 0xff,
    0x27, 0xc9, 0xff, 0xff, 0x27, 0xc9, 0xff, 0xff,
    0x27, 0xc9, 0xff, 0xff, 0x27, 0xc9, 0xff, 0xff,
    0x27, 0xc9, 0xff, 0xff, 0x27, 0xc9, 0xff, 0xff,
    0x27, 0xc9, 0xff, 0xff, 0x27, 0xc9, 0xff, 0xff,
    0x27, 0xc9, 0xff, 0xff, 0x27, 0xc9, 0xff, 0xff,
    0x27, 0xc9, 0xff, 0xff, 0x27, 0xc9, 0xff, 0xff,
    0x27, 0xc9, 0xff, 0xff, 0x27, 0xc9, 0xff, 0xff,
    0x27, 0xc9, 0xff, 0xff, 0x27, 0xc9, 0xff, 0xff,
    0x27, 0xc9, 0xff, 0xff, 0x27, 0xc9, 0xff, 0xff,
    0x27, 0xc9, 0xff, 0xff, 0x27, 0xc9, 0xff, 0xff,
    0x27, 0xc9, 0xff, 0xff, 0x27, 0xc9, 0xff, 0xff,
    0x27, 0xc9, 0xff, 0xff, 0x27, 0xc9, 0xff, 0xff,
    0x27, 0xc9, 0xff, 0xff, 0x27, 0xc9, 0xff, 0xff,
    0x27, 0xc9, 0xff, 0xff, 0x27, 0xc9, 0xff, 0xff,
    0x27, 0xc9, 0xff, 0xff, 0x27, 0xc9, 0xff, 0xff,
    0x27, 0xc9, 0xff, 0xff, 0x27, 0xc9, 0xff, 0xff,
    0x27, 0xc9, 0xff, 0xff, 0x27, 0xc9, 0xff, 0xff,
    0x27, 0xc9, 0xff, 0xff, 0x27, 0xc9, 0xff, 0xff,
    0x27, 0xc9, 0xff, 0xff, 0x27, 0xc9, 0xff, 0xff,
    0x27, 0xc9, 0xff, 0xff, 0x27, 0xc9, 0xff, 0xff,
    0x27, 0xc9, 0xff, 0xff, 0x27, 0xc9, 0xff, 0xff,
    0x27, 0xc9, 0xff, 0xff, 0x27, 0xc9, 0xff, 0xff,
    0x27, 0xc9, 0xff, 0xff, 0x27, 0xc9, 0xff, 0xff,
    0x27, 0xc9, 0xff, 0xff, 0x27, 0xc9, 0xff, 0xff,
    0x27, 0xc9, 0xff, 0xff, 0x27, 0xc9, 0xff, 0xff,
    0x27, 0xc9, 0xff, 0xff, 0x27, 0xc9, 0xff, 0xff,
    0x27, 0xc9, 0xff, 0xff, 0x27, 0xc9, 0xff, 0xff,
    0x27, 0xc9, 0xff, 0xff, 0x27, 0xc9, 0xff, 0xff,
    0x27, 0xc9, 0xff, 0xff, 0x27, 0xc9, 0xff, 0xff,
    0x27, 0xc9, 0xff, 0xff, 0x27, 0xc9, 0xff, 0xff,
    0x27, 0xc9, 0xff, 0xff, 0x27, 0xc9, 0xff, 0xff,
    0x27, 0xc9, 0xff, 0xff, 0x27, 0xc9, 0xff, 0xff,
    0x27, 0xc9, 0xff, 0xff, 0x27, 0xc9, 0xff, 0xff,
    0x27, 0xc9, 0xff, 0xff, 0x27, 0xc9, 0xff, 0xff,
    0x27, 0xc9, 0xff, 0xff, 0x27, 0xc9, 0xff, 0xff,
    0x27, 0xc9, 0xff, 0xff, 0x27, 0xc9, 0xff, 0xff,
    0x27, 0xc9, 0xff, 0xff, 0x27, 0xc9, 0xff, 0xff,
    0x27, 0xc9, 0xff, 0xff, 0x27, 0xc9, 0xff, 0xff,
    0x27, 0xc9, 0xff, 0xff, 0x27, 0xc9, 0xff, 0xff,
    0x27, 0xc9, 0xff, 0xff, 0x27, 0xc9, 0xff, 0xff,
    0x27, 0xc9, 0xff, 0xff, 0x27, 0xc9, 0xff, 0xff,
    0x27, 0xc9, 0xff, 0xff, 0x27, 0xc9, 0xff, 0xff,
    0x27, 0xc9, 0xff, 0xff, 0x27, 0xc9, 0xff, 0xff,
    0x27, 0xc9, 0xff, 0xff, 0x27, 0xc9, 0xff, 0xff,
    0x27, 0xc9, 0xff, 0xff, 0x27, 0xc9, 0xff, 0xff,
    0x27, 0xc9, 0xff, 0xff, 0x27, 0xc9, 0xff, 0xff,
    0x27, 0xc9, 0xff, 0xff, 0x27, 0xc9, 0xff, 0xff,
    0x27, 0xc9, 0xff, 0xff, 0x27, 0xc9, 0xff, 0xff,
    0x27, 0xc9, 0xff, 0xff, 0x27, 0xc9, 0xff, 0xff,
    0x27, 0xc9, 0xff, 0xff, 0x27, 0xc9, 0xff, 0xff,
    0x27, 0xc9, 0xff, 0xff, 0x27, 0xc9, 0xff, 0xff,
    0x27, 0xc9, 0xff, 0xff, 0x27, 0xc9, 0xff, 0xff,
    0x27, 0xc9, 0xff, 0xdf, 0x27, 0xc9, 0xff, 0xff,
    0x27, 0xc9, 0xff, 0xff, 0x27, 0xc9, 0xff, 0xff,
    0x27, 0xc9, 0xff, 0xff, 0x27, 0xc9, 0xff, 0xff,
    0x27, 0xc9, 0xff, 0xff, 0x27, 0xc9, 0xff, 0xff,
    0x27, 0xc9, 0xff, 0xff, 0x27, 0xc9, 0xff, 0xff,
    0x27, 0xc9, 0xff, 0xff, 0x27, 0xc9, 0xff, 0xff,
    0x27, 0xc9, 0xff, 0xff, 0x27, 0xc9, 0xff, 0xff,
    0x27, 0xc9, 0xff, 0xff, 0x27, 0xc9, 0xff, 0xff,
    0x27, 0xc9, 0xff, 0xff, 0x27, 0xc9, 0xff, 0xff,
    0x27, 0xc9, 0xff, 0xff, 0x27, 0xc9, 0xff, 0xff,
    0x27, 0xc9, 0xff, 0xff, 0x27, 0xc9, 0xff, 0xff,
    0x27, 0xc9, 0xff, 0xff, 0x27, 0xc9, 0xff, 0xff,
    0x27, 0xc9, 0xff, 0xff, 0x27, 0xc9, 0xff, 0xff,
    0x27, 0xc9, 0xff, 0xff, 0x27, 0xc9, 0xff, 0xff,
    0x27, 0xc9, 0xff, 0xff, 0x27, 0xc9, 0xff, 0xff,
    0x27, 0xc9, 0xff, 0xff, 0x27, 0xc9, 0xff, 0xff,
    0x27, 0xc9, 0xff, 0xff, 0x27, 0xc9, 0xff, 0xff,
    0x27, 0xc9, 0xff, 0xff, 0x27, 0xc9, 0xff, 0xff,
    0x27, 0xc9, 0xff, 0xff, 0x27, 0xc9, 0xff, 0xff,
    0x27, 0xc9, 0xff, 0xff, 0x27, 0xc9, 0xff, 0xff,
    0x27, 0xc9, 0xff, 0xff, 0x27, 0xc9, 0xff, 0xff,
    0x27, 0xc9, 0xff, 0xff, 0x27, 0xc9, 0xff, 0xff,
    0x27, 0xc9, 0xff, 0xff, 0x27, 0xc9, 0xff, 0xff,
    0x27, 0xc9, 0xff, 0xff, 0x27, 0xc9, 0xff, 0xff,
    0x27, 0xc9, 0xff, 0xff, 0x27, 0xc9, 0xff, 0xff,
    0x27, 0xc9, 0xff, 0xff, 0x27, 0xc9, 0xff, 0xff,
    0x27, 0xc9, 0xff, 0xff, 0x27, 0xc9, 0xff, 0xff,
    0x27, 0xc9, 0xff, 0xff, 0x27, 0xc9, 0xff, 0xff,
    0x27, 0xc9, 0xff, 0xff, 0x27, 0xc9, 0xff, 0xff,
    0x27, 0xc9, 0xff, 0xff, 0x27, 0xc9, 0xff, 0xff,
    0x27, 0xc9, 0xff, 0xff, 0x27, 0xc9, 0xff, 0xff,
    0x27, 0xc9, 0xff, 0xff, 0x27, 0xc9, 0xff, 0xff,
    0x27, 0xc9, 0xff, 0xff, 0x27, 0xc9, 0xff, 0xff,
    0x27, 0xc9, 0xff, 0xff, 0x27, 0xc9, 0xff, 0xdf,
    0x27, 0xc9, 0xff, 0xaf, 0x27, 0xc9, 0xff, 0xff,
    0x27, 0xc9, 0xff, 0xff, 0x27, 0xc9, 0xff, 0xff,
    0x27, 0xc9, 0xff, 0xff, 0x27, 0xc9, 0xff, 0xff,
    0x27, 0xc9, 0xff, 0xff, 0x27, 0xc9, 0xff, 0xff,
    0x27, 0xc9, 0xff, 0xff, 0x27, 0xc9, 0xff, 0xff,
    0x27, 0xc9, 0xff, 0xff, 0x27, 0xc9, 0xff, 0xff,
    0x27, 0xc9, 0xff, 0xff, 0x27, 0xc9, 0xff, 0xff,
    0x27, 0xc9, 0xff, 0xff, 0x27, 0xc9, 0xff, 0xff,
    0x27, 0xc9, 0xff, 0xff, 0x27, 0xc9, 0xff, 0xff,
    0x27, 0xc9, 0xff, 0xff, 0x27, 0xc9, 0xff, 0xff,
    0x27, 0xc9, 0xff, 0xff, 0x27, 0xc9, 0xff, 0xff,
    0x27, 0xc9, 0xff, 0xff, 0x27, 0xc9, 0xff, 0xff,
    0x27, 0xc9, 0xff, 0xff, 0x27, 0xc9, 0xff, 0xff,
    0x27, 0xc9, 0xff, 0xff, 0x27, 0xc9, 0xff, 0xff,
    0x27, 0xc9, 0xff, 0xff, 0x27, 0xc9, 0xff, 0xff,
    0x27, 0xc9, 0xff, 0xff, 0x27, 0xc9, 0xff, 0xff,
    0x27, 0xc9, 0xff, 0xff, 0x27, 0xc9, 0xff, 0xff,
    0x27, 0xc9, 0xff, 0xff, 0x27, 0xc9, 0xff, 0xff,
    0x27, 0xc9, 0xff, 0xff, 0x27, 0xc9, 0xff, 0xff,
    0x27, 0xc9, 0xff, 0xff, 0x27, 0xc9, 0xff, 0xff,
    0x27, 0xc9, 0xff, 0xff, 0x27, 0xc9, 0xff, 0xff,
    0x27, 0xc9, 0xff, 0xff, 0x27, 0xc9, 0xff, 0xff,
    0x27, 0xc9, 0xff, 0xff, 0x27, 0xc9, 0xff, 0xff,
    0x27, 0xc9, 0xff, 0xff, 0x27, 0xc9, 0xff, 0xff,
    0x27, 0xc9, 0xff, 0xff, 0x27, 0xc9, 0xff, 0xff,
    0x27, 0xc9, 0xff, 0xff, 0x27, 0xc9, 0xff, 0xff,
    0x27, 0xc9, 0xff, 0xff, 0x27, 0xc9, 0xff, 0xff,
    0x27, 0xc9, 0xff, 0xff, 0x27, 0xc9, 0xff, 0xff,
    0x27, 0xc9, 0xff, 0xff, 0x27, 0xc9, 0xff, 0xff,
    0x27, 0xc9, 0xff, 0xff, 0x27, 0xc9, 0xff, 0xff,
    0x27, 0xc9, 0xff, 0xff, 0x27, 0xc9, 0xff, 0xff,
    0x27, 0xc9, 0xff, 0xff, 0x27, 0xc9, 0xff, 0xff,
    0x27, 0xc9, 0xff, 0xff, 0x27, 0xc9, 0xff, 0xff,
    0x27, 0xc9, 0xff, 0xff, 0x27, 0xc9, 0xff, 0xaf,
    0x27, 0xc9, 0xff, 0x60, 0x27, 0xc9, 0xff, 0xff,
    0x27, 0xc9, 0xff, 0xff, 0x27, 0xc9, 0xff, 0xff,
    0x27, 0xc9, 0xff, 0xff, 0x27, 0xc9, 0xff, 0xff,
    0x27, 0xc9, 0xff, 0xff, 0x27, 0xc9, 0xff, 0xff,
    0x27, 0xc9, 0xff, 0xff, 0x27, 0xc9, 0xff, 0xff,
    0x27, 0xc9, 0xff, 0xff, 0x27, 0xc9, 0xff, 0xff,
    0x27, 0xc9, 0xff, 0xff, 0x27, 0xc9, 0xff, 0xff,
    0x27, 0xc9, 0xff, 0xff, 0x27, 0xc9, 0xff, 0xff,
    0x27, 0xc9, 0xff, 0xff, 0x27, 0xc9, 0xff, 0xff,
    0x27, 0xc9, 0xff, 0xff, 0x27, 0xc9, 0xff, 0xff,
    0x27, 0xc9, 0xff, 0xff, 0x27, 0xc9, 0xff, 0xff,
    0x27, 0xc9, 0xff, 0xff, 0x27, 0xc9, 0xff, 0xff,
    0x27, 0xc9, 0xff, 0xff, 0x27, 0xc9, 0xff, 0xff,
    0x27, 0xc9, 0xff, 0xff, 0x27, 0xc9, 0xff, 0xff,
    0x27, 0xc9, 0xff, 0xff, 0x27, 0xc9, 0xff, 0xff,
    0x27, 0xc9, 0xff, 0xff, 0x27, 0xc9, 0xff, 0xff,
    0x27, 0xc9, 0xff, 0xff, 0x27, 0xc9, 0xff, 0xff,
    0x27, 0xc9, 0xff, 0xff, 0x27, 0xc9, 0xff, 0xff,
    0x27, 0xc9, 0xff, 0xff, 0x27, 0xc9, 0xff, 0xff,
    0x27, 0xc9, 0xff, 0xff, 0x27, 0xc9, 0xff, 0xff,
    0x27, 0xc9, 0xff, 0xff, 0x27, 0xc9, 0xff, 0xff,
    0x27, 0xc9, 0xff, 0xff, 0x27, 0xc9, 0xff, 0xff,
    0x27, 0xc9, 0xff, 0xff, 0x27, 0xc9, 0xff, 0xff,
    0x27, 0xc9, 0xff, 0xff, 0x27, 0xc9, 0xff, 0xff,
    0x27, 0xc9, 0xff, 0xff, 0x27, 0xc9, 0xff, 0xff,
    0x27, 0xc9, 0xff, 0xff, 0x27, 0xc9, 0xff, 0xff,
    0x27, 0xc9, 0xff, 0xff, 0x27, 0xc9, 0xff, 0xff,
    0x27, 0xc9, 0xff, 0xff, 0x27, 0xc9, 0xff, 0xff,
    0x27, 0xc9, 0xff, 0xff, 0x27, 0xc9, 0xff, 0xff,
    0x27, 0xc9, 0xff, 0xff, 0x27, 0xc9, 0xff, 0xff,
    0x27, 0xc9, 0xff, 0xff, 0x27, 0xc9, 0xff, 0xff,
    0x27, 0xc9, 0xff, 0xff, 0x27, 0xc9, 0xff, 0xff,
    0x27, 0xc9, 0xff, 0xff, 0x27, 0xc9, 0xff, 0xff,
    0x27, 0xc9, 0xff, 0xff, 0x27, 0xc9, 0xff, 0x60,
    0x00, 0x00, 0x00, 0x00, 0x27, 0xc9, 0xff, 0xdf,
    0x27, 0xc9, 0xff, 0xff, 0x27, 0xc9, 0xff, 0xff,
    0x27, 0xc9, 0xff, 0xff, 0x27, 0xc9, 0xff, 0xff,
    0x27, 0xc9, 0xff, 0xff, 0x27, 0xc9, 0xff, 0xff,
    0x27, 0xc9, 0xff, 0xff, 0x27, 0xc9, 0xff, 0xff,
    0x27, 0xc9, 0xff, 0xff, 0x27, 0xc9, 0xff, 0xff,
    0x27, 0xc9, 0xff, 0xff, 0x27, 0xc9, 0xff, 0xff,
    0x27, 0xc9, 0xff, 0xff, 0x27, 0xc9, 0xff, 0xff,
    0x27, 0xc9, 0xff, 0xff, 0x27, 0xc9, 0xff, 0xff,
    0x27, 0xc9, 0xff, 0xff, 0x27, 0xc9, 0xff, 0xff,
    0x27, 0xc9, 0xff, 0xff, 0x27, 0xc9, 0xff, 0xff,
    0x27, 0xc9, 0xff, 0xff, 0x27, 0xc9, 0xff, 0xff,
    0x27, 0xc9, 0xff, 0xff, 0x27, 0xc9, 0xff, 0xff,
    0x27, 0xc9, 0xff, 0xff, 0x27, 0xc9, 0xff, 0xff,
    0x27, 0xc9, 0xff, 0xff, 0x27, 0xc9, 0xff, 0xff,
    0x27, 0xc9, 0xff, 0xff, 0x27, 0xc9, 0xff, 0xff,
    0x27, 0xc9, 0xff, 0xff, 0x27, 0xc9, 0xff, 0xff,
    0x27, 0xc9, 0xff, 0xff, 0x27, 0xc9, 0xff, 0xff,
    0x27, 0xc9, 0xff, 0xff, 0x27, 0xc9, 0xff, 0xff,
    0x27, 0xc9, 0xff, 0xff, 0x27, 0xc9, 0xff, 0xff,
    0x27, 0xc9, 0xff, 0xff, 0x27, 0xc9, 0xff, 0xff,
    0x27, 0xc9, 0xff, 0xff, 0x27, 0xc9, 0xff, 0xff,
    0x27, 0xc9, 0xff, 0xff, 0x27, 0xc9, 0xff, 0xff,
    0x27, 0xc9, 0xff, 0xff, 0x27, 0xc9, 0xff, 0xff,
    0x27, 0xc9, 0xff, 0xff, 0x27, 0xc9, 0xff, 0xff,
    0x27, 0xc9, 0xff, 0xff, 0x27, 0xc9, 0xff, 0xff,
    0x27, 0xc9, 0xff, 0xff, 0x27, 0xc9, 0xff, 0xff,
    0x27, 0xc9, 0xff, 0xff, 0x27, 0xc9, 0xff, 0xff,
    0x27, 0xc9, 0xff, 0xff, 0x27, 0xc9, 0xff, 0xff,
    0x27, 0xc9, 0xff, 0xff, 0x27, 0xc9, 0xff, 0xff,
    0x27, 0xc9, 0xff, 0xff, 0x27, 0xc9, 0xff, 0xff,
    0x27, 0xc9, 0xff, 0xff, 0x27, 0xc9, 0xff, 0xff,
    0x27, 0xc9, 0xff, 0xff, 0x27, 0xc9, 0xff, 0xff,
    0x27, 0xc9, 0xff, 0xdf, 0x00, 0x00, 0x00, 0x00,
    0x00, 0x00, 0x00, 0x00, 0x27, 0xc9, 0xff, 0x40,
    0x27, 0xc9, 0xff, 0xff, 0x27, 0xc9, 0xff, 0xff,
    0x27, 0xc9, 0xff, 0xff, 0x27, 0xc9, 0xff, 0xff,
    0x27, 0xc9, 0xff, 0xff, 0x27, 0xc9, 0xff, 0xff,
    0x27, 0xc9, 0xff, 0xff, 0x27, 0xc9, 0xff, 0xff,
    0x27, 0xc9, 0xff, 0xff, 0x27, 0xc9, 0xff, 0xff,
    0x27, 0xc9, 0xff, 0xff, 0x27, 0xc9, 0xff, 0xff,
    0x27, 0xc9, 0xff, 0xff, 0x27, 0xc9, 0xff, 0xff,
    0x27, 0xc9, 0xff, 0xff, 0x27, 0xc9, 0xff, 0xff,
    0x27, 0xc9, 0xff, 0xff, 0x27, 0xc9, 0xff, 0xff,
    0x27, 0xc9, 0xff, 0xff, 0x27, 0xc9, 0xff, 0xff,
    0x27, 0xc9, 0xff, 0xff, 0x27, 0xc9, 0xff, 0xff,
    0x27, 0xc9, 0xff, 0xff, 0x27, 0xc9, 0xff, 0xff,
    0x27, 0xc9, 0xff, 0xff, 0x27, 0xc9, 0xff, 0xff,
    0x27, 0xc9, 0xff, 0xff, 0x27, 0xc9, 0xff, 0xff,
    0x27, 0xc9, 0xff, 0xff, 0x27, 0xc9, 0xff, 0xff,
    0x27, 0xc9, 0xff, 0xff, 0x27, 0xc9, 0xff, 0xff,
    0x27, 0xc9, 0xff, 0xff, 0x27, 0xc9, 0xff, 0xff,
    0x27, 0xc9, 0xff, 0xff, 0x27, 0xc9, 0xff, 0xff,
    0x27, 0xc9, 0xff, 0xff, 0x27, 0xc9, 0xff, 0xff,
    0x27, 0xc9, 0xff, 0xff, 0x27, 0xc9, 0xff, 0xff,
    0x27, 0xc9, 0xff, 0xff, 0x27, 0xc9, 0xff, 0xff,
    0x27, 0xc9, 0xff, 0xff, 0x27, 0xc9, 0xff, 0xff,
    0x27, 0xc9, 0xff, 0xff, 0x27, 0xc9, 0xff, 0xff,
    0x27, 0xc9, 0xff, 0xff, 0x27, 0xc9, 0xff, 0xff,
    0x27, 0xc9, 0xff, 0xff, 0x27, 0xc9, 0xff, 0xff,
    0x27, 0xc9, 0xff, 0xff, 0x27, 0xc9, 0xff, 0xff,
    0x27, 0xc9, 0xff, 0xff, 0x27, 0xc9, 0xff, 0xff,
    0x27, 0xc9, 0xff, 0xff, 0x27, 0xc9, 0xff, 0xff,
    0x27, 0xc9, 0xff, 0xff, 0x27, 0xc9, 0xff, 0xff,
    0x27, 0xc9, 0xff, 0xff, 0x27, 0xc9, 0xff, 0xff,
    0x27, 0xc9, 0xff, 0xff, 0x27, 0xc9, 0xff, 0xff,
    0x27, 0xc9, 0xff, 0xff, 0x27, 0xc9, 0xff, 0xff,
    0x27, 0xc9, 0xff, 0x40, 0x00, 0x00, 0x00, 0x00,
    0x00, 0x00, 0x00, 0x00, 0x00, 0x00, 0x00, 0x00,
    0x27, 0xc9, 0xff, 0x60, 0x27, 0xc9, 0xff, 0xff,
    0x27, 0xc9, 0xff, 0xff, 0x27, 0xc9, 0xff, 0xff,
    0x27, 0xc9, 0xff, 0xff, 0x27, 0xc9, 0xff, 0xff,
    0x27, 0xc9, 0xff, 0xff, 0x27, 0xc9, 0xff, 0xff,
    0x27, 0xc9, 0xff, 0xff, 0x27, 0xc9, 0xff, 0xff,
    0x27, 0xc9, 0xff, 0xff, 0x27, 0xc9, 0xff, 0xff,
    0x27, 0xc9, 0xff, 0xff, 0x27, 0xc9, 0xff, 0xff,
    0x27, 0xc9, 0xff, 0xff, 0x27, 0xc9, 0xff, 0xff,
    0x27, 0xc9, 0xff, 0xff, 0x27, 0xc9, 0xff, 0xff,
    0x27, 0xc9, 0xff, 0xff, 0x27, 0xc9, 0xff, 0xff,
    0x27, 0xc9, 0xff, 0xff, 0x27, 0xc9, 0xff, 0xff,
    0x27, 0xc9, 0xff, 0xff, 0x27, 0xc9, 0xff, 0xff,
    0x27, 0xc9, 0xff, 0xff, 0x27, 0xc9, 0xff, 0xff,
    0x27, 0xc9, 0xff, 0xff, 0x27, 0xc9, 0xff, 0xff,
    0x27, 0xc9, 0xff, 0xff, 0x27, 0xc9, 0xff, 0xff,
    0x27, 0xc9, 0xff, 0xff, 0x27, 0xc9, 0xff, 0xff,
    0x27, 0xc9, 0xff, 0xff, 0x27, 0xc9, 0xff, 0xff,
    0x27, 0xc9, 0xff, 0xff, 0x27, 0xc9, 0xff, 0xff,
    0x27, 0xc9, 0xff, 0xff, 0x27, 0xc9, 0xff, 0xff,
    0x27, 0xc9, 0xff, 0xff, 0x27, 0xc9, 0xff, 0xff,
    0x27, 0xc9, 0xff, 0xff, 0x27, 0xc9, 0xff, 0xff,
    0x27, 0xc9, 0xff, 0xff, 0x27, 0xc9, 0xff, 0xff,
    0x27, 0xc9, 0xff, 0xff, 0x27, 0xc9, 0xff, 0xff,
    0x27, 0xc9, 0xff, 0xff, 0x27, 0xc9, 0xff, 0xff,
    0x27, 0xc9, 0xff, 0xff, 0x27, 0xc9, 0xff, 0xff,
    0x27, 0xc9, 0xff, 0xff, 0x27, 0xc9, 0xff, 0xff,
    0x27, 0xc9, 0xff, 0xff, 0x27, 0xc9, 0xff, 0xff,
    0x27, 0xc9, 0xff, 0xff, 0x27, 0xc9, 0xff, 0xff,
    0x27, 0xc9, 0xff, 0xff, 0x27, 0xc9, 0xff, 0xff,
    0x27, 0xc9, 0xff, 0xff, 0x27, 0xc9, 0xff, 0xff,
    0x27, 0xc9, 0xff, 0xff, 0x27, 0xc9, 0xff, 0xff,
    0x27, 0xc9, 0xff, 0xff, 0x27, 0xc9, 0xff, 0x60,
    0x00, 0x00, 0x00, 0x00, 0x00, 0x00, 0x00, 0x00,
    0x00, 0x00, 0x00, 0x00, 0x00, 0x00, 0x00, 0x00,
    0x00, 0x00, 0x00, 0x00, 0x27, 0xc9, 0xff, 0x50,
    0x27, 0xc9, 0xff, 0xef, 0x27, 0xc9, 0xff, 0xff,
    0x27, 0xc9, 0xff, 0xff, 0x27, 0xc9, 0xff, 0xff,
    0x27, 0xc9, 0xff, 0xff, 0x27, 0xc9, 0xff, 0xff,
    0x27, 0xc9, 0xff, 0xff, 0x27, 0xc9, 0xff, 0xff,
    0x27, 0xc9, 0xff, 0xff, 0x27, 0xc9, 0xff, 0xff,
    0x27, 0xc9, 0xff, 0xff, 0x27, 0xc9, 0xff, 0xff,
    0x27, 0xc9, 0xff, 0xff, 0x27, 0xc9, 0xff, 0xff,
    0x27, 0xc9, 0xff, 0xff, 0x27, 0xc9, 0xff, 0xff,
    0x27, 0xc9, 0xff, 0xff, 0x27, 0xc9, 0xff, 0xff,
    0x27, 0xc9, 0xff, 0xff, 0x27, 0xc9, 0xff, 0xff,
    0x27, 0xc9, 0xff, 0xff, 0x27, 0xc9, 0xff, 0xff,
    0x27, 0xc9, 0xff, 0xff, 0x27, 0xc9, 0xff, 0xff,
    0x27, 0xc9, 0xff, 0xff, 0x27, 0xc9, 0xff, 0xff,
    0x27, 0xc9, 0xff, 0xff, 0x27, 0xc9, 0xff, 0xff,
    0x27, 0xc9, 0xff, 0xff, 0x27, 0xc9, 0xff, 0xff,
    0x27, 0xc9, 0xff, 0xff, 0x27, 0xc9, 0xff, 0xff,
    0x27, 0xc9, 0xff, 0xff, 0x27, 0xc9, 0xff, 0xff,
    0x27, 0xc9, 0xff, 0xff, 0x27, 0xc9, 0xff, 0xff,
    0x27, 0xc9, 0xff, 0xff, 0x27, 0xc9, 0xff, 0xff,
    0x27, 0xc9, 0xff, 0xff, 0x27, 0xc9, 0xff, 0xff,
    0x27, 0xc9, 0xff, 0xff, 0x27, 0xc9, 0xff, 0xff,
    0x27, 0xc9, 0xff, 0xff, 0x27, 0xc9, 0xff, 0xff,
    0x27, 0xc9, 0xff, 0xff, 0x27, 0xc9, 0xff, 0xff,
    0x27, 0xc9, 0xff, 0xff, 0x27, 0xc9, 0xff, 0xff,
    0x27, 0xc9, 0xff, 0xff, 0x27, 0xc9, 0xff, 0xff,
    0x27, 0xc9, 0xff, 0xff, 0x27, 0xc9, 0xff, 0xff,
    0x27, 0xc9, 0xff, 0xff, 0x27, 0xc9, 0xff, 0xff,
    0x27, 0xc9, 0xff, 0xff, 0x27, 0xc9, 0xff, 0xff,
    0x27, 0xc9, 0xff, 0xff, 0x27, 0xc9, 0xff, 0xff,
    0x27, 0xc9, 0xff, 0xff, 0x27, 0xc9, 0xff, 0xef,
    0x27, 0xc9, 0xff, 0x50, 0x00, 0x00, 0x00, 0x00,
    0x00, 0x00, 0x00, 0x00, 0x00, 0x00, 0x00, 0x00,
    0x00, 0x00, 0x00, 0x00, 0x00, 0x00, 0x00, 0x00,
    0x00, 0x00, 0x00, 0x00, 0x00, 0x00, 0x00, 0x00,
    0x27, 0xc9, 0xff, 0x10, 0x27, 0xc9, 0xff, 0x80,
    0x27, 0xc9, 0xff, 0xdf, 0x27, 0xc9, 0xff, 0xff,
    0x27, 0xc9, 0xff, 0xff, 0x27, 0xc9, 0xff, 0xff,
    0x27, 0xc9, 0xff, 0xff, 0x27, 0xc9, 0xff, 0xff,
    0x27, 0xc9, 0xff, 0xff, 0x27, 0xc9, 0xff, 0xff,
    0x27, 0xc9, 0xff, 0xff, 0x27, 0xc9, 0xff, 0xff,
    0x27, 0xc9, 0xff, 0xff, 0x27, 0xc9, 0xff, 0xff,
    0x27, 0xc9, 0xff, 0xff, 0x27, 0xc9, 0xff, 0xff,
    0x27, 0xc9, 0xff, 0xff, 0x27, 0xc9, 0xff, 0xff,
    0x27, 0xc9, 0xff, 0xff, 0x27, 0xc9, 0xff, 0xff,
    0x27, 0xc9, 0xff, 0xff, 0x27, 0xc9, 0xff, 0xff,
    0x27, 0xc9, 0xff, 0xff, 0x27, 0xc9, 0xff, 0xff,
    0x27, 0xc9, 0xff, 0xff, 0x27, 0xc9, 0xff, 0xff,
    0x27, 0xc9, 0xff, 0xff, 0x27, 0xc9, 0xff, 0xff,
    0x27, 0xc9, 0xff, 0xff, 0x27, 0xc9, 0xff, 0xff,
    0x27, 0xc9, 0xff, 0xff, 0x27, 0xc9, 0xff, 0xff,
    0x27, 0xc9, 0xff, 0xff, 0x27, 0xc9, 0xff, 0xff,
    0x27, 0xc9, 0xff, 0xff, 0x27, 0xc9, 0xff, 0xff,
    0x27, 0xc9, 0xff, 0xff, 0x27, 0xc9, 0xff, 0xff,
    0x27, 0xc9, 0xff, 0xff, 0x27, 0xc9, 0xff, 0xff,
    0x27, 0xc9, 0xff, 0xff, 0x27, 0xc9, 0xff, 0xff,
    0x27, 0xc9, 0xff, 0xff, 0x27, 0xc9, 0xff, 0xff,
    0x27, 0xc9, 0xff, 0xff, 0x27, 0xc9, 0xff, 0xff,
    0x27, 0xc9, 0xff, 0xff, 0x27, 0xc9, 0xff, 0xff,
    0x27, 0xc9, 0xff, 0xff, 0x27, 0xc9, 0xff, 0xff,
    0x27, 0xc9, 0xff, 0xff, 0x27, 0xc9, 0xff, 0xff,
    0x27, 0xc9, 0xff, 0xff, 0x27, 0xc9, 0xff, 0xff,
    0x27, 0xc9, 0xff, 0xff, 0x27, 0xc9, 0xff, 0xff,
    0x27, 0xc9, 0xff, 0xff, 0x27, 0xc9, 0xff, 0xdf,
    0x27, 0xc9, 0xff, 0x80, 0x27, 0xc9, 0xff, 0x10,
    0x00, 0x00, 0x00, 0x00, 0x00, 0x00, 0x00, 0x00,
    0x00, 0x00, 0x00, 0x00, 0x00, 0x00, 0x00, 0x00,
    0x00, 0x00, 0x00, 0x00, 0x00, 0x00, 0x00, 0x00,
    0x00, 0x00, 0x00, 0x00, 0x00, 0x00, 0x00, 0x00,
    0x00, 0x00, 0x00, 0x00, 0x00, 0x00, 0x00, 0x00,
    0x00, 0x00, 0x00, 0x00, 0x27, 0xc9, 0xff, 0x20,
    0x27, 0xc9, 0xff, 0x40, 0x27, 0xc9, 0xff, 0x40,
    0x27, 0xc9, 0xff, 0x40, 0x27, 0xc9, 0xff, 0x40,
    0x27, 0xc9, 0xff, 0x40, 0x27, 0xc9, 0xff, 0x40,
    0x27, 0xc9, 0xff, 0x40, 0x27, 0xc9, 0xff, 0x40,
    0x27, 0xc9, 0xff, 0x40, 0x27, 0xc9, 0xff, 0x40,
    0x27, 0xc9, 0xff, 0x40, 0x27, 0xc9, 0xff, 0x40,
    0x27, 0xc9, 0xff, 0x40, 0x27, 0xc9, 0xff, 0x40,
    0x27, 0xc9, 0xff, 0x40, 0x27, 0xc9, 0xff, 0x40,
    0x27, 0xc9, 0xff, 0x40, 0x27, 0xc9, 0xff, 0x40,
    0x27, 0xc9, 0xff, 0x40, 0x27, 0xc9, 0xff, 0x40,
    0x27, 0xc9, 0xff, 0x40, 0x27, 0xc9, 0xff, 0x40,
    0x27, 0xc9, 0xff, 0x40, 0x27, 0xc9, 0xff, 0x40,
    0x27, 0xc9, 0xff, 0x40, 0x27, 0xc9, 0xff, 0x40,
    0x27, 0xc9, 0xff, 0x40, 0x27, 0xc9, 0xff, 0x40,
    0x27, 0xc9, 0xff, 0x40, 0x27, 0xc9, 0xff, 0x40,
    0x27, 0xc9, 0xff, 0x40, 0x27, 0xc9, 0xff, 0x40,
    0x27, 0xc9, 0xff, 0x40, 0x27, 0xc9, 0xff, 0x40,
    0x27, 0xc9, 0xff, 0x40, 0x27, 0xc9, 0xff, 0x40,
    0x27, 0xc9, 0xff, 0x40, 0x27, 0xc9, 0xff, 0x40,
    0x27, 0xc9, 0xff, 0x40, 0x27, 0xc9, 0xff, 0x40,
    0x27, 0xc9, 0xff, 0x40, 0x27, 0xc9, 0xff, 0x40,
    0x27, 0xc9, 0xff, 0x40, 0x27, 0xc9, 0xff, 0x40,
    0x27, 0xc9, 0xff, 0x40, 0x27, 0xc9, 0xff, 0x40,
    0x27, 0xc9, 0xff, 0x40, 0x27, 0xc9, 0xff, 0x40,
    0x27, 0xc9, 0xff, 0x40, 0x27, 0xc9, 0xff, 0x40,
    0x27, 0xc9, 0xff, 0x40, 0x27, 0xc9, 0xff, 0x40,
    0x27, 0xc9, 0xff, 0x20, 0x00, 0x00, 0x00, 0x00,
    0x00, 0x00, 0x00, 0x00, 0x00, 0x00, 0x00, 0x00,
    0x00, 0x00, 0x00, 0x00, 0x00, 0x00, 0x00, 0x00,
    0x00, 0x00, 0x00, 0x00, 0x00, 0x00, 0x00, 0x00,
    0x00, 0x00, 0x00, 0x00, 0x00, 0x00, 0x00, 0x00,
    0x00, 0x00, 0x00, 0x00, 0x00, 0x00, 0x00, 0x00,
    0x00, 0x00, 0x00, 0x00, 0x00, 0x00, 0x00, 0x00,
    0x00, 0x00, 0x00, 0x00, 0x00, 0x00, 0x00, 0x00,
    0x00, 0x00, 0x00, 0x00, 0x00, 0x00, 0x00, 0x00,
    0x00, 0x00, 0x00, 0x00, 0x00, 0x00, 0x00, 0x00,
    0x00, 0x00, 0x00, 0x00, 0x00, 0x00, 0x00, 0x00,
    0x00, 0x00, 0x00, 0x00, 0x00, 0x00, 0x00, 0x00,
    0x00, 0x00, 0x00, 0x00, 0x00, 0x00, 0x00, 0x00,
    0x00, 0x00, 0x00, 0x00, 0x00, 0x00, 0x00, 0x00,
    0x00, 0x00, 0x00, 0x00, 0x00, 0x00, 0x00, 0x00,
    0x00, 0x00, 0x00, 0x00, 0x00, 0x00, 0x00, 0x00,
    0x00, 0x00, 0x00, 0x00, 0x00, 0x00, 0x00, 0x00,
    0x00, 0x00, 0x00, 0x00, 0x00, 0x00, 0x00, 0x00,
    0x00, 0x00, 0x00, 0x00, 0x00, 0x00, 0x00, 0x00,
    0x00, 0x00, 0x00, 0x00, 0x00, 0x00, 0x00, 0x00,
    0x00, 0x00, 0x00, 0x00, 0x00, 0x00, 0x00, 0x00,
    0x00, 0x00, 0x00, 0x00, 0x00, 0x00, 0x00, 0x00,
    0x00, 0x00, 0x00, 0x00, 0x00, 0x00, 0x00, 0x00,
    0x00, 0x00, 0x00, 0x00, 0x00, 0x00, 0x00, 0x00,
    0x00, 0x00, 0x00, 0x00, 0x00, 0x00, 0x00, 0x00,
    0x00, 0x00, 0x00, 0x00, 0x00, 0x00, 0x00, 0x00,
    0x00, 0x00, 0x00, 0x00, 0x00, 0x00, 0x00, 0x00,
    0x00, 0x00, 0x00, 0x00, 0x00, 0x00, 0x00, 0x00,
    0x00, 0x00, 0x00, 0x00, 0x00, 0x00, 0x00, 0x00,
    0x00, 0x00, 0x00, 0x00, 0x00, 0x00, 0x00, 0x00,
    0x00, 0x00, 0x00, 0x00, 0x00, 0x00, 0x00, 0x00,
    0x00, 0x00, 0x00, 0x00, 0x00, 0x00, 0x00, 0x00,
    0x00, 0x00, 0x00, 0x00, 0x00, 0x00, 0x00, 0x00,
    0x00, 0x00, 0x00, 0x00, 0x00, 0x00, 0x00, 0x00,
    0x00, 0x00, 0x00, 0x00, 0x00, 0x00, 0x00, 0x00,
    0x00, 0x00, 0x00, 0x00, 0x00, 0x00, 0x00, 0x00,
    0x00, 0x00, 0x00, 0x00, 0x00, 0x00, 0x00, 0x00,
    0x00, 0x00, 0x00, 0x00, 0x00, 0x00, 0x00, 0x00,
    0x00, 0x00, 0x00, 0x00, 0x00, 0x00, 0x00, 0x00,
    0x00, 0x00, 0x00, 0x00, 0x00, 0x00, 0x00, 0x00,
    0x00, 0x00, 0x00, 0x00, 0x00, 0x00, 0x00, 0x00,
    0x00, 0x00, 0x00, 0x00, 0x00, 0x00, 0x00, 0x00,
    0x00, 0x00, 0x00, 0x00, 0x00, 0x00, 0x00, 0x00,
    0x00, 0x00, 0x00, 0x00, 0x00, 0x00, 0x00, 0x00,
    0x00, 0x00, 0x00, 0x00, 0x00, 0x00, 0x00, 0x00,
    0x00, 0x00, 0x00, 0x00, 0x00, 0x00, 0x00, 0x00,
    0x00, 0x00, 0x00, 0x00, 0x00, 0x00, 0x00, 0x00,
    0x00, 0x00, 0x00, 0x00, 0x00, 0x00, 0x00, 0x00,
    0x00, 0x00, 0x00, 0x00, 0x00, 0x00, 0x00, 0x00,
    0x00, 0x00, 0x00, 0x00, 0x00, 0x00, 0x00, 0x00,
    0x00, 0x00, 0x00, 0x00, 0x00, 0x00, 0x00, 0x00,
    0x00, 0x00, 0x00, 0x00, 0x00, 0x00, 0x00, 0x00,
    0x00, 0x00, 0x00, 0x00, 0x00, 0x00, 0x00, 0x00,
    0x00, 0x00, 0x00, 0x00, 0x00, 0x00, 0x00, 0x00,
    0x00, 0x00, 0x00, 0x00, 0x00, 0x00, 0x00, 0x00,
    0x00, 0x00, 0x00, 0x00, 0x00, 0x00, 0x00, 0x00,
    0x00, 0x00, 0x00, 0x00, 0x00, 0x00, 0x00, 0x00,
    0x00, 0x00, 0x00, 0x00, 0x00, 0x00, 0x00, 0x00,
    0x00, 0x00, 0x00, 0x00, 0x00, 0x00, 0x00, 0x00,
    0x00, 0x00, 0x00, 0x00, 0x00, 0x00, 0x00, 0x00,
    0x00, 0x00, 0x00, 0x00, 0x00, 0x00, 0x00, 0x00,
    0x00, 0x00, 0x00, 0x00, 0x00, 0x00, 0x00, 0x00,
    0x00, 0x00, 0x00, 0x00, 0x00, 0x00, 0x00, 0x00,
    0x00, 0x00, 0x00, 0x00, 0x00, 0x00, 0x00, 0x00,
    0x00, 0x00, 0x00, 0x00, 0x00, 0x00, 0x00, 0x00,
    0x00, 0x00, 0x00, 0x00, 0x00, 0x00, 0x00, 0x00,
    0x00, 0x00, 0x00, 0x00, 0x00, 0x00, 0x00, 0x00,
    0x00, 0x00, 0x00, 0x00, 0x00, 0x00, 0x00, 0x00,
    0x00, 0x00, 0x00, 0x00, 0x00, 0x00, 0x00, 0x00,
    0x00, 0x00, 0x00, 0x00, 0x00, 0x00, 0x00, 0x00,
    0x00, 0x00, 0x00, 0x00, 0x00, 0x00, 0x00, 0x00,
    0x00, 0x00, 0x00, 0x00, 0x00, 0x00, 0x00, 0x00,
    0x00, 0x00, 0x00, 0x00, 0x00, 0x00, 0x00, 0x00,
    0x00, 0x00, 0x00, 0x00, 0x00, 0x00, 0x00, 0x00,
    0x00, 0x00, 0x00, 0x00, 0x00, 0x00, 0x00, 0x00,
    0x00, 0x00, 0x00, 0x00, 0x00, 0x00, 0x00, 0x00,
    0x00, 0x00, 0x00, 0x00, 0x00, 0x00, 0x00, 0x00,
    0x00, 0x00, 0x00, 0x00, 0x00, 0x00, 0x00, 0x00,
    0x00, 0x00, 0x00, 0x00, 0x00, 0x00, 0x00, 0x00,
    0x00, 0x00, 0x00, 0x00, 0x00, 0x00, 0x00, 0x00,
    0x00, 0x00, 0x00, 0x00, 0x00, 0x00, 0x00, 0x00,
    0x00, 0x00, 0x00, 0x00, 0x00, 0x00, 0x00, 0x00,
    0x00, 0x00, 0x00, 0x00, 0x00, 0x00, 0x00, 0x00,
    0x00, 0x00, 0x00, 0x00, 0x00, 0x00, 0x00, 0x00,
    0x00, 0x00, 0x00, 0x00, 0x00, 0x00, 0x00, 0x00,
    0x00, 0x00, 0x00, 0x00, 0x00, 0x00, 0x00, 0x00,
    0x00, 0x00, 0x00, 0x00, 0x00, 0x00, 0x00, 0x00,
    0x00, 0x00, 0x00, 0x00, 0x00, 0x00, 0x00, 0x00,
    0x00, 0x00, 0x00, 0x00, 0x00, 0x00, 0x00, 0x00,
    0x00, 0x00, 0x00, 0x00, 0x00, 0x00, 0x00, 0x00,
    0x00, 0x00, 0x00, 0x00, 0x00, 0x00, 0x00, 0x00,
    0x00, 0x00, 0x00, 0x00, 0x00, 0x00, 0x00, 0x00,
    0x00, 0x00, 0x00, 0x00, 0x00, 0x00, 0x00, 0x00,
    0x00, 0x00, 0x00, 0x00, 0x00, 0x00, 0x00, 0x00,
    0x00, 0x00, 0x00, 0x00, 0x00, 0x00, 0x00, 0x00,
    0x00, 0x00, 0x00, 0x00, 0x00, 0x00, 0x00, 0x00,
    0x00, 0x00, 0x00, 0x00, 0x00, 0x00, 0x00, 0x00,
    0x00, 0x00, 0x00, 0x00, 0x00, 0x00, 0x00, 0x00,
    0x00, 0x00, 0x00, 0x00, 0x00, 0x00, 0x00, 0x00,
    0x00, 0x00, 0x00, 0x00, 0x00, 0x00, 0x00, 0x00,
    0x00, 0x00, 0x00, 0x00, 0x00, 0x00, 0x00, 0x00,
    0x00, 0x00, 0x00, 0x00, 0x00, 0x00, 0x00, 0x00,
    0x00, 0x00, 0x00, 0x00, 0x00, 0x00, 0x00, 0x00,
    0x00, 0x00, 0x00, 0x00, 0x00, 0x00, 0x00, 0x00,
    0x00, 0x00, 0x00, 0x00, 0x00, 0x00, 0x00, 0x00,
    0x00, 0x00, 0x00, 0x00, 0x00, 0x00, 0x00, 0x00,
    0x00, 0x00, 0x00, 0x00, 0x00, 0x00, 0x00, 0x00,
    0x00, 0x00, 0x00, 0x00, 0x00, 0x00, 0x00, 0x00,
    0x00, 0x00, 0x00, 0x00, 0x00, 0x00, 0x00, 0x00,
    0x00, 0x00, 0x00, 0x00, 0x00, 0x00, 0x00, 0x00,
    0x00, 0x00, 0x00, 0x00, 0x00, 0x00, 0x00, 0x00,
    0x00, 0x00, 0x00, 0x00, 0x00, 0x00, 0x00, 0x00,
    0x00, 0x00, 0x00, 0x00, 0x00, 0x00, 0x00, 0x00,
    0x00, 0x00, 0x00, 0x00, 0x00, 0x00, 0x00, 0x00,
    0x00, 0x00, 0x00, 0x00, 0x00, 0x00, 0x00, 0x00,
    0x00, 0x00, 0x00, 0x00, 0x00, 0x00, 0x00, 0x00,
    0x00, 0x00, 0x00, 0x00, 0x00, 0x00, 0x00, 0x00,
    0x00, 0x00, 0x00, 0x00, 0x00, 0x00, 0x00, 0x00,
    0x00, 0x00, 0x00, 0x00, 0x00, 0x00, 0x00, 0x00,
    0x00, 0x00, 0x00, 0x00, 0x00, 0x00, 0x00, 0x00,
    0x00, 0x00, 0x00, 0x00, 0x00, 0x00, 0x00, 0x00,
    0x00, 0x00, 0x00, 0x00, 0x00, 0x00, 0x00, 0x00,
    0x00, 0x00, 0x00, 0x00, 0x00, 0x00, 0x00, 0x00,
    0x00, 0x00, 0x00, 0x00, 0x00, 0x00, 0x00, 0x00,
    0x00, 0x00, 0x00, 0x00, 0x00, 0x00, 0x00, 0x00,
    0x00, 0x00, 0x00, 0x00, 0x00, 0x00, 0x00, 0x00,
    0x00, 0x00, 0x00, 0x00, 0x00, 0x00, 0x00, 0x00,
    0x00, 0x00, 0x00, 0x00, 0x00, 0x00, 0x00, 0x00,
    0x00, 0x00, 0x00, 0x00, 0x00, 0x00, 0x00, 0x00,
    0x00, 0x00, 0x00, 0x00, 0x00, 0x00, 0x00, 0x00,
    0x00, 0x00, 0x00, 0x00, 0x00, 0x00, 0x00, 0x00,
    0x00, 0x00, 0x00, 0x00, 0x00, 0x00, 0x00, 0x00,
    0x00, 0x00, 0x00, 0x00, 0x00, 0x00, 0x00, 0x00,
    0x00, 0x00, 0x00, 0x00, 0x00, 0x00, 0x00, 0x00,
    0x00, 0x00, 0x00, 0x00, 0x00, 0x00, 0x00, 0x00,
    0x00, 0x00, 0x00, 0x00, 0x00, 0x00, 0x00, 0x00,
    0x00, 0x00, 0x00, 0x00, 0x00, 0x00, 0x00, 0x00,
    0x00, 0x00, 0x00, 0x00, 0x00, 0x00, 0x00, 0x00,
    0x00, 0x00, 0x00, 0x00, 0x00, 0x00, 0x00, 0x00,
    0x00, 0x00, 0x00, 0x00, 0x00, 0x00, 0x00, 0x00,
    0x00, 0x00, 0x00, 0x00, 0x00, 0x00, 0x00, 0x00,
    0x00, 0x00, 0x00, 0x00, 0x00, 0x00, 0x00, 0x00,
    0x00, 0x00, 0x00, 0x00, 0x00, 0x00, 0x00, 0x00,
    0x00, 0x00, 0x00, 0x00, 0x00, 0x00, 0x00, 0x00,
    0x00, 0x00, 0x00, 0x00, 0x00, 0x00, 0x00, 0x00,
    0x00, 0x00, 0x00, 0x00, 0x00, 0x00, 0x00, 0x00,
    0x00, 0x00, 0x00, 0x00, 0x00, 0x00, 0x00, 0x00,
    0x00, 0x00, 0x00, 0x00, 0x00, 0x00, 0x00, 0x00,
    0x00, 0x00, 0x00, 0x00, 0x00, 0x00, 0x00, 0x00,
    0x00, 0x00, 0x00, 0x00, 0x00, 0x00, 0x00, 0x00,
    0x00, 0x00, 0x00, 0x00, 0x00, 0x00, 0x00, 0x00,
    0x00, 0x00, 0x00, 0x00, 0x00, 0x00, 0x00, 0x00,
    0x00, 0x00, 0x00, 0x00, 0x00, 0x00, 0x00, 0x00,
    0x00, 0x00, 0x00, 0x00, 0x00, 0x00, 0x00, 0x00,
    0x00, 0x00, 0x00, 0x00, 0x00, 0x00, 0x00, 0x00,
    0x00, 0x00, 0x00, 0x00, 0x00, 0x00, 0x00, 0x00,
    0x00, 0x00, 0x00, 0x00, 0x00, 0x00, 0x00, 0x00,
    0x00, 0x00, 0x00, 0x00, 0x00, 0x00, 0x00, 0x00,
    0x00, 0x00, 0x00, 0x00, 0x00, 0x00, 0x00, 0x00,
    0x00, 0x00, 0x00, 0x00, 0x00, 0x00, 0x00, 0x00,
    0x00, 0x00, 0x00, 0x00, 0x00, 0x00, 0x00, 0x00,
    0x00, 0x00, 0x00, 0x00, 0x00, 0x00, 0x00, 0x00,
    0x00, 0x00, 0x00, 0x00, 0x00, 0x00, 0x00, 0x00,
    0x00, 0x00, 0x00, 0x00, 0x00, 0x00, 0x00, 0x00,
    0x00, 0x00, 0x00, 0x00, 0x00, 0x00, 0x00, 0x00,
    0x00, 0x00, 0x00, 0x00, 0x00, 0x00, 0x00, 0x00,
    0x00, 0x00, 0x00, 0x00, 0x00, 0x00, 0x00, 0x00,
    0x00, 0x00, 0x00, 0x00, 0x00, 0x00, 0x00, 0x00,
    0x00, 0x00, 0x00, 0x00, 0x00, 0x00, 0x00, 0x00,
    0x00, 0x00, 0x00, 0x00, 0x00, 0x00, 0x00, 0x00,
    0x00, 0x00, 0x00, 0x00, 0x00, 0x00, 0x00, 0x00,
    0x00, 0x00, 0x00, 0x00, 0x00, 0x00, 0x00, 0x00,
    0x00, 0x00, 0x00, 0x00, 0x00, 0x00, 0x00, 0x00,
    0x00, 0x00, 0x00, 0x00, 0x00, 0x00, 0x00, 0x00,
    0x00, 0x00, 0x00, 0x00, 0x00, 0x00, 0x00, 0x00,
    0x00, 0x00, 0x00, 0x00, 0x00, 0x00, 0x00, 0x00,
    0x00, 0x00, 0x00, 0x00, 0x00, 0x00, 0x00, 0x00,
    0x00, 0x00, 0x00, 0x00, 0x00, 0x00, 0x00, 0x00,
    0x00, 0x00, 0x00, 0x00, 0x00, 0x00, 0x00, 0x00,
    0x00, 0x00, 0x00, 0x00, 0x00, 0x00, 0x00, 0x00,
    0x00, 0x00, 0x00, 0x00, 0x00, 0x00, 0x00, 0x00,
    0x00, 0x00, 0x00, 0x00, 0x00, 0x00, 0x00, 0x00,
    0x00, 0x00, 0x00, 0x00, 0x00, 0x00, 0x00, 0x00,
    0x00, 0x00, 0x00, 0x00, 0x00, 0x00, 0x00, 0x00,
    0x00, 0x00, 0x00, 0x00, 0x00, 0x00, 0x00, 0x00,
    0x00, 0x00, 0x00, 0x00, 0x00, 0x00, 0x00, 0x00,
    0x00, 0x00, 0x00, 0x00, 0x00, 0x00, 0x00, 0x00,
    0x00, 0x00, 0x00, 0x00, 0x00, 0x00, 0x00, 0x00,
    0x00, 0x00, 0x00, 0x00, 0x00, 0x00, 0x00, 0x00,
    0x00, 0x00, 0x00, 0x00, 0x00, 0x00, 0x00, 0x00,
    0x00, 0x00, 0x00, 0x00, 0x00, 0x00, 0x00, 0x00,
    0x00, 0x00, 0x00, 0x00, 0x00, 0x00, 0x00, 0x00,
    0x00, 0x00, 0x00, 0x00, 0x00, 0x00, 0x00, 0x00,
    0x00, 0x00, 0x00, 0x00, 0x00, 0x00, 0x00, 0x00,
    0x00, 0x00, 0x00, 0x00, 0x00, 0x00, 0x00, 0x00,
    0x00, 0x00, 0x00, 0x00, 0x00, 0x00, 0x00, 0x00,
    0x00, 0x00, 0x00, 0x00, 0x00, 0x00, 0x00, 0x00,
    0x00, 0x00, 0x00, 0x00, 0x00, 0x00, 0x00, 0x00,
    0x00, 0x00, 0x00, 0x00, 0x00, 0x00, 0x00, 0x00,
    0x00, 0x00, 0x00, 0x00, 0x00, 0x00, 0x00, 0x00,
    0x00, 0x00, 0x00, 0x00, 0x00, 0x00, 0x00, 0x00,
    0x00, 0x00, 0x00, 0x00, 0x00, 0x00, 0x00, 0x00,
    0x00, 0x00, 0x00, 0x00, 0x00, 0x00, 0x00, 0x00,
    0x00, 0x00, 0x00, 0x00, 0x00, 0x00, 0x00, 0x00,
    0x00, 0x00, 0x00, 0x00, 0x00, 0x00, 0x00, 0x00,
    0x00, 0x00, 0x00, 0x00, 0x00, 0x00, 0x00, 0x00,
    0x00, 0x00, 0x00, 0x00, 0x00, 0x00, 0x00, 0x00,
    0x00, 0x00, 0x00, 0x00, 0x00, 0x00, 0x00, 0x00,
};

const lv_image_dsc_t files_inner_icon_68x68 = {
    .header.magic = LV_IMAGE_HEADER_MAGIC,
    .header.cf = LV_COLOR_FORMAT_ARGB8888,
    .header.flags = 0,
    .header.w = 68,
    .header.h = 68,
    .header.stride = 272,
    .data_size = sizeof(files_inner_icon_68x68_map),
    .data = files_inner_icon_68x68_map,
};
