/*
 * @Description: 射频应用 68×68 像素 LVGL 图标资源
 * @Author: LILYGO_L
 * @Date: 2026-05-11 00:54:36
 * @LastEditTime: 2026-07-14 21:08:13
 * @License: GPL 3.0
 */
#include "lvgl.h"

#ifndef LV_ATTRIBUTE_MEM_ALIGN
#define LV_ATTRIBUTE_MEM_ALIGN
#endif

#ifndef LV_ATTRIBUTE_IMAGE_RADIO_INNER_ICON_68X68
#define LV_ATTRIBUTE_IMAGE_RADIO_INNER_ICON_68X68
#endif

static const LV_ATTRIBUTE_MEM_ALIGN LV_ATTRIBUTE_LARGE_CONST
    LV_ATTRIBUTE_IMAGE_RADIO_INNER_ICON_68X68 uint8_t
    radio_inner_icon_68x68_map[] = {
    0x00, 0x00, 0x00, 0x00, 0x00, 0x00, 0x00, 0x00,
    0x00, 0x00, 0x00, 0x00, 0x00, 0x00, 0x00, 0x00,
    0x00, 0x00, 0x00, 0x00, 0x00, 0x00, 0x00, 0x00,
    0x00, 0x00, 0x00, 0x00, 0x00, 0x00, 0x00, 0x00,
    0x00, 0x00, 0x00, 0x00, 0x00, 0x00, 0x00, 0x00,
    0x00, 0x00, 0x00, 0x00, 0x00, 0x00, 0x00, 0x00,
    0x00, 0x00, 0x00, 0x00, 0x00, 0x00, 0x00, 0x00,
    0x00, 0x00, 0x00, 0x00, 0x00, 0x00, 0x00, 0x00,
    0x00, 0x00, 0x00, 0x00, 0x00, 0x00, 0x00, 0x00,
    0x00, 0x00, 0x00, 0x00, 0x00, 0x00, 0x00, 0x00,
    0x00, 0x00, 0x00, 0x00, 0x00, 0x00, 0x00, 0x00,
    0x00, 0x00, 0x00, 0x00, 0x00, 0x00, 0x00, 0x00,
    0x00, 0x00, 0x00, 0x00, 0x00, 0x00, 0x00, 0x00,
    0x00, 0x00, 0x00, 0x00, 0x00, 0x00, 0x00, 0x00,
    0x00, 0x00, 0x00, 0x00, 0x00, 0x00, 0x00, 0x00,
    0x00, 0x00, 0x00, 0x00, 0x00, 0x00, 0x00, 0x00,
    0x00, 0x00, 0x00, 0x00, 0x00, 0x00, 0x00, 0x00,
    0x00, 0x00, 0x00, 0x00, 0x00, 0x00, 0x00, 0x00,
    0x00, 0x00, 0x00, 0x00, 0x00, 0x00, 0x00, 0x00,
    0x00, 0x00, 0x00, 0x00, 0x00, 0x00, 0x00, 0x00,
    0x00, 0x00, 0x00, 0x00, 0x00, 0x00, 0x00, 0x00,
    0x00, 0x00, 0x00, 0x00, 0x00, 0x00, 0x00, 0x00,
    0x00, 0x00, 0x00, 0x00, 0x00, 0x00, 0x00, 0x00,
    0x00, 0x00, 0x00, 0x00, 0x00, 0x00, 0x00, 0x00,
    0x00, 0x00, 0x00, 0x00, 0x00, 0x00, 0x00, 0x00,
    0x00, 0x00, 0x00, 0x00, 0x00, 0x00, 0x00, 0x00,
    0x00, 0x00, 0x00, 0x00, 0x00, 0x00, 0x00, 0x00,
    0x00, 0x00, 0x00, 0x00, 0x00, 0x00, 0x00, 0x00,
    0x00, 0x00, 0x00, 0x00, 0x00, 0x00, 0x00, 0x00,
    0x00, 0x00, 0x00, 0x00, 0x00, 0x00, 0x00, 0x00,
    0x00, 0x00, 0x00, 0x00, 0x00, 0x00, 0x00, 0x00,
    0x00, 0x00, 0x00, 0x00, 0x00, 0x00, 0x00, 0x00,
    0x00, 0x00, 0x00, 0x00, 0x00, 0x00, 0x00, 0x00,
    0x00, 0x00, 0x00, 0x00, 0x00, 0x00, 0x00, 0x00,
    0x00, 0x00, 0x00, 0x00, 0x00, 0x00, 0x00, 0x00,
    0x00, 0x00, 0x00, 0x00, 0x00, 0x00, 0x00, 0x00,
    0x00, 0x00, 0x00, 0x00, 0x00, 0x00, 0x00, 0x00,
    0x00, 0x00, 0x00, 0x00, 0x00, 0x00, 0x00, 0x00,
    0x00, 0x00, 0x00, 0x00, 0x00, 0x00, 0x00, 0x00,
    0x00, 0x00, 0x00, 0x00, 0x00, 0x00, 0x00, 0x00,
    0x00, 0x00, 0x00, 0x00, 0x00, 0x00, 0x00, 0x00,
    0x00, 0x00, 0x00, 0x00, 0x00, 0x00, 0x00, 0x00,
    0x00, 0x00, 0x00, 0x00, 0x00, 0x00, 0x00, 0x00,
    0x00, 0x00, 0x00, 0x00, 0x00, 0x00, 0x00, 0x00,
    0x00, 0x00, 0x00, 0x00, 0x00, 0x00, 0x00, 0x00,
    0x00, 0x00, 0x00, 0x00, 0x00, 0x00, 0x00, 0x00,
    0x00, 0x00, 0x00, 0x00, 0x00, 0x00, 0x00, 0x00,
    0x00, 0x00, 0x00, 0x00, 0x00, 0x00, 0x00, 0x00,
    0x00, 0x00, 0x00, 0x00, 0x00, 0x00, 0x00, 0x00,
    0x00, 0x00, 0x00, 0x00, 0x00, 0x00, 0x00, 0x00,
    0x00, 0x00, 0x00, 0x00, 0x00, 0x00, 0x00, 0x00,
    0x00, 0x00, 0x00, 0x00, 0x00, 0x00, 0x00, 0x00,
    0x00, 0x00, 0x00, 0x00, 0x00, 0x00, 0x00, 0x00,
    0x00, 0x00, 0x00, 0x00, 0x00, 0x00, 0x00, 0x00,
    0x00, 0x00, 0x00, 0x00, 0x00, 0x00, 0x00, 0x00,
    0x00, 0x00, 0x00, 0x00, 0x00, 0x00, 0x00, 0x00,
    0x00, 0x00, 0x00, 0x00, 0x00, 0x00, 0x00, 0x00,
    0x00, 0x00, 0x00, 0x00, 0x00, 0x00, 0x00, 0x00,
    0x00, 0x00, 0x00, 0x00, 0x00, 0x00, 0x00, 0x00,
    0x00, 0x00, 0x00, 0x00, 0x00, 0x00, 0x00, 0x00,
    0x00, 0x00, 0x00, 0x00, 0x00, 0x00, 0x00, 0x00,
    0x00, 0x00, 0x00, 0x00, 0x00, 0x00, 0x00, 0x00,
    0x00, 0x00, 0x00, 0x00, 0x00, 0x00, 0x00, 0x00,
    0x00, 0x00, 0x00, 0x00, 0x00, 0x00, 0x00, 0x00,
    0x00, 0x00, 0x00, 0x00, 0x00, 0x00, 0x00, 0x00,
    0x00, 0x00, 0x00, 0x00, 0x00, 0x00, 0x00, 0x00,
    0x00, 0x00, 0x00, 0x00, 0x00, 0x00, 0x00, 0x00,
    0x00, 0x00, 0x00, 0x00, 0x00, 0x00, 0x00, 0x00,
    0x00, 0x00, 0x00, 0x00, 0x00, 0x00, 0x00, 0x00,
    0x00, 0x00, 0x00, 0x00, 0x00, 0x00, 0x00, 0x00,
    0x00, 0x00, 0x00, 0x00, 0x00, 0x00, 0x00, 0x00,
    0x00, 0x00, 0x00, 0x00, 0x00, 0x00, 0x00, 0x00,
    0x00, 0x00, 0x00, 0x00, 0x00, 0x00, 0x00, 0x00,
    0x00, 0x00, 0x00, 0x00, 0x00, 0x00, 0x00, 0x00,
    0x00, 0x00, 0x00, 0x00, 0x00, 0x00, 0x00, 0x00,
    0x00, 0x00, 0x00, 0x00, 0x00, 0x00, 0x00, 0x00,
    0x00, 0x00, 0x00, 0x00, 0x00, 0x00, 0x00, 0x00,
    0x00, 0x00, 0x00, 0x00, 0x00, 0x00, 0x00, 0x00,
    0x00, 0x00, 0x00, 0x00, 0x00, 0x00, 0x00, 0x00,
    0x00, 0x00, 0x00, 0x00, 0x00, 0x00, 0x00, 0x00,
    0x00, 0x00, 0x00, 0x00, 0x00, 0x00, 0x00, 0x00,
    0x00, 0x00, 0x00, 0x00, 0x00, 0x00, 0x00, 0x00,
    0x00, 0x00, 0x00, 0x00, 0x00, 0x00, 0x00, 0x00,
    0x00, 0x00, 0x00, 0x00, 0x00, 0x00, 0x00, 0x00,
    0x00, 0x00, 0x00, 0x00, 0x00, 0x00, 0x00, 0x00,
    0x00, 0x00, 0x00, 0x00, 0x00, 0x00, 0x00, 0x00,
    0x00, 0x00, 0x00, 0x00, 0x00, 0x00, 0x00, 0x00,
    0x00, 0x00, 0x00, 0x00, 0x00, 0x00, 0x00, 0x00,
    0x00, 0x00, 0x00, 0x00, 0x00, 0x00, 0x00, 0x00,
    0x00, 0x00, 0x00, 0x00, 0x00, 0x00, 0x00, 0x00,
    0x00, 0x00, 0x00, 0x00, 0x00, 0x00, 0x00, 0x00,
    0x00, 0x00, 0x00, 0x00, 0x00, 0x00, 0x00, 0x00,
    0x00, 0x00, 0x00, 0x00, 0x00, 0x00, 0x00, 0x00,
    0x00, 0x00, 0x00, 0x00, 0x00, 0x00, 0x00, 0x00,
    0x00, 0x00, 0x00, 0x00, 0x00, 0x00, 0x00, 0x00,
    0x00, 0x00, 0x00, 0x00, 0x00, 0x00, 0x00, 0x00,
    0x00, 0x00, 0x00, 0x00, 0x00, 0x00, 0x00, 0x00,
    0x00, 0x00, 0x00, 0x00, 0x00, 0x00, 0x00, 0x00,
    0x00, 0x00, 0x00, 0x00, 0x00, 0x00, 0x00, 0x00,
    0x00, 0x00, 0x00, 0x00, 0x00, 0x00, 0x00, 0x00,
    0x00, 0x00, 0x00, 0x00, 0x00, 0x00, 0x00, 0x00,
    0x00, 0x00, 0x00, 0x00, 0x00, 0x00, 0x00, 0x00,
    0x00, 0x00, 0x00, 0x00, 0x00, 0x00, 0x00, 0x00,
    0x00, 0x00, 0x00, 0x00, 0x00, 0x00, 0x00, 0x00,
    0x00, 0x00, 0x00, 0x00, 0x00, 0x00, 0x00, 0x00,
    0x00, 0x00, 0x00, 0x00, 0x00, 0x00, 0x00, 0x00,
    0x00, 0x00, 0x00, 0x00, 0x00, 0x00, 0x00, 0x00,
    0x00, 0x00, 0x00, 0x00, 0x00, 0x00, 0x00, 0x00,
    0x00, 0x00, 0x00, 0x00, 0x00, 0x00, 0x00, 0x00,
    0x00, 0x00, 0x00, 0x00, 0x00, 0x00, 0x00, 0x00,
    0x00, 0x00, 0x00, 0x00, 0x00, 0x00, 0x00, 0x00,
    0x00, 0x00, 0x00, 0x00, 0x00, 0x00, 0x00, 0x00,
    0x00, 0x00, 0x00, 0x00, 0x00, 0x00, 0x00, 0x00,
    0x00, 0x00, 0x00, 0x00, 0x00, 0x00, 0x00, 0x00,
    0x00, 0x00, 0x00, 0x00, 0x00, 0x00, 0x00, 0x00,
    0x00, 0x00, 0x00, 0x00, 0x00, 0x00, 0x00, 0x00,
    0xff, 0xe0, 0xe6, 0x30, 0xff, 0xe0, 0xe6, 0x40,
    0xff, 0xe0, 0xe6, 0x50, 0xff, 0xe0, 0xe6, 0x80,
    0xff, 0xe0, 0xe6, 0x80, 0xff, 0xe0, 0xe6, 0x80,
    0xff, 0xe0, 0xe6, 0x60, 0xff, 0xe0, 0xe6, 0x40,
    0xff, 0xe0, 0xe6, 0x40, 0x00, 0x00, 0x00, 0x00,
    0x00, 0x00, 0x00, 0x00, 0x00, 0x00, 0x00, 0x00,
    0x00, 0x00, 0x00, 0x00, 0x00, 0x00, 0x00, 0x00,
    0x00, 0x00, 0x00, 0x00, 0x00, 0x00, 0x00, 0x00,
    0x00, 0x00, 0x00, 0x00, 0x00, 0x00, 0x00, 0x00,
    0x00, 0x00, 0x00, 0x00, 0x00, 0x00, 0x00, 0x00,
    0x00, 0x00, 0x00, 0x00, 0x00, 0x00, 0x00, 0x00,
    0x00, 0x00, 0x00, 0x00, 0x00, 0x00, 0x00, 0x00,
    0x00, 0x00, 0x00, 0x00, 0x00, 0x00, 0x00, 0x00,
    0x00, 0x00, 0x00, 0x00, 0x00, 0x00, 0x00, 0x00,
    0x00, 0x00, 0x00, 0x00, 0x00, 0x00, 0x00, 0x00,
    0x00, 0x00, 0x00, 0x00, 0x00, 0x00, 0x00, 0x00,
    0x00, 0x00, 0x00, 0x00, 0x00, 0x00, 0x00, 0x00,
    0x00, 0x00, 0x00, 0x00, 0x00, 0x00, 0x00, 0x00,
    0x00, 0x00, 0x00, 0x00, 0x00, 0x00, 0x00, 0x00,
    0x00, 0x00, 0x00, 0x00, 0x00, 0x00, 0x00, 0x00,
    0x00, 0x00, 0x00, 0x00, 0x00, 0x00, 0x00, 0x00,
    0x00, 0x00, 0x00, 0x00, 0x00, 0x00, 0x00, 0x00,
    0x00, 0x00, 0x00, 0x00, 0x00, 0x00, 0x00, 0x00,
    0x00, 0x00, 0x00, 0x00, 0x00, 0x00, 0x00, 0x00,
    0x00, 0x00, 0x00, 0x00, 0x00, 0x00, 0x00, 0x00,
    0x00, 0x00, 0x00, 0x00, 0x00, 0x00, 0x00, 0x00,
    0x00, 0x00, 0x00, 0x00, 0x00, 0x00, 0x00, 0x00,
    0x00, 0x00, 0x00, 0x00, 0x00, 0x00, 0x00, 0x00,
    0x00, 0x00, 0x00, 0x00, 0x00, 0x00, 0x00, 0x00,
    0x00, 0x00, 0x00, 0x00, 0x00, 0x00, 0x00, 0x00,
    0x00, 0x00, 0x00, 0x00, 0x00, 0x00, 0x00, 0x00,
    0x00, 0x00, 0x00, 0x00, 0x00, 0x00, 0x00, 0x00,
    0xff, 0xe0, 0xe6, 0x20, 0xff, 0xe0, 0xe6, 0x70,
    0xff, 0xe0, 0xe6, 0xbf, 0xff, 0xe0, 0xe6, 0xff,
    0xff, 0xe0, 0xe6, 0xff, 0xff, 0xe0, 0xe6, 0xff,
    0xff, 0xe0, 0xe6, 0xff, 0xff, 0xe0, 0xe6, 0xff,
    0xff, 0xe0, 0xe6, 0xff, 0xff, 0xe0, 0xe6, 0xff,
    0xff, 0xe0, 0xe6, 0xff, 0xff, 0xe0, 0xe6, 0xff,
    0xff, 0xe0, 0xe6, 0xff, 0xff, 0xe0, 0xe6, 0xff,
    0xff, 0xe0, 0xe6, 0xcf, 0xff, 0xe0, 0xe6, 0x80,
    0xff, 0xe0, 0xe6, 0x30, 0x00, 0x00, 0x00, 0x00,
    0x00, 0x00, 0x00, 0x00, 0x00, 0x00, 0x00, 0x00,
    0x00, 0x00, 0x00, 0x00, 0x00, 0x00, 0x00, 0x00,
    0x00, 0x00, 0x00, 0x00, 0x00, 0x00, 0x00, 0x00,
    0x00, 0x00, 0x00, 0x00, 0x00, 0x00, 0x00, 0x00,
    0x00, 0x00, 0x00, 0x00, 0x00, 0x00, 0x00, 0x00,
    0x00, 0x00, 0x00, 0x00, 0x00, 0x00, 0x00, 0x00,
    0x00, 0x00, 0x00, 0x00, 0x00, 0x00, 0x00, 0x00,
    0x00, 0x00, 0x00, 0x00, 0x00, 0x00, 0x00, 0x00,
    0x00, 0x00, 0x00, 0x00, 0x00, 0x00, 0x00, 0x00,
    0x00, 0x00, 0x00, 0x00, 0x00, 0x00, 0x00, 0x00,
    0x00, 0x00, 0x00, 0x00, 0x00, 0x00, 0x00, 0x00,
    0x00, 0x00, 0x00, 0x00, 0x00, 0x00, 0x00, 0x00,
    0x00, 0x00, 0x00, 0x00, 0x00, 0x00, 0x00, 0x00,
    0x00, 0x00, 0x00, 0x00, 0x00, 0x00, 0x00, 0x00,
    0x00, 0x00, 0x00, 0x00, 0x00, 0x00, 0x00, 0x00,
    0x00, 0x00, 0x00, 0x00, 0x00, 0x00, 0x00, 0x00,
    0x00, 0x00, 0x00, 0x00, 0x00, 0x00, 0x00, 0x00,
    0x00, 0x00, 0x00, 0x00, 0x00, 0x00, 0x00, 0x00,
    0x00, 0x00, 0x00, 0x00, 0x00, 0x00, 0x00, 0x00,
    0x00, 0x00, 0x00, 0x00, 0x00, 0x00, 0x00, 0x00,
    0x00, 0x00, 0x00, 0x00, 0x00, 0x00, 0x00, 0x00,
    0x00, 0x00, 0x00, 0x00, 0x00, 0x00, 0x00, 0x00,
    0x00, 0x00, 0x00, 0x00, 0x00, 0x00, 0x00, 0x00,
    0x00, 0x00, 0x00, 0x00, 0xff, 0xe0, 0xe6, 0x10,
    0xff, 0xe0, 0xe6, 0x80, 0xff, 0xe0, 0xe6, 0xdf,
    0xff, 0xe0, 0xe6, 0xff, 0xff, 0xe0, 0xe6, 0xff,
    0xff, 0xe0, 0xe6, 0xff, 0xff, 0xe0, 0xe6, 0xff,
    0xff, 0xe0, 0xe6, 0xff, 0xff, 0xe0, 0xe6, 0xff,
    0xff, 0xe0, 0xe6, 0xff, 0xff, 0xe0, 0xe6, 0xff,
    0xff, 0xe0, 0xe6, 0xff, 0xff, 0xe0, 0xe6, 0xff,
    0xff, 0xe0, 0xe6, 0xff, 0xff, 0xe0, 0xe6, 0xff,
    0xff, 0xe0, 0xe6, 0xff, 0xff, 0xe0, 0xe6, 0xff,
    0xff, 0xe0, 0xe6, 0xff, 0xff, 0xe0, 0xe6, 0xff,
    0xff, 0xe0, 0xe6, 0xff, 0xff, 0xe0, 0xe6, 0xdf,
    0xff, 0xe0, 0xe6, 0x8f, 0xff, 0xe0, 0xe6, 0x20,
    0x00, 0x00, 0x00, 0x00, 0x00, 0x00, 0x00, 0x00,
    0x00, 0x00, 0x00, 0x00, 0x00, 0x00, 0x00, 0x00,
    0x00, 0x00, 0x00, 0x00, 0x00, 0x00, 0x00, 0x00,
    0x00, 0x00, 0x00, 0x00, 0x00, 0x00, 0x00, 0x00,
    0x00, 0x00, 0x00, 0x00, 0x00, 0x00, 0x00, 0x00,
    0x00, 0x00, 0x00, 0x00, 0x00, 0x00, 0x00, 0x00,
    0x00, 0x00, 0x00, 0x00, 0x00, 0x00, 0x00, 0x00,
    0x00, 0x00, 0x00, 0x00, 0x00, 0x00, 0x00, 0x00,
    0x00, 0x00, 0x00, 0x00, 0x00, 0x00, 0x00, 0x00,
    0x00, 0x00, 0x00, 0x00, 0x00, 0x00, 0x00, 0x00,
    0x00, 0x00, 0x00, 0x00, 0x00, 0x00, 0x00, 0x00,
    0x00, 0x00, 0x00, 0x00, 0x00, 0x00, 0x00, 0x00,
    0x00, 0x00, 0x00, 0x00, 0x00, 0x00, 0x00, 0x00,
    0x00, 0x00, 0x00, 0x00, 0x00, 0x00, 0x00, 0x00,
    0x00, 0x00, 0x00, 0x00, 0x00, 0x00, 0x00, 0x00,
    0x00, 0x00, 0x00, 0x00, 0x00, 0x00, 0x00, 0x00,
    0x00, 0x00, 0x00, 0x00, 0x00, 0x00, 0x00, 0x00,
    0x00, 0x00, 0x00, 0x00, 0x00, 0x00, 0x00, 0x00,
    0x00, 0x00, 0x00, 0x00, 0x00, 0x00, 0x00, 0x00,
    0x00, 0x00, 0x00, 0x00, 0x00, 0x00, 0x00, 0x00,
    0x00, 0x00, 0x00, 0x00, 0x00, 0x00, 0x00, 0x00,
    0x00, 0x00, 0x00, 0x00, 0x00, 0x00, 0x00, 0x00,
    0xff, 0xe0, 0xe6, 0x70, 0xff, 0xe0, 0xe6, 0xef,
    0xff, 0xe0, 0xe6, 0xff, 0xff, 0xe0, 0xe6, 0xff,
    0xff, 0xe0, 0xe6, 0xff, 0xff, 0xe0, 0xe6, 0xff,
    0xff, 0xe0, 0xe6, 0xff, 0xff, 0xe0, 0xe6, 0xff,
    0xff, 0xe0, 0xe6, 0xff, 0xff, 0xe0, 0xe6, 0xff,
    0xff, 0xe0, 0xe6, 0xff, 0xff, 0xe0, 0xe6, 0xff,
    0xff, 0xe0, 0xe6, 0xff, 0xff, 0xe0, 0xe6, 0xff,
    0xff, 0xe0, 0xe6, 0xff, 0xff, 0xe0, 0xe6, 0xff,
    0xff, 0xe0, 0xe6, 0xff, 0xff, 0xe0, 0xe6, 0xff,
    0xff, 0xe0, 0xe6, 0xff, 0xff, 0xe0, 0xe6, 0xff,
    0xff, 0xe0, 0xe6, 0xff, 0xff, 0xe0, 0xe6, 0xff,
    0xff, 0xe0, 0xe6, 0xff, 0xff, 0xe0, 0xe6, 0xef,
    0xff, 0xe0, 0xe6, 0x80, 0xff, 0xe0, 0xe6, 0x10,
    0x00, 0x00, 0x00, 0x00, 0x00, 0x00, 0x00, 0x00,
    0x00, 0x00, 0x00, 0x00, 0x00, 0x00, 0x00, 0x00,
    0x00, 0x00, 0x00, 0x00, 0x00, 0x00, 0x00, 0x00,
    0x00, 0x00, 0x00, 0x00, 0x00, 0x00, 0x00, 0x00,
    0x00, 0x00, 0x00, 0x00, 0x00, 0x00, 0x00, 0x00,
    0x00, 0x00, 0x00, 0x00, 0x00, 0x00, 0x00, 0x00,
    0x00, 0x00, 0x00, 0x00, 0x00, 0x00, 0x00, 0x00,
    0x00, 0x00, 0x00, 0x00, 0x00, 0x00, 0x00, 0x00,
    0x00, 0x00, 0x00, 0x00, 0x00, 0x00, 0x00, 0x00,
    0x00, 0x00, 0x00, 0x00, 0x00, 0x00, 0x00, 0x00,
    0x00, 0x00, 0x00, 0x00, 0x00, 0x00, 0x00, 0x00,
    0x00, 0x00, 0x00, 0x00, 0x00, 0x00, 0x00, 0x00,
    0x00, 0x00, 0x00, 0x00, 0x00, 0x00, 0x00, 0x00,
    0x00, 0x00, 0x00, 0x00, 0x00, 0x00, 0x00, 0x00,
    0x00, 0x00, 0x00, 0x00, 0x00, 0x00, 0x00, 0x00,
    0x00, 0x00, 0x00, 0x00, 0x00, 0x00, 0x00, 0x00,
    0x00, 0x00, 0x00, 0x00, 0x00, 0x00, 0x00, 0x00,
    0x00, 0x00, 0x00, 0x00, 0x00, 0x00, 0x00, 0x00,
    0x00, 0x00, 0x00, 0x00, 0x00, 0x00, 0x00, 0x00,
    0x00, 0x00, 0x00, 0x00, 0x00, 0x00, 0x00, 0x00,
    0xff, 0xe0, 0xe6, 0x60, 0xff, 0xe0, 0xe6, 0xdf,
    0xff, 0xe0, 0xe6, 0xff, 0xff, 0xe0, 0xe6, 0xff,
    0xff, 0xe0, 0xe6, 0xff, 0xff, 0xe0, 0xe6, 0xff,
    0xff, 0xe0, 0xe6, 0xff, 0xff, 0xe0, 0xe6, 0xff,
    0xff, 0xe0, 0xe6, 0xff, 0xff, 0xe0, 0xe6, 0xff,
    0xff, 0xe0, 0xe6, 0xff, 0xff, 0xe0, 0xe6, 0xff,
    0xff, 0xe0, 0xe6, 0xff, 0xff, 0xe0, 0xe6, 0xff,
    0xff, 0xe0, 0xe6, 0xff, 0xff, 0xe0, 0xe6, 0xff,
    0xff, 0xe0, 0xe6, 0xff, 0xff, 0xe0, 0xe6, 0xff,
    0xff, 0xe0, 0xe6, 0xff, 0xff, 0xe0, 0xe6, 0xff,
    0xff, 0xe0, 0xe6, 0xff, 0xff, 0xe0, 0xe6, 0xff,
    0xff, 0xe0, 0xe6, 0xff, 0xff, 0xe0, 0xe6, 0xff,
    0xff, 0xe0, 0xe6, 0xff, 0xff, 0xe0, 0xe6, 0xff,
    0xff, 0xe0, 0xe6, 0xff, 0xff, 0xe0, 0xe6, 0xef,
    0xff, 0xe0, 0xe6, 0x80, 0x00, 0x00, 0x00, 0x00,
    0x00, 0x00, 0x00, 0x00, 0x00, 0x00, 0x00, 0x00,
    0x00, 0x00, 0x00, 0x00, 0x00, 0x00, 0x00, 0x00,
    0x00, 0x00, 0x00, 0x00, 0x00, 0x00, 0x00, 0x00,
    0x00, 0x00, 0x00, 0x00, 0x00, 0x00, 0x00, 0x00,
    0x00, 0x00, 0x00, 0x00, 0x00, 0x00, 0x00, 0x00,
    0x00, 0x00, 0x00, 0x00, 0x00, 0x00, 0x00, 0x00,
    0x00, 0x00, 0x00, 0x00, 0x00, 0x00, 0x00, 0x00,
    0x00, 0x00, 0x00, 0x00, 0x00, 0x00, 0x00, 0x00,
    0x00, 0x00, 0x00, 0x00, 0x00, 0x00, 0x00, 0x00,
    0x00, 0x00, 0x00, 0x00, 0x00, 0x00, 0x00, 0x00,
    0x00, 0x00, 0x00, 0x00, 0x00, 0x00, 0x00, 0x00,
    0x00, 0x00, 0x00, 0x00, 0x00, 0x00, 0x00, 0x00,
    0x00, 0x00, 0x00, 0x00, 0x00, 0x00, 0x00, 0x00,
    0x00, 0x00, 0x00, 0x00, 0x00, 0x00, 0x00, 0x00,
    0x00, 0x00, 0x00, 0x00, 0x00, 0x00, 0x00, 0x00,
    0x00, 0x00, 0x00, 0x00, 0x00, 0x00, 0x00, 0x00,
    0x00, 0x00, 0x00, 0x00, 0x00, 0x00, 0x00, 0x00,
    0x00, 0x00, 0x00, 0x00, 0x00, 0x00, 0x00, 0x00,
    0xff, 0xe0, 0xe6, 0x10, 0xff, 0xe0, 0xe6, 0x9f,
    0xff, 0xe0, 0xe6, 0xff, 0xff, 0xe0, 0xe6, 0xff,
    0xff, 0xe0, 0xe6, 0xff, 0xff, 0xe0, 0xe6, 0xff,
    0xff, 0xe0, 0xe6, 0xff, 0xff, 0xe0, 0xe6, 0xff,
    0xff, 0xe0, 0xe6, 0xff, 0xff, 0xe0, 0xe6, 0xff,
    0xff, 0xe0, 0xe6, 0xff, 0xff, 0xe0, 0xe6, 0xff,
    0xff, 0xe0, 0xe6, 0xff, 0xff, 0xe0, 0xe6, 0xff,
    0xff, 0xe0, 0xe6, 0xff, 0xff, 0xe0, 0xe6, 0xcf,
    0xff, 0xe0, 0xe6, 0xbf, 0xff, 0xe0, 0xe6, 0xbf,
    0xff, 0xe0, 0xe6, 0xff, 0xff, 0xe0, 0xe6, 0xff,
    0xff, 0xe0, 0xe6, 0xff, 0xff, 0xe0, 0xe6, 0xff,
    0xff, 0xe0, 0xe6, 0xff, 0xff, 0xe0, 0xe6, 0xff,
    0xff, 0xe0, 0xe6, 0xff, 0xff, 0xe0, 0xe6, 0xff,
    0xff, 0xe0, 0xe6, 0xff, 0xff, 0xe0, 0xe6, 0xff,
    0xff, 0xe0, 0xe6, 0xff, 0xff, 0xe0, 0xe6, 0xff,
    0xff, 0xe0, 0xe6, 0xff, 0xff, 0xe0, 0xe6, 0xcf,
    0xff, 0xe0, 0xe6, 0x10, 0x00, 0x00, 0x00, 0x00,
    0x00, 0x00, 0x00, 0x00, 0x00, 0x00, 0x00, 0x00,
    0x00, 0x00, 0x00, 0x00, 0x00, 0x00, 0x00, 0x00,
    0x00, 0x00, 0x00, 0x00, 0x00, 0x00, 0x00, 0x00,
    0x00, 0x00, 0x00, 0x00, 0x00, 0x00, 0x00, 0x00,
    0x00, 0x00, 0x00, 0x00, 0x00, 0x00, 0x00, 0x00,
    0x00, 0x00, 0x00, 0x00, 0x00, 0x00, 0x00, 0x00,
    0x00, 0x00, 0x00, 0x00, 0x00, 0x00, 0x00, 0x00,
    0x00, 0x00, 0x00, 0x00, 0x00, 0x00, 0x00, 0x00,
    0x00, 0x00, 0x00, 0x00, 0x00, 0x00, 0x00, 0x00,
    0x00, 0x00, 0x00, 0x00, 0x00, 0x00, 0x00, 0x00,
    0x00, 0x00, 0x00, 0x00, 0x00, 0x00, 0x00, 0x00,
    0x00, 0x00, 0x00, 0x00, 0x00, 0x00, 0x00, 0x00,
    0x00, 0x00, 0x00, 0x00, 0x00, 0x00, 0x00, 0x00,
    0x00, 0x00, 0x00, 0x00, 0x00, 0x00, 0x00, 0x00,
    0x00, 0x00, 0x00, 0x00, 0x00, 0x00, 0x00, 0x00,
    0x00, 0x00, 0x00, 0x00, 0x00, 0x00, 0x00, 0x00,
    0x00, 0x00, 0x00, 0x00, 0xff, 0xe0, 0xe6, 0x10,
    0xff, 0xe0, 0xe6, 0xcf, 0xff, 0xe0, 0xe6, 0xff,
    0xff, 0xe0, 0xe6, 0xff, 0xff, 0xe0, 0xe6, 0xff,
    0xff, 0xe0, 0xe6, 0xff, 0xff, 0xe0, 0xe6, 0xff,
    0xff, 0xe0, 0xe6, 0xff, 0xff, 0xe0, 0xe6, 0xff,
    0xff, 0xe0, 0xe6, 0xff, 0xff, 0xe0, 0xe6, 0xff,
    0xff, 0xe0, 0xe6, 0xbf, 0xff, 0xe0, 0xe6, 0x70,
    0xff, 0xe0, 0xe6, 0x30, 0x00, 0x00, 0x00, 0x00,
    0x00, 0x00, 0x00, 0x00, 0x00, 0x00, 0x00, 0x00,
    0x00, 0x00, 0x00, 0x00, 0x00, 0x00, 0x00, 0x00,
    0x00, 0x00, 0x00, 0x00, 0x00, 0x00, 0x00, 0x00,
    0xff, 0xe0, 0xe6, 0x20, 0xff, 0xe0, 0xe6, 0x60,
    0xff, 0xe0, 0xe6, 0xaf, 0xff, 0xe0, 0xe6, 0xff,
    0xff, 0xe0, 0xe6, 0xff, 0xff, 0xe0, 0xe6, 0xff,
    0xff, 0xe0, 0xe6, 0xff, 0xff, 0xe0, 0xe6, 0xff,
    0xff, 0xe0, 0xe6, 0xff, 0xff, 0xe0, 0xe6, 0xff,
    0xff, 0xe0, 0xe6, 0xff, 0xff, 0xe0, 0xe6, 0xff,
    0xff, 0xe0, 0xe6, 0xdf, 0xff, 0xe0, 0xe6, 0x30,
    0x00, 0x00, 0x00, 0x00, 0x00, 0x00, 0x00, 0x00,
    0x00, 0x00, 0x00, 0x00, 0x00, 0x00, 0x00, 0x00,
    0x00, 0x00, 0x00, 0x00, 0x00, 0x00, 0x00, 0x00,
    0x00, 0x00, 0x00, 0x00, 0x00, 0x00, 0x00, 0x00,
    0x00, 0x00, 0x00, 0x00, 0x00, 0x00, 0x00, 0x00,
    0x00, 0x00, 0x00, 0x00, 0x00, 0x00, 0x00, 0x00,
    0x00, 0x00, 0x00, 0x00, 0x00, 0x00, 0x00, 0x00,
    0x00, 0x00, 0x00, 0x00, 0x00, 0x00, 0x00, 0x00,
    0x00, 0x00, 0x00, 0x00, 0x00, 0x00, 0x00, 0x00,
    0x00, 0x00, 0x00, 0x00, 0x00, 0x00, 0x00, 0x00,
    0x00, 0x00, 0x00, 0x00, 0x00, 0x00, 0x00, 0x00,
    0x00, 0x00, 0x00, 0x00, 0x00, 0x00, 0x00, 0x00,
    0x00, 0x00, 0x00, 0x00, 0x00, 0x00, 0x00, 0x00,
    0x00, 0x00, 0x00, 0x00, 0x00, 0x00, 0x00, 0x00,
    0x00, 0x00, 0x00, 0x00, 0x00, 0x00, 0x00, 0x00,
    0x00, 0x00, 0x00, 0x00, 0x00, 0x00, 0x00, 0x00,
    0xff, 0xe0, 0xe6, 0x30, 0xff, 0xe0, 0xe6, 0xef,
    0xff, 0xe0, 0xe6, 0xff, 0xff, 0xe0, 0xe6, 0xff,
    0xff, 0xe0, 0xe6, 0xff, 0xff, 0xe0, 0xe6, 0xff,
    0xff, 0xe0, 0xe6, 0xff, 0xff, 0xe0, 0xe6, 0xff,
    0xff, 0xe0, 0xe6, 0xff, 0xff, 0xe0, 0xe6, 0xdf,
    0xff, 0xe0, 0xe6, 0x60, 0xff, 0xe0, 0xe6, 0x10,
    0x00, 0x00, 0x00, 0x00, 0x00, 0x00, 0x00, 0x00,
    0x00, 0x00, 0x00, 0x00, 0x00, 0x00, 0x00, 0x00,
    0x00, 0x00, 0x00, 0x00, 0x00, 0x00, 0x00, 0x00,
    0x00, 0x00, 0x00, 0x00, 0x00, 0x00, 0x00, 0x00,
    0x00, 0x00, 0x00, 0x00, 0x00, 0x00, 0x00, 0x00,
    0x00, 0x00, 0x00, 0x00, 0x00, 0x00, 0x00, 0x00,
    0x00, 0x00, 0x00, 0x00, 0x00, 0x00, 0x00, 0x00,
    0xff, 0xe0, 0xe6, 0x50, 0xff, 0xe0, 0xe6, 0xdf,
    0xff, 0xe0, 0xe6, 0xff, 0xff, 0xe0, 0xe6, 0xff,
    0xff, 0xe0, 0xe6, 0xff, 0xff, 0xe0, 0xe6, 0xff,
    0xff, 0xe0, 0xe6, 0xff, 0xff, 0xe0, 0xe6, 0xff,
    0xff, 0xe0, 0xe6, 0xff, 0xff, 0xe0, 0xe6, 0xef,
    0xff, 0xe0, 0xe6, 0x60, 0x00, 0x00, 0x00, 0x00,
    0x00, 0x00, 0x00, 0x00, 0x00, 0x00, 0x00, 0x00,
    0x00, 0x00, 0x00, 0x00, 0x00, 0x00, 0x00, 0x00,
    0x00, 0x00, 0x00, 0x00, 0x00, 0x00, 0x00, 0x00,
    0x00, 0x00, 0x00, 0x00, 0x00, 0x00, 0x00, 0x00,
    0x00, 0x00, 0x00, 0x00, 0x00, 0x00, 0x00, 0x00,
    0x00, 0x00, 0x00, 0x00, 0x00, 0x00, 0x00, 0x00,
    0x00, 0x00, 0x00, 0x00, 0x00, 0x00, 0x00, 0x00,
    0x00, 0x00, 0x00, 0x00, 0x00, 0x00, 0x00, 0x00,
    0x00, 0x00, 0x00, 0x00, 0x00, 0x00, 0x00, 0x00,
    0x00, 0x00, 0x00, 0x00, 0x00, 0x00, 0x00, 0x00,
    0x00, 0x00, 0x00, 0x00, 0x00, 0x00, 0x00, 0x00,
    0x00, 0x00, 0x00, 0x00, 0x00, 0x00, 0x00, 0x00,
    0x00, 0x00, 0x00, 0x00, 0x00, 0x00, 0x00, 0x00,
    0x00, 0x00, 0x00, 0x00, 0x00, 0x00, 0x00, 0x00,
    0x00, 0x00, 0x00, 0x00, 0xff, 0xe0, 0xe6, 0x30,
    0xff, 0xe0, 0xe6, 0xef, 0xff, 0xe0, 0xe6, 0xff,
    0xff, 0xe0, 0xe6, 0xff, 0xff, 0xe0, 0xe6, 0xff,
    0xff, 0xe0, 0xe6, 0xff, 0xff, 0xe0, 0xe6, 0xff,
    0xff, 0xe0, 0xe6, 0xff, 0xff, 0xe0, 0xe6, 0xef,
    0xff, 0xe0, 0xe6, 0x80, 0xff, 0xe0, 0xe6, 0x10,
    0x00, 0x00, 0x00, 0x00, 0x00, 0x00, 0x00, 0x00,
    0x00, 0x00, 0x00, 0x00, 0x00, 0x00, 0x00, 0x00,
    0x00, 0x00, 0x00, 0x00, 0x00, 0x00, 0x00, 0x00,
    0x00, 0x00, 0x00, 0x00, 0x00, 0x00, 0x00, 0x00,
    0x00, 0x00, 0x00, 0x00, 0x00, 0x00, 0x00, 0x00,
    0x00, 0x00, 0x00, 0x00, 0x00, 0x00, 0x00, 0x00,
    0x00, 0x00, 0x00, 0x00, 0x00, 0x00, 0x00, 0x00,
    0x00, 0x00, 0x00, 0x00, 0x00, 0x00, 0x00, 0x00,
    0x00, 0x00, 0x00, 0x00, 0x00, 0x00, 0x00, 0x00,
    0xff, 0xe0, 0xe6, 0x60, 0xff, 0xe0, 0xe6, 0xdf,
    0xff, 0xe0, 0xe6, 0xff, 0xff, 0xe0, 0xe6, 0xff,
    0xff, 0xe0, 0xe6, 0xff, 0xff, 0xe0, 0xe6, 0xff,
    0xff, 0xe0, 0xe6, 0xff, 0xff, 0xe0, 0xe6, 0xff,
    0xff, 0xe0, 0xe6, 0xff, 0xff, 0xe0, 0xe6, 0x60,
    0x00, 0x00, 0x00, 0x00, 0x00, 0x00, 0x00, 0x00,
    0x00, 0x00, 0x00, 0x00, 0x00, 0x00, 0x00, 0x00,
    0x00, 0x00, 0x00, 0x00, 0x00, 0x00, 0x00, 0x00,
    0x00, 0x00, 0x00, 0x00, 0x00, 0x00, 0x00, 0x00,
    0x00, 0x00, 0x00, 0x00, 0x00, 0x00, 0x00, 0x00,
    0x00, 0x00, 0x00, 0x00, 0x00, 0x00, 0x00, 0x00,
    0x00, 0x00, 0x00, 0x00, 0x00, 0x00, 0x00, 0x00,
    0x00, 0x00, 0x00, 0x00, 0x00, 0x00, 0x00, 0x00,
    0x00, 0x00, 0x00, 0x00, 0x00, 0x00, 0x00, 0x00,
    0x00, 0x00, 0x00, 0x00, 0x00, 0x00, 0x00, 0x00,
    0x00, 0x00, 0x00, 0x00, 0x00, 0x00, 0x00, 0x00,
    0x00, 0x00, 0x00, 0x00, 0x00, 0x00, 0x00, 0x00,
    0x00, 0x00, 0x00, 0x00, 0x00, 0x00, 0x00, 0x00,
    0x00, 0x00, 0x00, 0x00, 0x00, 0x00, 0x00, 0x00,
    0xff, 0xe0, 0xe6, 0x10, 0xff, 0xe0, 0xe6, 0xef,
    0xff, 0xe0, 0xe6, 0xff, 0xff, 0xe0, 0xe6, 0xff,
    0xff, 0xe0, 0xe6, 0xff, 0xff, 0xe0, 0xe6, 0xff,
    0xff, 0xe0, 0xe6, 0xff, 0xff, 0xe0, 0xe6, 0xff,
    0xff, 0xe0, 0xe6, 0xaf, 0xff, 0xe0, 0xe6, 0x10,
    0x00, 0x00, 0x00, 0x00, 0x00, 0x00, 0x00, 0x00,
    0x00, 0x00, 0x00, 0x00, 0x00, 0x00, 0x00, 0x00,
    0x00, 0x00, 0x00, 0x00, 0x00, 0x00, 0x00, 0x00,
    0x00, 0x00, 0x00, 0x00, 0x00, 0x00, 0x00, 0x00,
    0x00, 0x00, 0x00, 0x00, 0x00, 0x00, 0x00, 0x00,
    0x00, 0x00, 0x00, 0x00, 0x00, 0x00, 0x00, 0x00,
    0x00, 0x00, 0x00, 0x00, 0x00, 0x00, 0x00, 0x00,
    0x00, 0x00, 0x00, 0x00, 0x00, 0x00, 0x00, 0x00,
    0x00, 0x00, 0x00, 0x00, 0x00, 0x00, 0x00, 0x00,
    0x00, 0x00, 0x00, 0x00, 0x00, 0x00, 0x00, 0x00,
    0x00, 0x00, 0x00, 0x00, 0x00, 0x00, 0x00, 0x00,
    0xff, 0xe0, 0xe6, 0x8f, 0xff, 0xe0, 0xe6, 0xff,
    0xff, 0xe0, 0xe6, 0xff, 0xff, 0xe0, 0xe6, 0xff,
    0xff, 0xe0, 0xe6, 0xff, 0xff, 0xe0, 0xe6, 0xff,
    0xff, 0xe0, 0xe6, 0xff, 0xff, 0xe0, 0xe6, 0xef,
    0xff, 0xe0, 0xe6, 0x30, 0x00, 0x00, 0x00, 0x00,
    0x00, 0x00, 0x00, 0x00, 0x00, 0x00, 0x00, 0x00,
    0x00, 0x00, 0x00, 0x00, 0x00, 0x00, 0x00, 0x00,
    0x00, 0x00, 0x00, 0x00, 0x00, 0x00, 0x00, 0x00,
    0x00, 0x00, 0x00, 0x00, 0x00, 0x00, 0x00, 0x00,
    0x00, 0x00, 0x00, 0x00, 0x00, 0x00, 0x00, 0x00,
    0x00, 0x00, 0x00, 0x00, 0x00, 0x00, 0x00, 0x00,
    0x00, 0x00, 0x00, 0x00, 0x00, 0x00, 0x00, 0x00,
    0x00, 0x00, 0x00, 0x00, 0x00, 0x00, 0x00, 0x00,
    0x00, 0x00, 0x00, 0x00, 0x00, 0x00, 0x00, 0x00,
    0x00, 0x00, 0x00, 0x00, 0x00, 0x00, 0x00, 0x00,
    0x00, 0x00, 0x00, 0x00, 0x00, 0x00, 0x00, 0x00,
    0x00, 0x00, 0x00, 0x00, 0x00, 0x00, 0x00, 0x00,
    0x00, 0x00, 0x00, 0x00, 0xff, 0xe0, 0xe6, 0x10,
    0xff, 0xe0, 0xe6, 0xcf, 0xff, 0xe0, 0xe6, 0xff,
    0xff, 0xe0, 0xe6, 0xff, 0xff, 0xe0, 0xe6, 0xff,
    0xff, 0xe0, 0xe6, 0xff, 0xff, 0xe0, 0xe6, 0xff,
    0xff, 0xe0, 0xe6, 0xff, 0xff, 0xe0, 0xe6, 0x80,
    0x00, 0x00, 0x00, 0x00, 0x00, 0x00, 0x00, 0x00,
    0x00, 0x00, 0x00, 0x00, 0x00, 0x00, 0x00, 0x00,
    0x00, 0x00, 0x00, 0x00, 0x00, 0x00, 0x00, 0x00,
    0x00, 0x00, 0x00, 0x00, 0x00, 0x00, 0x00, 0x00,
    0x7d, 0x42, 0x49, 0x10, 0x7d, 0x42, 0x49, 0x40,
    0x7d, 0x42, 0x49, 0x70, 0x7d, 0x42, 0x49, 0x80,
    0x7d, 0x42, 0x49, 0x80, 0x7d, 0x42, 0x49, 0x80,
    0x7d, 0x42, 0x49, 0x80, 0x7d, 0x42, 0x49, 0x40,
    0x7d, 0x42, 0x49, 0x10, 0x00, 0x00, 0x00, 0x00,
    0x00, 0x00, 0x00, 0x00, 0x00, 0x00, 0x00, 0x00,
    0x00, 0x00, 0x00, 0x00, 0x00, 0x00, 0x00, 0x00,
    0x00, 0x00, 0x00, 0x00, 0x00, 0x00, 0x00, 0x00,
    0x00, 0x00, 0x00, 0x00, 0xff, 0xe0, 0xe6, 0x60,
    0xff, 0xe0, 0xe6, 0xff, 0xff, 0xe0, 0xe6, 0xff,
    0xff, 0xe0, 0xe6, 0xff, 0xff, 0xe0, 0xe6, 0xff,
    0xff, 0xe0, 0xe6, 0xff, 0xff, 0xe0, 0xe6, 0xff,
    0xff, 0xe0, 0xe6, 0xef, 0xff, 0xe0, 0xe6, 0x10,
    0x00, 0x00, 0x00, 0x00, 0x00, 0x00, 0x00, 0x00,
    0x00, 0x00, 0x00, 0x00, 0x00, 0x00, 0x00, 0x00,
    0x00, 0x00, 0x00, 0x00, 0x00, 0x00, 0x00, 0x00,
    0x00, 0x00, 0x00, 0x00, 0x00, 0x00, 0x00, 0x00,
    0x00, 0x00, 0x00, 0x00, 0x00, 0x00, 0x00, 0x00,
    0x00, 0x00, 0x00, 0x00, 0x00, 0x00, 0x00, 0x00,
    0x00, 0x00, 0x00, 0x00, 0x00, 0x00, 0x00, 0x00,
    0x00, 0x00, 0x00, 0x00, 0x00, 0x00, 0x00, 0x00,
    0x00, 0x00, 0x00, 0x00, 0x00, 0x00, 0x00, 0x00,
    0x00, 0x00, 0x00, 0x00, 0x00, 0x00, 0x00, 0x00,
    0x00, 0x00, 0x00, 0x00, 0x00, 0x00, 0x00, 0x00,
    0x00, 0x00, 0x00, 0x00, 0x00, 0x00, 0x00, 0x00,
    0x00, 0x00, 0x00, 0x00, 0xff, 0xe0, 0xe6, 0x9f,
    0xff, 0xe0, 0xe6, 0xff, 0xff, 0xe0, 0xe6, 0xff,
    0xff, 0xe0, 0xe6, 0xff, 0xff, 0xe0, 0xe6, 0xff,
    0xff, 0xe0, 0xe6, 0xff, 0xff, 0xe0, 0xe6, 0xef,
    0xff, 0xe0, 0xe6, 0x60, 0x00, 0x00, 0x00, 0x00,
    0x00, 0x00, 0x00, 0x00, 0x00, 0x00, 0x00, 0x00,
    0x00, 0x00, 0x00, 0x00, 0x00, 0x00, 0x00, 0x00,
    0x00, 0x00, 0x00, 0x00, 0x7d, 0x42, 0x49, 0x10,
    0x7d, 0x42, 0x49, 0x60, 0x7d, 0x42, 0x49, 0xbf,
    0x7d, 0x42, 0x49, 0xff, 0x7d, 0x42, 0x49, 0xff,
    0x7d, 0x42, 0x49, 0xff, 0x7d, 0x42, 0x49, 0xff,
    0x7d, 0x42, 0x49, 0xff, 0x7d, 0x42, 0x49, 0xff,
    0x7d, 0x42, 0x49, 0xff, 0x7d, 0x42, 0x49, 0xff,
    0x7d, 0x42, 0x49, 0xff, 0x7d, 0x42, 0x49, 0xdf,
    0x7d, 0x42, 0x49, 0x70, 0x7d, 0x42, 0x49, 0x10,
    0x00, 0x00, 0x00, 0x00, 0x00, 0x00, 0x00, 0x00,
    0x00, 0x00, 0x00, 0x00, 0x00, 0x00, 0x00, 0x00,
    0x00, 0x00, 0x00, 0x00, 0x00, 0x00, 0x00, 0x00,
    0xff, 0xe0, 0xe6, 0x30, 0xff, 0xe0, 0xe6, 0xef,
    0xff, 0xe0, 0xe6, 0xff, 0xff, 0xe0, 0xe6, 0xff,
    0xff, 0xe0, 0xe6, 0xff, 0xff, 0xe0, 0xe6, 0xff,
    0xff, 0xe0, 0xe6, 0xff, 0xff, 0xe0, 0xe6, 0xcf,
    0x00, 0x00, 0x00, 0x00, 0x00, 0x00, 0x00, 0x00,
    0x00, 0x00, 0x00, 0x00, 0x00, 0x00, 0x00, 0x00,
    0x00, 0x00, 0x00, 0x00, 0x00, 0x00, 0x00, 0x00,
    0x00, 0x00, 0x00, 0x00, 0x00, 0x00, 0x00, 0x00,
    0x00, 0x00, 0x00, 0x00, 0x00, 0x00, 0x00, 0x00,
    0x00, 0x00, 0x00, 0x00, 0x00, 0x00, 0x00, 0x00,
    0x00, 0x00, 0x00, 0x00, 0x00, 0x00, 0x00, 0x00,
    0x00, 0x00, 0x00, 0x00, 0x00, 0x00, 0x00, 0x00,
    0x00, 0x00, 0x00, 0x00, 0x00, 0x00, 0x00, 0x00,
    0x00, 0x00, 0x00, 0x00, 0x00, 0x00, 0x00, 0x00,
    0x00, 0x00, 0x00, 0x00, 0x00, 0x00, 0x00, 0x00,
    0x00, 0x00, 0x00, 0x00, 0x00, 0x00, 0x00, 0x00,
    0xff, 0xe0, 0xe6, 0x50, 0xff, 0xe0, 0xe6, 0xff,
    0xff, 0xe0, 0xe6, 0xff, 0xff, 0xe0, 0xe6, 0xff,
    0xff, 0xe0, 0xe6, 0xff, 0xff, 0xe0, 0xe6, 0xff,
    0xff, 0xe0, 0xe6, 0xff, 0xff, 0xe0, 0xe6, 0x60,
    0x00, 0x00, 0x00, 0x00, 0x00, 0x00, 0x00, 0x00,
    0x00, 0x00, 0x00, 0x00, 0x00, 0x00, 0x00, 0x00,
    0x00, 0x00, 0x00, 0x00, 0x00, 0x00, 0x00, 0x00,
    0x7d, 0x42, 0x49, 0x70, 0x7d, 0x42, 0x49, 0xef,
    0x7d, 0x42, 0x49, 0xff, 0x7d, 0x42, 0x49, 0xff,
    0x7d, 0x42, 0x49, 0xff, 0x7d, 0x42, 0x49, 0xff,
    0x7d, 0x42, 0x49, 0xff, 0x7d, 0x42, 0x49, 0xff,
    0x7d, 0x42, 0x49, 0xff, 0x7d, 0x42, 0x49, 0xff,
    0x7d, 0x42, 0x49, 0xff, 0x7d, 0x42, 0x49, 0xff,
    0x7d, 0x42, 0x49, 0xff, 0x7d, 0x42, 0x49, 0xff,
    0x7d, 0x42, 0x49, 0xff, 0x7d, 0x42, 0x49, 0xff,
    0x7d, 0x42, 0x49, 0x8f, 0x7d, 0x42, 0x49, 0x10,
    0x00, 0x00, 0x00, 0x00, 0x00, 0x00, 0x00, 0x00,
    0x00, 0x00, 0x00, 0x00, 0x00, 0x00, 0x00, 0x00,
    0x00, 0x00, 0x00, 0x00, 0xff, 0xe0, 0xe6, 0x30,
    0xff, 0xe0, 0xe6, 0xff, 0xff, 0xe0, 0xe6, 0xff,
    0xff, 0xe0, 0xe6, 0xff, 0xff, 0xe0, 0xe6, 0xff,
    0xff, 0xe0, 0xe6, 0xff, 0xff, 0xe0, 0xe6, 0xff,
    0xff, 0xe0, 0xe6, 0x80, 0x00, 0x00, 0x00, 0x00,
    0x00, 0x00, 0x00, 0x00, 0x00, 0x00, 0x00, 0x00,
    0x00, 0x00, 0x00, 0x00, 0x00, 0x00, 0x00, 0x00,
    0x00, 0x00, 0x00, 0x00, 0x00, 0x00, 0x00, 0x00,
    0x00, 0x00, 0x00, 0x00, 0x00, 0x00, 0x00, 0x00,
    0x00, 0x00, 0x00, 0x00, 0x00, 0x00, 0x00, 0x00,
    0x00, 0x00, 0x00, 0x00, 0x00, 0x00, 0x00, 0x00,
    0x00, 0x00, 0x00, 0x00, 0x00, 0x00, 0x00, 0x00,
    0x00, 0x00, 0x00, 0x00, 0x00, 0x00, 0x00, 0x00,
    0x00, 0x00, 0x00, 0x00, 0x00, 0x00, 0x00, 0x00,
    0x00, 0x00, 0x00, 0x00, 0x00, 0x00, 0x00, 0x00,
    0x00, 0x00, 0x00, 0x00, 0x00, 0x00, 0x00, 0x00,
    0xff, 0xe0, 0xe6, 0xdf, 0xff, 0xe0, 0xe6, 0xff,
    0xff, 0xe0, 0xe6, 0xff, 0xff, 0xe0, 0xe6, 0xff,
    0xff, 0xe0, 0xe6, 0xff, 0xff, 0xe0, 0xe6, 0xff,
    0xff, 0xe0, 0xe6, 0x8f, 0x00, 0x00, 0x00, 0x00,
    0x00, 0x00, 0x00, 0x00, 0x00, 0x00, 0x00, 0x00,
    0x00, 0x00, 0x00, 0x00, 0x00, 0x00, 0x00, 0x00,
    0x7d, 0x42, 0x49, 0x30, 0x7d, 0x42, 0x49, 0xcf,
    0x7d, 0x42, 0x49, 0xff, 0x7d, 0x42, 0x49, 0xff,
    0x7d, 0x42, 0x49, 0xff, 0x7d, 0x42, 0x49, 0xff,
    0x7d, 0x42, 0x49, 0xff, 0x7d, 0x42, 0x49, 0xff,
    0x7d, 0x42, 0x49, 0xff, 0x7d, 0x42, 0x49, 0xff,
    0x7d, 0x42, 0x49, 0xff, 0x7d, 0x42, 0x49, 0xff,
    0x7d, 0x42, 0x49, 0xff, 0x7d, 0x42, 0x49, 0xff,
    0x7d, 0x42, 0x49, 0xff, 0x7d, 0x42, 0x49, 0xff,
    0x7d, 0x42, 0x49, 0xff, 0x7d, 0x42, 0x49, 0xff,
    0x7d, 0x42, 0x49, 0xff, 0x7d, 0x42, 0x49, 0xdf,
    0x7d, 0x42, 0x49, 0x40, 0x00, 0x00, 0x00, 0x00,
    0x00, 0x00, 0x00, 0x00, 0x00, 0x00, 0x00, 0x00,
    0x00, 0x00, 0x00, 0x00, 0x00, 0x00, 0x00, 0x00,
    0xff, 0xe0, 0xe6, 0x60, 0xff, 0xe0, 0xe6, 0xff,
    0xff, 0xe0, 0xe6, 0xff, 0xff, 0xe0, 0xe6, 0xff,
    0xff, 0xe0, 0xe6, 0xff, 0xff, 0xe0, 0xe6, 0xff,
    0xff, 0xe0, 0xe6, 0xef, 0xff, 0xe0, 0xe6, 0x10,
    0x00, 0x00, 0x00, 0x00, 0x00, 0x00, 0x00, 0x00,
    0x00, 0x00, 0x00, 0x00, 0x00, 0x00, 0x00, 0x00,
    0x00, 0x00, 0x00, 0x00, 0x00, 0x00, 0x00, 0x00,
    0x00, 0x00, 0x00, 0x00, 0x00, 0x00, 0x00, 0x00,
    0x00, 0x00, 0x00, 0x00, 0x00, 0x00, 0x00, 0x00,
    0x00, 0x00, 0x00, 0x00, 0x00, 0x00, 0x00, 0x00,
    0x00, 0x00, 0x00, 0x00, 0x00, 0x00, 0x00, 0x00,
    0xff, 0xf7, 0xf9, 0x10, 0xff, 0xf7, 0xf9, 0x40,
    0xff, 0xf7, 0xf9, 0x10, 0x00, 0x00, 0x00, 0x00,
    0x00, 0x00, 0x00, 0x00, 0x00, 0x00, 0x00, 0x00,
    0x00, 0x00, 0x00, 0x00, 0xff, 0xe0, 0xe6, 0x60,
    0xff, 0xe0, 0xe6, 0xff, 0xff, 0xe0, 0xe6, 0xff,
    0xff, 0xe0, 0xe6, 0xff, 0xff, 0xe0, 0xe6, 0xff,
    0xff, 0xe0, 0xe6, 0xff, 0xff, 0xe0, 0xe6, 0xaf,
    0x00, 0x00, 0x00, 0x00, 0x00, 0x00, 0x00, 0x00,
    0x00, 0x00, 0x00, 0x00, 0x00, 0x00, 0x00, 0x00,
    0x00, 0x00, 0x00, 0x00, 0x7d, 0x42, 0x49, 0x40,
    0x7d, 0x42, 0x49, 0xef, 0x7d, 0x42, 0x49, 0xff,
    0x7d, 0x42, 0x49, 0xff, 0x7d, 0x42, 0x49, 0xff,
    0x7d, 0x42, 0x49, 0xff, 0x7d, 0x42, 0x49, 0xff,
    0x7d, 0x42, 0x49, 0xff, 0x7d, 0x42, 0x49, 0xff,
    0x7d, 0x42, 0x49, 0xff, 0x7d, 0x42, 0x49, 0xff,
    0x7d, 0x42, 0x49, 0xff, 0x7d, 0x42, 0x49, 0xff,
    0x7d, 0x42, 0x49, 0xff, 0x7d, 0x42, 0x49, 0xff,
    0x7d, 0x42, 0x49, 0xff, 0x7d, 0x42, 0x49, 0xff,
    0x7d, 0x42, 0x49, 0xff, 0x7d, 0x42, 0x49, 0xff,
    0x7d, 0x42, 0x49, 0xff, 0x7d, 0x42, 0x49, 0xff,
    0x7d, 0x42, 0x49, 0xff, 0x7d, 0x42, 0x49, 0x60,
    0x00, 0x00, 0x00, 0x00, 0x00, 0x00, 0x00, 0x00,
    0x00, 0x00, 0x00, 0x00, 0x00, 0x00, 0x00, 0x00,
    0x00, 0x00, 0x00, 0x00, 0xff, 0xe0, 0xe6, 0x8f,
    0xff, 0xe0, 0xe6, 0xff, 0xff, 0xe0, 0xe6, 0xff,
    0xff, 0xe0, 0xe6, 0xff, 0xff, 0xe0, 0xe6, 0xff,
    0xff, 0xe0, 0xe6, 0xff, 0xff, 0xe0, 0xe6, 0x80,
    0x00, 0x00, 0x00, 0x00, 0x00, 0x00, 0x00, 0x00,
    0x00, 0x00, 0x00, 0x00, 0x00, 0x00, 0x00, 0x00,
    0xff, 0xf7, 0xf9, 0x10, 0xff, 0xf7, 0xf9, 0x50,
    0xff, 0xf7, 0xf9, 0x20, 0x00, 0x00, 0x00, 0x00,
    0x00, 0x00, 0x00, 0x00, 0x00, 0x00, 0x00, 0x00,
    0x00, 0x00, 0x00, 0x00, 0x00, 0x00, 0x00, 0x00,
    0x00, 0x00, 0x00, 0x00, 0x00, 0x00, 0x00, 0x00,
    0xff, 0xf7, 0xf9, 0xdf, 0xff, 0xf7, 0xf9, 0xff,
    0xff, 0xf7, 0xf9, 0xcf, 0x00, 0x00, 0x00, 0x00,
    0x00, 0x00, 0x00, 0x00, 0x00, 0x00, 0x00, 0x00,
    0xff, 0xe0, 0xe6, 0x10, 0xff, 0xe0, 0xe6, 0xdf,
    0xff, 0xe0, 0xe6, 0xff, 0xff, 0xe0, 0xe6, 0xff,
    0xff, 0xe0, 0xe6, 0xff, 0xff, 0xe0, 0xe6, 0xff,
    0xff, 0xe0, 0xe6, 0xef, 0xff, 0xe0, 0xe6, 0x10,
    0x00, 0x00, 0x00, 0x00, 0x00, 0x00, 0x00, 0x00,
    0x00, 0x00, 0x00, 0x00, 0x00, 0x00, 0x00, 0x00,
    0x7d, 0x42, 0x49, 0x60, 0x7d, 0x42, 0x49, 0xff,
    0x7d, 0x42, 0x49, 0xff, 0x7d, 0x42, 0x49, 0xff,
    0x7d, 0x42, 0x49, 0xff, 0x7d, 0x42, 0x49, 0xff,
    0x7d, 0x42, 0x49, 0xff, 0x7d, 0x42, 0x49, 0xff,
    0x7d, 0x42, 0x49, 0xff, 0x7d, 0x42, 0x49, 0xff,
    0x7d, 0x42, 0x49, 0xef, 0x7d, 0x42, 0x49, 0xbf,
    0x7d, 0x42, 0x49, 0xbf, 0x7d, 0x42, 0x49, 0xbf,
    0x7d, 0x42, 0x49, 0xdf, 0x7d, 0x42, 0x49, 0xff,
    0x7d, 0x42, 0x49, 0xff, 0x7d, 0x42, 0x49, 0xff,
    0x7d, 0x42, 0x49, 0xff, 0x7d, 0x42, 0x49, 0xff,
    0x7d, 0x42, 0x49, 0xff, 0x7d, 0x42, 0x49, 0xff,
    0x7d, 0x42, 0x49, 0xff, 0x7d, 0x42, 0x49, 0xff,
    0x7d, 0x42, 0x49, 0x60, 0x00, 0x00, 0x00, 0x00,
    0x00, 0x00, 0x00, 0x00, 0x00, 0x00, 0x00, 0x00,
    0x00, 0x00, 0x00, 0x00, 0x00, 0x00, 0x00, 0x00,
    0xff, 0xe0, 0xe6, 0xdf, 0xff, 0xe0, 0xe6, 0xff,
    0xff, 0xe0, 0xe6, 0xff, 0xff, 0xe0, 0xe6, 0xff,
    0xff, 0xe0, 0xe6, 0xff, 0xff, 0xe0, 0xe6, 0xff,
    0xff, 0xe0, 0xe6, 0x20, 0x00, 0x00, 0x00, 0x00,
    0x00, 0x00, 0x00, 0x00, 0x00, 0x00, 0x00, 0x00,
    0xff, 0xf7, 0xf9, 0xaf, 0xff, 0xf7, 0xf9, 0xff,
    0xff, 0xf7, 0xf9, 0xef, 0xff, 0xf7, 0xf9, 0x10,
    0x00, 0x00, 0x00, 0x00, 0x00, 0x00, 0x00, 0x00,
    0x00, 0x00, 0x00, 0x00, 0x00, 0x00, 0x00, 0x00,
    0x00, 0x00, 0x00, 0x00, 0xff, 0xf7, 0xf9, 0x30,
    0xff, 0xf7, 0xf9, 0xff, 0xff, 0xf7, 0xf9, 0xff,
    0xff, 0xf7, 0xf9, 0xef, 0x00, 0x00, 0x00, 0x00,
    0x00, 0x00, 0x00, 0x00, 0x00, 0x00, 0x00, 0x00,
    0xff, 0xe0, 0xe6, 0x70, 0xff, 0xe0, 0xe6, 0xff,
    0xff, 0xe0, 0xe6, 0xff, 0xff, 0xe0, 0xe6, 0xff,
    0xff, 0xe0, 0xe6, 0xff, 0xff, 0xe0, 0xe6, 0xff,
    0xff, 0xe0, 0xe6, 0x80, 0x00, 0x00, 0x00, 0x00,
    0x00, 0x00, 0x00, 0x00, 0x00, 0x00, 0x00, 0x00,
    0x00, 0x00, 0x00, 0x00, 0x7d, 0x42, 0x49, 0x30,
    0x7d, 0x42, 0x49, 0xff, 0x7d, 0x42, 0x49, 0xff,
    0x7d, 0x42, 0x49, 0xff, 0x7d, 0x42, 0x49, 0xff,
    0x7d, 0x42, 0x49, 0xff, 0x7d, 0x42, 0x49, 0xff,
    0x7d, 0x42, 0x49, 0xff, 0x7d, 0x42, 0x49, 0xdf,
    0x7d, 0x42, 0x49, 0x80, 0x7d, 0x42, 0x49, 0x20,
    0x00, 0x00, 0x00, 0x00, 0x00, 0x00, 0x00, 0x00,
    0x00, 0x00, 0x00, 0x00, 0x00, 0x00, 0x00, 0x00,
    0x00, 0x00, 0x00, 0x00, 0x7d, 0x42, 0x49, 0x10,
    0x7d, 0x42, 0x49, 0x70, 0x7d, 0x42, 0x49, 0xdf,
    0x7d, 0x42, 0x49, 0xff, 0x7d, 0x42, 0x49, 0xff,
    0x7d, 0x42, 0x49, 0xff, 0x7d, 0x42, 0x49, 0xff,
    0x7d, 0x42, 0x49, 0xff, 0x7d, 0x42, 0x49, 0xff,
    0x7d, 0x42, 0x49, 0xff, 0x7d, 0x42, 0x49, 0x50,
    0x00, 0x00, 0x00, 0x00, 0x00, 0x00, 0x00, 0x00,
    0x00, 0x00, 0x00, 0x00, 0x00, 0x00, 0x00, 0x00,
    0xff, 0xe0, 0xe6, 0x60, 0xff, 0xe0, 0xe6, 0xff,
    0xff, 0xe0, 0xe6, 0xff, 0xff, 0xe0, 0xe6, 0xff,
    0xff, 0xe0, 0xe6, 0xff, 0xff, 0xe0, 0xe6, 0xff,
    0xff, 0xe0, 0xe6, 0x9f, 0x00, 0x00, 0x00, 0x00,
    0x00, 0x00, 0x00, 0x00, 0x00, 0x00, 0x00, 0x00,
    0xff, 0xf7, 0xf9, 0xbf, 0xff, 0xf7, 0xf9, 0xff,
    0xff, 0xf7, 0xf9, 0xff, 0xff, 0xf7, 0xf9, 0x60,
    0x00, 0x00, 0x00, 0x00, 0x00, 0x00, 0x00, 0x00,
    0x00, 0x00, 0x00, 0x00, 0x00, 0x00, 0x00, 0x00,
    0x00, 0x00, 0x00, 0x00, 0xff, 0xf7, 0xf9, 0x8f,
    0xff, 0xf7, 0xf9, 0xff, 0xff, 0xf7, 0xf9, 0xff,
    0xff, 0xf7, 0xf9, 0x9f, 0x00, 0x00, 0x00, 0x00,
    0x00, 0x00, 0x00, 0x00, 0x00, 0x00, 0x00, 0x00,
    0xff, 0xe0, 0xe6, 0xcf, 0xff, 0xe0, 0xe6, 0xff,
    0xff, 0xe0, 0xe6, 0xff, 0xff, 0xe0, 0xe6, 0xff,
    0xff, 0xe0, 0xe6, 0xff, 0xff, 0xe0, 0xe6, 0xef,
    0xff, 0xe0, 0xe6, 0x10, 0x00, 0x00, 0x00, 0x00,
    0x00, 0x00, 0x00, 0x00, 0x00, 0x00, 0x00, 0x00,
    0x7d, 0x42, 0x49, 0x10, 0x7d, 0x42, 0x49, 0xdf,
    0x7d, 0x42, 0x49, 0xff, 0x7d, 0x42, 0x49, 0xff,
    0x7d, 0x42, 0x49, 0xff, 0x7d, 0x42, 0x49, 0xff,
    0x7d, 0x42, 0x49, 0xff, 0x7d, 0x42, 0x49, 0xff,
    0x7d, 0x42, 0x49, 0x80, 0x7d, 0x42, 0x49, 0x10,
    0x00, 0x00, 0x00, 0x00, 0x00, 0x00, 0x00, 0x00,
    0x00, 0x00, 0x00, 0x00, 0x00, 0x00, 0x00, 0x00,
    0x00, 0x00, 0x00, 0x00, 0x00, 0x00, 0x00, 0x00,
    0x00, 0x00, 0x00, 0x00, 0x00, 0x00, 0x00, 0x00,
    0x00, 0x00, 0x00, 0x00, 0x00, 0x00, 0x00, 0x00,
    0x7d, 0x42, 0x49, 0x70, 0x7d, 0x42, 0x49, 0xef,
    0x7d, 0x42, 0x49, 0xff, 0x7d, 0x42, 0x49, 0xff,
    0x7d, 0x42, 0x49, 0xff, 0x7d, 0x42, 0x49, 0xff,
    0x7d, 0x42, 0x49, 0xff, 0x7d, 0x42, 0x49, 0xef,
    0x7d, 0x42, 0x49, 0x20, 0x00, 0x00, 0x00, 0x00,
    0x00, 0x00, 0x00, 0x00, 0x00, 0x00, 0x00, 0x00,
    0x00, 0x00, 0x00, 0x00, 0xff, 0xe0, 0xe6, 0xbf,
    0xff, 0xe0, 0xe6, 0xff, 0xff, 0xe0, 0xe6, 0xff,
    0xff, 0xe0, 0xe6, 0xff, 0xff, 0xe0, 0xe6, 0xff,
    0xff, 0xe0, 0xe6, 0xef, 0x00, 0x00, 0x00, 0x00,
    0x00, 0x00, 0x00, 0x00, 0x00, 0x00, 0x00, 0x00,
    0xff, 0xf7, 0xf9, 0x70, 0xff, 0xf7, 0xf9, 0xff,
    0xff, 0xf7, 0xf9, 0xff, 0xff, 0xf7, 0xf9, 0xaf,
    0x00, 0x00, 0x00, 0x00, 0x00, 0x00, 0x00, 0x00,
    0x00, 0x00, 0x00, 0x00, 0x00, 0x00, 0x00, 0x00,
    0x00, 0x00, 0x00, 0x00, 0xff, 0xf7, 0xf9, 0xdf,
    0xff, 0xf7, 0xf9, 0xff, 0xff, 0xf7, 0xf9, 0xff,
    0xff, 0xf7, 0xf9, 0x50, 0x00, 0x00, 0x00, 0x00,
    0x00, 0x00, 0x00, 0x00, 0xff, 0xe0, 0xe6, 0x10,
    0xff, 0xe0, 0xe6, 0xff, 0xff, 0xe0, 0xe6, 0xff,
    0xff, 0xe0, 0xe6, 0xff, 0xff, 0xe0, 0xe6, 0xff,
    0xff, 0xe0, 0xe6, 0xff, 0xff, 0xe0, 0xe6, 0x80,
    0x00, 0x00, 0x00, 0x00, 0x00, 0x00, 0x00, 0x00,
    0x00, 0x00, 0x00, 0x00, 0x00, 0x00, 0x00, 0x00,
    0x7d, 0x42, 0x49, 0x8f, 0x7d, 0x42, 0x49, 0xff,
    0x7d, 0x42, 0x49, 0xff, 0x7d, 0x42, 0x49, 0xff,
    0x7d, 0x42, 0x49, 0xff, 0x7d, 0x42, 0x49, 0xff,
    0x7d, 0x42, 0x49, 0xef, 0x7d, 0x42, 0x49, 0x30,
    0x00, 0x00, 0x00, 0x00, 0x00, 0x00, 0x00, 0x00,
    0x00, 0x00, 0x00, 0x00, 0x00, 0x00, 0x00, 0x00,
    0x00, 0x00, 0x00, 0x00, 0x00, 0x00, 0x00, 0x00,
    0x00, 0x00, 0x00, 0x00, 0x00, 0x00, 0x00, 0x00,
    0x00, 0x00, 0x00, 0x00, 0x00, 0x00, 0x00, 0x00,
    0x00, 0x00, 0x00, 0x00, 0x00, 0x00, 0x00, 0x00,
    0x00, 0x00, 0x00, 0x00, 0x7d, 0x42, 0x49, 0x30,
    0x7d, 0x42, 0x49, 0xef, 0x7d, 0x42, 0x49, 0xff,
    0x7d, 0x42, 0x49, 0xff, 0x7d, 0x42, 0x49, 0xff,
    0x7d, 0x42, 0x49, 0xff, 0x7d, 0x42, 0x49, 0xff,
    0x7d, 0x42, 0x49, 0xbf, 0x00, 0x00, 0x00, 0x00,
    0x00, 0x00, 0x00, 0x00, 0x00, 0x00, 0x00, 0x00,
    0x00, 0x00, 0x00, 0x00, 0xff, 0xe0, 0xe6, 0x50,
    0xff, 0xe0, 0xe6, 0xff, 0xff, 0xe0, 0xe6, 0xff,
    0xff, 0xe0, 0xe6, 0xff, 0xff, 0xe0, 0xe6, 0xff,
    0xff, 0xe0, 0xe6, 0xff, 0xff, 0xe0, 0xe6, 0x30,
    0x00, 0x00, 0x00, 0x00, 0x00, 0x00, 0x00, 0x00,
    0xff, 0xf7, 0xf9, 0x20, 0xff, 0xf7, 0xf9, 0xff,
    0xff, 0xf7, 0xf9, 0xff, 0xff, 0xf7, 0xf9, 0xff,
    0x00, 0x00, 0x00, 0x00, 0x00, 0x00, 0x00, 0x00,
    0x00, 0x00, 0x00, 0x00, 0x00, 0x00, 0x00, 0x00,
    0xff, 0xf7, 0xf9, 0x10, 0xff, 0xf7, 0xf9, 0xff,
    0xff, 0xf7, 0xf9, 0xff, 0xff, 0xf7, 0xf9, 0xff,
    0x00, 0x00, 0x00, 0x00, 0x00, 0x00, 0x00, 0x00,
    0x00, 0x00, 0x00, 0x00, 0xff, 0xe0, 0xe6, 0x60,
    0xff, 0xe0, 0xe6, 0xff, 0xff, 0xe0, 0xe6, 0xff,
    0xff, 0xe0, 0xe6, 0xff, 0xff, 0xe0, 0xe6, 0xff,
    0xff, 0xe0, 0xe6, 0xff, 0xff, 0xe0, 0xe6, 0x20,
    0x00, 0x00, 0x00, 0x00, 0x00, 0x00, 0x00, 0x00,
    0x00, 0x00, 0x00, 0x00, 0x7d, 0x42, 0x49, 0x20,
    0x7d, 0x42, 0x49, 0xff, 0x7d, 0x42, 0x49, 0xff,
    0x7d, 0x42, 0x49, 0xff, 0x7d, 0x42, 0x49, 0xff,
    0x7d, 0x42, 0x49, 0xff, 0x7d, 0x42, 0x49, 0xef,
    0x7d, 0x42, 0x49, 0x30, 0x00, 0x00, 0x00, 0x00,
    0x00, 0x00, 0x00, 0x00, 0x00, 0x00, 0x00, 0x00,
    0x00, 0x00, 0x00, 0x00, 0x00, 0x00, 0x00, 0x00,
    0xff, 0xd4, 0xda, 0x10, 0xff, 0xd4, 0xda, 0x40,
    0xff, 0xd4, 0xda, 0x40, 0xff, 0xd4, 0xda, 0x40,
    0xff, 0xd4, 0xda, 0x20, 0x00, 0x00, 0x00, 0x00,
    0x00, 0x00, 0x00, 0x00, 0x00, 0x00, 0x00, 0x00,
    0x00, 0x00, 0x00, 0x00, 0x00, 0x00, 0x00, 0x00,
    0x7d, 0x42, 0x49, 0x10, 0x7d, 0x42, 0x49, 0xef,
    0x7d, 0x42, 0x49, 0xff, 0x7d, 0x42, 0x49, 0xff,
    0x7d, 0x42, 0x49, 0xff, 0x7d, 0x42, 0x49, 0xff,
    0x7d, 0x42, 0x49, 0xff, 0x7d, 0x42, 0x49, 0x40,
    0x00, 0x00, 0x00, 0x00, 0x00, 0x00, 0x00, 0x00,
    0x00, 0x00, 0x00, 0x00, 0x00, 0x00, 0x00, 0x00,
    0xff, 0xe0, 0xe6, 0xef, 0xff, 0xe0, 0xe6, 0xff,
    0xff, 0xe0, 0xe6, 0xff, 0xff, 0xe0, 0xe6, 0xff,
    0xff, 0xe0, 0xe6, 0xff, 0xff, 0xe0, 0xe6, 0x8f,
    0x00, 0x00, 0x00, 0x00, 0x00, 0x00, 0x00, 0x00,
    0x00, 0x00, 0x00, 0x00, 0xff, 0xf7, 0xf9, 0xcf,
    0xff, 0xf7, 0xf9, 0xff, 0xff, 0xf7, 0xf9, 0xff,
    0xff, 0xf7, 0xf9, 0x40, 0x00, 0x00, 0x00, 0x00,
    0x00, 0x00, 0x00, 0x00, 0x00, 0x00, 0x00, 0x00,
    0xff, 0xf7, 0xf9, 0x40, 0xff, 0xf7, 0xf9, 0xff,
    0xff, 0xf7, 0xf9, 0xff, 0xff, 0xf7, 0xf9, 0xbf,
    0x00, 0x00, 0x00, 0x00, 0x00, 0x00, 0x00, 0x00,
    0x00, 0x00, 0x00, 0x00, 0xff, 0xe0, 0xe6, 0xaf,
    0xff, 0xe0, 0xe6, 0xff, 0xff, 0xe0, 0xe6, 0xff,
    0xff, 0xe0, 0xe6, 0xff, 0xff, 0xe0, 0xe6, 0xff,
    0xff, 0xe0, 0xe6, 0xcf, 0x00, 0x00, 0x00, 0x00,
    0x00, 0x00, 0x00, 0x00, 0x00, 0x00, 0x00, 0x00,
    0x00, 0x00, 0x00, 0x00, 0x7d, 0x42, 0x49, 0x9f,
    0x7d, 0x42, 0x49, 0xff, 0x7d, 0x42, 0x49, 0xff,
    0x7d, 0x42, 0x49, 0xff, 0x7d, 0x42, 0x49, 0xff,
    0x7d, 0x42, 0x49, 0xff, 0x7d, 0x42, 0x49, 0x70,
    0x00, 0x00, 0x00, 0x00, 0x00, 0x00, 0x00, 0x00,
    0x00, 0x00, 0x00, 0x00, 0x00, 0x00, 0x00, 0x00,
    0xff, 0xd4, 0xda, 0x40, 0xff, 0xd4, 0xda, 0xbf,
    0xff, 0xd4, 0xda, 0xff, 0xff, 0xd4, 0xda, 0xff,
    0xff, 0xd4, 0xda, 0xff, 0xff, 0xd4, 0xda, 0xff,
    0xff, 0xd4, 0xda, 0xff, 0xff, 0xd4, 0xda, 0xdf,
    0xff, 0xd4, 0xda, 0x60, 0x00, 0x00, 0x00, 0x00,
    0x00, 0x00, 0x00, 0x00, 0x00, 0x00, 0x00, 0x00,
    0x00, 0x00, 0x00, 0x00, 0x7d, 0x42, 0x49, 0x40,
    0x7d, 0x42, 0x49, 0xff, 0x7d, 0x42, 0x49, 0xff,
    0x7d, 0x42, 0x49, 0xff, 0x7d, 0x42, 0x49, 0xff,
    0x7d, 0x42, 0x49, 0xff, 0x7d, 0x42, 0x49, 0xbf,
    0x00, 0x00, 0x00, 0x00, 0x00, 0x00, 0x00, 0x00,
    0x00, 0x00, 0x00, 0x00, 0x00, 0x00, 0x00, 0x00,
    0xff, 0xe0, 0xe6, 0x9f, 0xff, 0xe0, 0xe6, 0xff,
    0xff, 0xe0, 0xe6, 0xff, 0xff, 0xe0, 0xe6, 0xff,
    0xff, 0xe0, 0xe6, 0xff, 0xff, 0xe0, 0xe6, 0xdf,
    0x00, 0x00, 0x00, 0x00, 0x00, 0x00, 0x00, 0x00,
    0x00, 0x00, 0x00, 0x00, 0xff, 0xf7, 0xf9, 0x9f,
    0xff, 0xf7, 0xf9, 0xff, 0xff, 0xf7, 0xf9, 0xff,
    0xff, 0xf7, 0xf9, 0x80, 0x00, 0x00, 0x00, 0x00,
    0x00, 0x00, 0x00, 0x00, 0x00, 0x00, 0x00, 0x00,
    0xff, 0xf7, 0xf9, 0x80, 0xff, 0xf7, 0xf9, 0xff,
    0xff, 0xf7, 0xf9, 0xff, 0xff, 0xf7, 0xf9, 0x8f,
    0x00, 0x00, 0x00, 0x00, 0x00, 0x00, 0x00, 0x00,
    0x00, 0x00, 0x00, 0x00, 0xff, 0xe0, 0xe6, 0xef,
    0xff, 0xe0, 0xe6, 0xff, 0xff, 0xe0, 0xe6, 0xff,
    0xff, 0xe0, 0xe6, 0xff, 0xff, 0xe0, 0xe6, 0xff,
    0xff, 0xe0, 0xe6, 0x8f, 0x00, 0x00, 0x00, 0x00,
    0x00, 0x00, 0x00, 0x00, 0x00, 0x00, 0x00, 0x00,
    0x00, 0x00, 0x00, 0x00, 0x7d, 0x42, 0x49, 0xef,
    0x7d, 0x42, 0x49, 0xff, 0x7d, 0x42, 0x49, 0xff,
    0x7d, 0x42, 0x49, 0xff, 0x7d, 0x42, 0x49, 0xff,
    0x7d, 0x42, 0x49, 0xbf, 0x00, 0x00, 0x00, 0x00,
    0x00, 0x00, 0x00, 0x00, 0x00, 0x00, 0x00, 0x00,
    0x00, 0x00, 0x00, 0x00, 0xff, 0xd4, 0xda, 0x8f,
    0xff, 0xd4, 0xda, 0xff, 0xff, 0xd4, 0xda, 0xff,
    0xff, 0xd4, 0xda, 0xff, 0xff, 0xd4, 0xda, 0xff,
    0xff, 0xd4, 0xda, 0xff, 0xff, 0xd4, 0xda, 0xff,
    0xff, 0xd4, 0xda, 0xff, 0xff, 0xd4, 0xda, 0xff,
    0xff, 0xd4, 0xda, 0xff, 0xff, 0xd4, 0xda, 0xbf,
    0xff, 0xd4, 0xda, 0x10, 0x00, 0x00, 0x00, 0x00,
    0x00, 0x00, 0x00, 0x00, 0x00, 0x00, 0x00, 0x00,
    0x7d, 0x42, 0x49, 0x9f, 0x7d, 0x42, 0x49, 0xff,
    0x7d, 0x42, 0x49, 0xff, 0x7d, 0x42, 0x49, 0xff,
    0x7d, 0x42, 0x49, 0xff, 0x7d, 0x42, 0x49, 0xff,
    0x7d, 0x42, 0x49, 0x30, 0x00, 0x00, 0x00, 0x00,
    0x00, 0x00, 0x00, 0x00, 0x00, 0x00, 0x00, 0x00,
    0xff, 0xe0, 0xe6, 0x60, 0xff, 0xe0, 0xe6, 0xff,
    0xff, 0xe0, 0xe6, 0xff, 0xff, 0xe0, 0xe6, 0xff,
    0xff, 0xe0, 0xe6, 0xff, 0xff, 0xe0, 0xe6, 0xff,
    0xff, 0xe0, 0xe6, 0x20, 0x00, 0x00, 0x00, 0x00,
    0x00, 0x00, 0x00, 0x00, 0xff, 0xf7, 0xf9, 0x70,
    0xff, 0xf7, 0xf9, 0xff, 0xff, 0xf7, 0xf9, 0xff,
    0xff, 0xf7, 0xf9, 0xaf, 0x00, 0x00, 0x00, 0x00,
    0x00, 0x00, 0x00, 0x00, 0x00, 0x00, 0x00, 0x00,
    0xff, 0xf7, 0xf9, 0xaf, 0xff, 0xf7, 0xf9, 0xff,
    0xff, 0xf7, 0xf9, 0xff, 0xff, 0xf7, 0xf9, 0x60,
    0x00, 0x00, 0x00, 0x00, 0x00, 0x00, 0x00, 0x00,
    0x00, 0x00, 0x00, 0x00, 0xff, 0xe0, 0xe6, 0xff,
    0xff, 0xe0, 0xe6, 0xff, 0xff, 0xe0, 0xe6, 0xff,
    0xff, 0xe0, 0xe6, 0xff, 0xff, 0xe0, 0xe6, 0xff,
    0xff, 0xe0, 0xe6, 0x40, 0x00, 0x00, 0x00, 0x00,
    0x00, 0x00, 0x00, 0x00, 0x00, 0x00, 0x00, 0x00,
    0x7d, 0x42, 0x49, 0x40, 0x7d, 0x42, 0x49, 0xff,
    0x7d, 0x42, 0x49, 0xff, 0x7d, 0x42, 0x49, 0xff,
    0x7d, 0x42, 0x49, 0xff, 0x7d, 0x42, 0x49, 0xff,
    0x7d, 0x42, 0x49, 0x40, 0x00, 0x00, 0x00, 0x00,
    0x00, 0x00, 0x00, 0x00, 0x00, 0x00, 0x00, 0x00,
    0xff, 0xd4, 0xda, 0x8f, 0xff, 0xd4, 0xda, 0xff,
    0xff, 0xd4, 0xda, 0xff, 0xff, 0xd4, 0xda, 0xff,
    0xff, 0xd4, 0xda, 0xff, 0xff, 0xd4, 0xda, 0xff,
    0xff, 0xd4, 0xda, 0xff, 0xff, 0xd4, 0xda, 0xff,
    0xff, 0xd4, 0xda, 0xff, 0xff, 0xd4, 0xda, 0xff,
    0xff, 0xd4, 0xda, 0xff, 0xff, 0xd4, 0xda, 0xff,
    0xff, 0xd4, 0xda, 0xcf, 0xff, 0xd4, 0xda, 0x10,
    0x00, 0x00, 0x00, 0x00, 0x00, 0x00, 0x00, 0x00,
    0x7d, 0x42, 0x49, 0x20, 0x7d, 0x42, 0x49, 0xff,
    0x7d, 0x42, 0x49, 0xff, 0x7d, 0x42, 0x49, 0xff,
    0x7d, 0x42, 0x49, 0xff, 0x7d, 0x42, 0x49, 0xff,
    0x7d, 0x42, 0x49, 0x70, 0x00, 0x00, 0x00, 0x00,
    0x00, 0x00, 0x00, 0x00, 0x00, 0x00, 0x00, 0x00,
    0xff, 0xe0, 0xe6, 0x10, 0xff, 0xe0, 0xe6, 0xff,
    0xff, 0xe0, 0xe6, 0xff, 0xff, 0xe0, 0xe6, 0xff,
    0xff, 0xe0, 0xe6, 0xff, 0xff, 0xe0, 0xe6, 0xff,
    0xff, 0xe0, 0xe6, 0x40, 0x00, 0x00, 0x00, 0x00,
    0x00, 0x00, 0x00, 0x00, 0xff, 0xf7, 0xf9, 0x40,
    0xff, 0xf7, 0xf9, 0xff, 0xff, 0xf7, 0xf9, 0xff,
    0xff, 0xf7, 0xf9, 0xbf, 0x00, 0x00, 0x00, 0x00,
    0x00, 0x00, 0x00, 0x00, 0x00, 0x00, 0x00, 0x00,
    0xff, 0xf7, 0xf9, 0xbf, 0xff, 0xf7, 0xf9, 0xff,
    0xff, 0xf7, 0xf9, 0xff, 0xff, 0xf7, 0xf9, 0x40,
    0x00, 0x00, 0x00, 0x00, 0x00, 0x00, 0x00, 0x00,
    0xff, 0xe0, 0xe6, 0x30, 0xff, 0xe0, 0xe6, 0xff,
    0xff, 0xe0, 0xe6, 0xff, 0xff, 0xe0, 0xe6, 0xff,
    0xff, 0xe0, 0xe6, 0xff, 0xff, 0xe0, 0xe6, 0xff,
    0xff, 0xe0, 0xe6, 0x20, 0x00, 0x00, 0x00, 0x00,
    0x00, 0x00, 0x00, 0x00, 0x00, 0x00, 0x00, 0x00,
    0x7d, 0x42, 0x49, 0x80, 0x7d, 0x42, 0x49, 0xff,
    0x7d, 0x42, 0x49, 0xff, 0x7d, 0x42, 0x49, 0xff,
    0x7d, 0x42, 0x49, 0xff, 0x7d, 0x42, 0x49, 0xef,
    0x00, 0x00, 0x00, 0x00, 0x00, 0x00, 0x00, 0x00,
    0x00, 0x00, 0x00, 0x00, 0xff, 0xd4, 0xda, 0x50,
    0xff, 0xd4, 0xda, 0xff, 0xff, 0xd4, 0xda, 0xff,
    0xff, 0xd4, 0xda, 0xff, 0xff, 0xd4, 0xda, 0xff,
    0xff, 0xd4, 0xda, 0xff, 0xff, 0xd4, 0xda, 0xff,
    0xff, 0xd4, 0xda, 0xff, 0xff, 0xd4, 0xda, 0xff,
    0xff, 0xd4, 0xda, 0xff, 0xff, 0xd4, 0xda, 0xff,
    0xff, 0xd4, 0xda, 0xff, 0xff, 0xd4, 0xda, 0xff,
    0xff, 0xd4, 0xda, 0xff, 0xff, 0xd4, 0xda, 0x8f,
    0x00, 0x00, 0x00, 0x00, 0x00, 0x00, 0x00, 0x00,
    0x00, 0x00, 0x00, 0x00, 0x7d, 0x42, 0x49, 0xbf,
    0x7d, 0x42, 0x49, 0xff, 0x7d, 0x42, 0x49, 0xff,
    0x7d, 0x42, 0x49, 0xff, 0x7d, 0x42, 0x49, 0xff,
    0x7d, 0x42, 0x49, 0xaf, 0x00, 0x00, 0x00, 0x00,
    0x00, 0x00, 0x00, 0x00, 0x00, 0x00, 0x00, 0x00,
    0x00, 0x00, 0x00, 0x00, 0xff, 0xe0, 0xe6, 0xff,
    0xff, 0xe0, 0xe6, 0xff, 0xff, 0xe0, 0xe6, 0xff,
    0xff, 0xe0, 0xe6, 0xff, 0xff, 0xe0, 0xe6, 0xff,
    0xff, 0xe0, 0xe6, 0x40, 0x00, 0x00, 0x00, 0x00,
    0x00, 0x00, 0x00, 0x00, 0xff, 0xf7, 0xf9, 0x10,
    0xff, 0xf7, 0xf9, 0xff, 0xff, 0xf7, 0xf9, 0xff,
    0xff, 0xf7, 0xf9, 0xff, 0x00, 0x00, 0x00, 0x00,
    0x00, 0x00, 0x00, 0x00, 0x00, 0x00, 0x00, 0x00,
    0xff, 0xf7, 0xf9, 0xdf, 0xff, 0xf7, 0xf9, 0xff,
    0xff, 0xf7, 0xf9, 0xff, 0xff, 0xf7, 0xf9, 0x30,
    0x00, 0x00, 0x00, 0x00, 0x00, 0x00, 0x00, 0x00,
    0xff, 0xe0, 0xe6, 0x40, 0xff, 0xe0, 0xe6, 0xff,
    0xff, 0xe0, 0xe6, 0xff, 0xff, 0xe0, 0xe6, 0xff,
    0xff, 0xe0, 0xe6, 0xff, 0xff, 0xe0, 0xe6, 0xff,
    0x00, 0x00, 0x00, 0x00, 0x00, 0x00, 0x00, 0x00,
    0x00, 0x00, 0x00, 0x00, 0x00, 0x00, 0x00, 0x00,
    0x7d, 0x42, 0x49, 0xbf, 0x7d, 0x42, 0x49, 0xff,
    0x7d, 0x42, 0x49, 0xff, 0x7d, 0x42, 0x49, 0xff,
    0x7d, 0x42, 0x49, 0xff, 0x7d, 0x42, 0x49, 0xaf,
    0x00, 0x00, 0x00, 0x00, 0x00, 0x00, 0x00, 0x00,
    0x00, 0x00, 0x00, 0x00, 0xff, 0xd4, 0xda, 0xdf,
    0xff, 0xd4, 0xda, 0xff, 0xff, 0xd4, 0xda, 0xff,
    0xff, 0xd4, 0xda, 0xff, 0xff, 0xd4, 0xda, 0xff,
    0xff, 0xd4, 0xda, 0xff, 0xff, 0xd4, 0xda, 0xff,
    0xff, 0xd4, 0xda, 0xff, 0xff, 0xd4, 0xda, 0xff,
    0xff, 0xd4, 0xda, 0xff, 0xff, 0xd4, 0xda, 0xff,
    0xff, 0xd4, 0xda, 0xff, 0xff, 0xd4, 0xda, 0xff,
    0xff, 0xd4, 0xda, 0xff, 0xff, 0xd4, 0xda, 0xff,
    0xff, 0xd4, 0xda, 0x20, 0x00, 0x00, 0x00, 0x00,
    0x00, 0x00, 0x00, 0x00, 0x7d, 0x42, 0x49, 0x80,
    0x7d, 0x42, 0x49, 0xff, 0x7d, 0x42, 0x49, 0xff,
    0x7d, 0x42, 0x49, 0xff, 0x7d, 0x42, 0x49, 0xff,
    0x7d, 0x42, 0x49, 0xef, 0x00, 0x00, 0x00, 0x00,
    0x00, 0x00, 0x00, 0x00, 0x00, 0x00, 0x00, 0x00,
    0x00, 0x00, 0x00, 0x00, 0xff, 0xe0, 0xe6, 0xdf,
    0xff, 0xe0, 0xe6, 0xff, 0xff, 0xe0, 0xe6, 0xff,
    0xff, 0xe0, 0xe6, 0xff, 0xff, 0xe0, 0xe6, 0xff,
    0xff, 0xe0, 0xe6, 0x80, 0x00, 0x00, 0x00, 0x00,
    0x00, 0x00, 0x00, 0x00, 0x00, 0x00, 0x00, 0x00,
    0xff, 0xf7, 0xf9, 0xff, 0xff, 0xf7, 0xf9, 0xff,
    0xff, 0xf7, 0xf9, 0xff, 0x00, 0x00, 0x00, 0x00,
    0x00, 0x00, 0x00, 0x00, 0x00, 0x00, 0x00, 0x00,
    0xff, 0xf7, 0xf9, 0xff, 0xff, 0xf7, 0xf9, 0xff,
    0xff, 0xf7, 0xf9, 0xff, 0x00, 0x00, 0x00, 0x00,
    0x00, 0x00, 0x00, 0x00, 0x00, 0x00, 0x00, 0x00,
    0xff, 0xe0, 0xe6, 0x50, 0xff, 0xe0, 0xe6, 0xff,
    0xff, 0xe0, 0xe6, 0xff, 0xff, 0xe0, 0xe6, 0xff,
    0xff, 0xe0, 0xe6, 0xff, 0xff, 0xe0, 0xe6, 0xff,
    0x00, 0x00, 0x00, 0x00, 0x00, 0x00, 0x00, 0x00,
    0x00, 0x00, 0x00, 0x00, 0x00, 0x00, 0x00, 0x00,
    0x7d, 0x42, 0x49, 0xbf, 0x7d, 0x42, 0x49, 0xff,
    0x7d, 0x42, 0x49, 0xff, 0x7d, 0x42, 0x49, 0xff,
    0x7d, 0x42, 0x49, 0xff, 0x7d, 0x42, 0x49, 0x80,
    0x00, 0x00, 0x00, 0x00, 0x00, 0x00, 0x00, 0x00,
    0xff, 0xd4, 0xda, 0x30, 0xff, 0xd4, 0xda, 0xff,
    0xff, 0xd4, 0xda, 0xff, 0xff, 0xd4, 0xda, 0xff,
    0xff, 0xd4, 0xda, 0xff, 0xff, 0xd4, 0xda, 0xff,
    0xff, 0xd4, 0xda, 0xcf, 0xff, 0xd4, 0xda, 0x20,
    0x00, 0x00, 0x00, 0x00, 0xff, 0xd4, 0xda, 0x10,
    0xff, 0xd4, 0xda, 0x9f, 0xff, 0xd4, 0xda, 0xff,
    0xff, 0xd4, 0xda, 0xff, 0xff, 0xd4, 0xda, 0xff,
    0xff, 0xd4, 0xda, 0xff, 0xff, 0xd4, 0xda, 0xff,
    0xff, 0xd4, 0xda, 0x70, 0x00, 0x00, 0x00, 0x00,
    0x00, 0x00, 0x00, 0x00, 0x7d, 0x42, 0x49, 0x40,
    0x7d, 0x42, 0x49, 0xff, 0x7d, 0x42, 0x49, 0xff,
    0x7d, 0x42, 0x49, 0xff, 0x7d, 0x42, 0x49, 0xff,
    0x7d, 0x42, 0x49, 0xff, 0x00, 0x00, 0x00, 0x00,
    0x00, 0x00, 0x00, 0x00, 0x00, 0x00, 0x00, 0x00,
    0x00, 0x00, 0x00, 0x00, 0xff, 0xe0, 0xe6, 0xbf,
    0xff, 0xe0, 0xe6, 0xff, 0xff, 0xe0, 0xe6, 0xff,
    0xff, 0xe0, 0xe6, 0xff, 0xff, 0xe0, 0xe6, 0xff,
    0xff, 0xe0, 0xe6, 0x80, 0x00, 0x00, 0x00, 0x00,
    0x00, 0x00, 0x00, 0x00, 0x00, 0x00, 0x00, 0x00,
    0xff, 0xf7, 0xf9, 0xff, 0xff, 0xf7, 0xf9, 0xff,
    0xff, 0xf7, 0xf9, 0xff, 0x00, 0x00, 0x00, 0x00,
    0x00, 0x00, 0x00, 0x00, 0x00, 0x00, 0x00, 0x00,
    0xff, 0xf7, 0xf9, 0xff, 0xff, 0xf7, 0xf9, 0xff,
    0xff, 0xf7, 0xf9, 0xff, 0x00, 0x00, 0x00, 0x00,
    0x00, 0x00, 0x00, 0x00, 0x00, 0x00, 0x00, 0x00,
    0xff, 0xe0, 0xe6, 0x80, 0xff, 0xe0, 0xe6, 0xff,
    0xff, 0xe0, 0xe6, 0xff, 0xff, 0xe0, 0xe6, 0xff,
    0xff, 0xe0, 0xe6, 0xff, 0xff, 0xe0, 0xe6, 0xcf,
    0x00, 0x00, 0x00, 0x00, 0x00, 0x00, 0x00, 0x00,
    0x00, 0x00, 0x00, 0x00, 0x00, 0x00, 0x00, 0x00,
    0x7d, 0x42, 0x49, 0xcf, 0x7d, 0x42, 0x49, 0xff,
    0x7d, 0x42, 0x49, 0xff, 0x7d, 0x42, 0x49, 0xff,
    0x7d, 0x42, 0x49, 0xff, 0x7d, 0x42, 0x49, 0x80,
    0x00, 0x00, 0x00, 0x00, 0x00, 0x00, 0x00, 0x00,
    0xff, 0xd4, 0xda, 0x70, 0xff, 0xd4, 0xda, 0xff,
    0xff, 0xd4, 0xda, 0xff, 0xff, 0xd4, 0xda, 0xff,
    0xff, 0xd4, 0xda, 0xff, 0xff, 0xd4, 0xda, 0xff,
    0xff, 0xd4, 0xda, 0x10, 0x00, 0x00, 0x00, 0x00,
    0x00, 0x00, 0x00, 0x00, 0x00, 0x00, 0x00, 0x00,
    0x00, 0x00, 0x00, 0x00, 0xff, 0xd4, 0xda, 0xbf,
    0xff, 0xd4, 0xda, 0xff, 0xff, 0xd4, 0xda, 0xff,
    0xff, 0xd4, 0xda, 0xff, 0xff, 0xd4, 0xda, 0xff,
    0xff, 0xd4, 0xda, 0xaf, 0x00, 0x00, 0x00, 0x00,
    0x00, 0x00, 0x00, 0x00, 0x7d, 0x42, 0x49, 0x40,
    0x7d, 0x42, 0x49, 0xff, 0x7d, 0x42, 0x49, 0xff,
    0x7d, 0x42, 0x49, 0xff, 0x7d, 0x42, 0x49, 0xff,
    0x7d, 0x42, 0x49, 0xff, 0x00, 0x00, 0x00, 0x00,
    0x00, 0x00, 0x00, 0x00, 0x00, 0x00, 0x00, 0x00,
    0x00, 0x00, 0x00, 0x00, 0xff, 0xe0, 0xe6, 0xbf,
    0xff, 0xe0, 0xe6, 0xff, 0xff, 0xe0, 0xe6, 0xff,
    0xff, 0xe0, 0xe6, 0xff, 0xff, 0xe0, 0xe6, 0xff,
    0xff, 0xe0, 0xe6, 0x80, 0x00, 0x00, 0x00, 0x00,
    0x00, 0x00, 0x00, 0x00, 0x00, 0x00, 0x00, 0x00,
    0xff, 0xf7, 0xf9, 0xff, 0xff, 0xf7, 0xf9, 0xff,
    0xff, 0xf7, 0xf9, 0xff, 0xff, 0xf7, 0xf9, 0x10,
    0x00, 0x00, 0x00, 0x00, 0x00, 0x00, 0x00, 0x00,
    0xff, 0xf7, 0xf9, 0xff, 0xff, 0xf7, 0xf9, 0xff,
    0xff, 0xf7, 0xf9, 0xff, 0x00, 0x00, 0x00, 0x00,
    0x00, 0x00, 0x00, 0x00, 0x00, 0x00, 0x00, 0x00,
    0xff, 0xe0, 0xe6, 0x50, 0xff, 0xe0, 0xe6, 0xff,
    0xff, 0xe0, 0xe6, 0xff, 0xff, 0xe0, 0xe6, 0xff,
    0xff, 0xe0, 0xe6, 0xff, 0xff, 0xe0, 0xe6, 0xff,
    0x00, 0x00, 0x00, 0x00, 0x00, 0x00, 0x00, 0x00,
    0x00, 0x00, 0x00, 0x00, 0x00, 0x00, 0x00, 0x00,
    0x7d, 0x42, 0x49, 0xef, 0x7d, 0x42, 0x49, 0xff,
    0x7d, 0x42, 0x49, 0xff, 0x7d, 0x42, 0x49, 0xff,
    0x7d, 0x42, 0x49, 0xff, 0x7d, 0x42, 0x49, 0x70,
    0x00, 0x00, 0x00, 0x00, 0x00, 0x00, 0x00, 0x00,
    0xff, 0xd4, 0xda, 0x80, 0xff, 0xd4, 0xda, 0xff,
    0xff, 0xd4, 0xda, 0xff, 0xff, 0xd4, 0xda, 0xff,
    0xff, 0xd4, 0xda, 0xff, 0xff, 0xd4, 0xda, 0xbf,
    0x00, 0x00, 0x00, 0x00, 0x00, 0x00, 0x00, 0x00,
    0x00, 0x00, 0x00, 0x00, 0x00, 0x00, 0x00, 0x00,
    0x00, 0x00, 0x00, 0x00, 0xff, 0xd4, 0xda, 0x80,
    0xff, 0xd4, 0xda, 0xff, 0xff, 0xd4, 0xda, 0xff,
    0xff, 0xd4, 0xda, 0xff, 0xff, 0xd4, 0xda, 0xff,
    0xff, 0xd4, 0xda, 0xbf, 0x00, 0x00, 0x00, 0x00,
    0x00, 0x00, 0x00, 0x00, 0x7d, 0x42, 0x49, 0x40,
    0x7d, 0x42, 0x49, 0xff, 0x7d, 0x42, 0x49, 0xff,
    0x7d, 0x42, 0x49, 0xff, 0x7d, 0x42, 0x49, 0xff,
    0x7d, 0x42, 0x49, 0xff, 0x00, 0x00, 0x00, 0x00,
    0x00, 0x00, 0x00, 0x00, 0x00, 0x00, 0x00, 0x00,
    0x00, 0x00, 0x00, 0x00, 0xff, 0xe0, 0xe6, 0xbf,
    0xff, 0xe0, 0xe6, 0xff, 0xff, 0xe0, 0xe6, 0xff,
    0xff, 0xe0, 0xe6, 0xff, 0xff, 0xe0, 0xe6, 0xff,
    0xff, 0xe0, 0xe6, 0x80, 0x00, 0x00, 0x00, 0x00,
    0x00, 0x00, 0x00, 0x00, 0x00, 0x00, 0x00, 0x00,
    0xff, 0xf7, 0xf9, 0xdf, 0xff, 0xf7, 0xf9, 0xff,
    0xff, 0xf7, 0xf9, 0xff, 0xff, 0xf7, 0xf9, 0x40,
    0x00, 0x00, 0x00, 0x00, 0x00, 0x00, 0x00, 0x00,
    0xff, 0xf7, 0xf9, 0xff, 0xff, 0xf7, 0xf9, 0xff,
    0xff, 0xf7, 0xf9, 0xff, 0x00, 0x00, 0x00, 0x00,
    0x00, 0x00, 0x00, 0x00, 0x00, 0x00, 0x00, 0x00,
    0xff, 0xe0, 0xe6, 0x40, 0xff, 0xe0, 0xe6, 0xff,
    0xff, 0xe0, 0xe6, 0xff, 0xff, 0xe0, 0xe6, 0xff,
    0xff, 0xe0, 0xe6, 0xff, 0xff, 0xe0, 0xe6, 0xff,
    0x00, 0x00, 0x00, 0x00, 0x00, 0x00, 0x00, 0x00,
    0x00, 0x00, 0x00, 0x00, 0x00, 0x00, 0x00, 0x00,
    0x7d, 0x42, 0x49, 0xbf, 0x7d, 0x42, 0x49, 0xff,
    0x7d, 0x42, 0x49, 0xff, 0x7d, 0x42, 0x49, 0xff,
    0x7d, 0x42, 0x49, 0xff, 0x7d, 0x42, 0x49, 0x80,
    0x00, 0x00, 0x00, 0x00, 0x00, 0x00, 0x00, 0x00,
    0xff, 0xd4, 0xda, 0x80, 0xff, 0xd4, 0xda, 0xff,
    0xff, 0xd4, 0xda, 0xff, 0xff, 0xd4, 0xda, 0xff,
    0xff, 0xd4, 0xda, 0xff, 0xff, 0xd4, 0xda, 0xcf,
    0x00, 0x00, 0x00, 0x00, 0x00, 0x00, 0x00, 0x00,
    0x00, 0x00, 0x00, 0x00, 0x00, 0x00, 0x00, 0x00,
    0x00, 0x00, 0x00, 0x00, 0xff, 0xd4, 0xda, 0x8f,
    0xff, 0xd4, 0xda, 0xff, 0xff, 0xd4, 0xda, 0xff,
    0xff, 0xd4, 0xda, 0xff, 0xff, 0xd4, 0xda, 0xff,
    0xff, 0xd4, 0xda, 0xbf, 0x00, 0x00, 0x00, 0x00,
    0x00, 0x00, 0x00, 0x00, 0x7d, 0x42, 0x49, 0x50,
    0x7d, 0x42, 0x49, 0xff, 0x7d, 0x42, 0x49, 0xff,
    0x7d, 0x42, 0x49, 0xff, 0x7d, 0x42, 0x49, 0xff,
    0x7d, 0x42, 0x49, 0xff, 0x00, 0x00, 0x00, 0x00,
    0x00, 0x00, 0x00, 0x00, 0x00, 0x00, 0x00, 0x00,
    0x00, 0x00, 0x00, 0x00, 0xff, 0xe0, 0xe6, 0xdf,
    0xff, 0xe0, 0xe6, 0xff, 0xff, 0xe0, 0xe6, 0xff,
    0xff, 0xe0, 0xe6, 0xff, 0xff, 0xe0, 0xe6, 0xff,
    0xff, 0xe0, 0xe6, 0x80, 0x00, 0x00, 0x00, 0x00,
    0x00, 0x00, 0x00, 0x00, 0x00, 0x00, 0x00, 0x00,
    0xff, 0xf7, 0xf9, 0xef, 0xff, 0xf7, 0xf9, 0xff,
    0xff, 0xf7, 0xf9, 0xff, 0xff, 0xf7, 0xf9, 0x20,
    0x00, 0x00, 0x00, 0x00, 0x00, 0x00, 0x00, 0x00,
    0xff, 0xf7, 0xf9, 0xdf, 0xff, 0xf7, 0xf9, 0xff,
    0xff, 0xf7, 0xf9, 0xff, 0xff, 0xf7, 0xf9, 0x30,
    0x00, 0x00, 0x00, 0x00, 0x00, 0x00, 0x00, 0x00,
    0xff, 0xe0, 0xe6, 0x30, 0xff, 0xe0, 0xe6, 0xff,
    0xff, 0xe0, 0xe6, 0xff, 0xff, 0xe0, 0xe6, 0xff,
    0xff, 0xe0, 0xe6, 0xff, 0xff, 0xe0, 0xe6, 0xff,
    0xff, 0xe0, 0xe6, 0x20, 0x00, 0x00, 0x00, 0x00,
    0x00, 0x00, 0x00, 0x00, 0x00, 0x00, 0x00, 0x00,
    0x7d, 0x42, 0x49, 0xaf, 0x7d, 0x42, 0x49, 0xff,
    0x7d, 0x42, 0x49, 0xff, 0x7d, 0x42, 0x49, 0xff,
    0x7d, 0x42, 0x49, 0xff, 0x7d, 0x42, 0x49, 0xaf,
    0x00, 0x00, 0x00, 0x00, 0x00, 0x00, 0x00, 0x00,
    0xff, 0xd4, 0xda, 0x50, 0xff, 0xd4, 0xda, 0xff,
    0xff, 0xd4, 0xda, 0xff, 0xff, 0xd4, 0xda, 0xff,
    0xff, 0xd4, 0xda, 0xff, 0xff, 0xd4, 0xda, 0xff,
    0xff, 0xd4, 0xda, 0x50, 0x00, 0x00, 0x00, 0x00,
    0x00, 0x00, 0x00, 0x00, 0x00, 0x00, 0x00, 0x00,
    0xff, 0xd4, 0xda, 0x10, 0xff, 0xd4, 0xda, 0xef,
    0xff, 0xd4, 0xda, 0xff, 0xff, 0xd4, 0xda, 0xff,
    0xff, 0xd4, 0xda, 0xff, 0xff, 0xd4, 0xda, 0xff,
    0xff, 0xd4, 0xda, 0x9f, 0x00, 0x00, 0x00, 0x00,
    0x00, 0x00, 0x00, 0x00, 0x7d, 0x42, 0x49, 0x8f,
    0x7d, 0x42, 0x49, 0xff, 0x7d, 0x42, 0x49, 0xff,
    0x7d, 0x42, 0x49, 0xff, 0x7d, 0x42, 0x49, 0xff,
    0x7d, 0x42, 0x49, 0xbf, 0x00, 0x00, 0x00, 0x00,
    0x00, 0x00, 0x00, 0x00, 0x00, 0x00, 0x00, 0x00,
    0x00, 0x00, 0x00, 0x00, 0xff, 0xe0, 0xe6, 0xff,
    0xff, 0xe0, 0xe6, 0xff, 0xff, 0xe0, 0xe6, 0xff,
    0xff, 0xe0, 0xe6, 0xff, 0xff, 0xe0, 0xe6, 0xff,
    0xff, 0xe0, 0xe6, 0x40, 0x00, 0x00, 0x00, 0x00,
    0x00, 0x00, 0x00, 0x00, 0x00, 0x00, 0x00, 0x00,
    0xff, 0xf7, 0xf9, 0xff, 0xff, 0xf7, 0xf9, 0xff,
    0xff, 0xf7, 0xf9, 0xff, 0x00, 0x00, 0x00, 0x00,
    0x00, 0x00, 0x00, 0x00, 0x00, 0x00, 0x00, 0x00,
    0xff, 0xf7, 0xf9, 0xbf, 0xff, 0xf7, 0xf9, 0xff,
    0xff, 0xf7, 0xf9, 0xff, 0xff, 0xf7, 0xf9, 0x40,
    0x00, 0x00, 0x00, 0x00, 0x00, 0x00, 0x00, 0x00,
    0x00, 0x00, 0x00, 0x00, 0xff, 0xe0, 0xe6, 0xff,
    0xff, 0xe0, 0xe6, 0xff, 0xff, 0xe0, 0xe6, 0xff,
    0xff, 0xe0, 0xe6, 0xff, 0xff, 0xe0, 0xe6, 0xff,
    0xff, 0xe0, 0xe6, 0x40, 0x00, 0x00, 0x00, 0x00,
    0x00, 0x00, 0x00, 0x00, 0x00, 0x00, 0x00, 0x00,
    0x7d, 0x42, 0x49, 0x80, 0x7d, 0x42, 0x49, 0xff,
    0x7d, 0x42, 0x49, 0xff, 0x7d, 0x42, 0x49, 0xff,
    0x7d, 0x42, 0x49, 0xff, 0x7d, 0x42, 0x49, 0xff,
    0x00, 0x00, 0x00, 0x00, 0x00, 0x00, 0x00, 0x00,
    0xff, 0xd4, 0xda, 0x10, 0xff, 0xd4, 0xda, 0xff,
    0xff, 0xd4, 0xda, 0xff, 0xff, 0xd4, 0xda, 0xff,
    0xff, 0xd4, 0xda, 0xff, 0xff, 0xd4, 0xda, 0xff,
    0xff, 0xd4, 0xda, 0xff, 0xff, 0xd4, 0xda, 0x8f,
    0xff, 0xd4, 0xda, 0x40, 0xff, 0xd4, 0xda, 0x70,
    0xff, 0xd4, 0xda, 0xef, 0xff, 0xd4, 0xda, 0xff,
    0xff, 0xd4, 0xda, 0xff, 0xff, 0xd4, 0xda, 0xff,
    0xff, 0xd4, 0xda, 0xff, 0xff, 0xd4, 0xda, 0xff,
    0xff, 0xd4, 0xda, 0x50, 0x00, 0x00, 0x00, 0x00,
    0x00, 0x00, 0x00, 0x00, 0x7d, 0x42, 0x49, 0xcf,
    0x7d, 0x42, 0x49, 0xff, 0x7d, 0x42, 0x49, 0xff,
    0x7d, 0x42, 0x49, 0xff, 0x7d, 0x42, 0x49, 0xff,
    0x7d, 0x42, 0x49, 0xaf, 0x00, 0x00, 0x00, 0x00,
    0x00, 0x00, 0x00, 0x00, 0x00, 0x00, 0x00, 0x00,
    0xff, 0xe0, 0xe6, 0x10, 0xff, 0xe0, 0xe6, 0xff,
    0xff, 0xe0, 0xe6, 0xff, 0xff, 0xe0, 0xe6, 0xff,
    0xff, 0xe0, 0xe6, 0xff, 0xff, 0xe0, 0xe6, 0xff,
    0xff, 0xe0, 0xe6, 0x40, 0x00, 0x00, 0x00, 0x00,
    0x00, 0x00, 0x00, 0x00, 0x00, 0x00, 0x00, 0x00,
    0xff, 0xf7, 0xf9, 0xff, 0xff, 0xf7, 0xf9, 0xff,
    0xff, 0xf7, 0xf9, 0xff, 0x00, 0x00, 0x00, 0x00,
    0x00, 0x00, 0x00, 0x00, 0x00, 0x00, 0x00, 0x00,
    0xff, 0xf7, 0xf9, 0xbf, 0xff, 0xf7, 0xf9, 0xff,
    0xff, 0xf7, 0xf9, 0xff, 0xff, 0xf7, 0xf9, 0x60,
    0x00, 0x00, 0x00, 0x00, 0x00, 0x00, 0x00, 0x00,
    0x00, 0x00, 0x00, 0x00, 0xff, 0xe0, 0xe6, 0xef,
    0xff, 0xe0, 0xe6, 0xff, 0xff, 0xe0, 0xe6, 0xff,
    0xff, 0xe0, 0xe6, 0xff, 0xff, 0xe0, 0xe6, 0xff,
    0xff, 0xe0, 0xe6, 0x8f, 0x00, 0x00, 0x00, 0x00,
    0x00, 0x00, 0x00, 0x00, 0x00, 0x00, 0x00, 0x00,
    0x7d, 0x42, 0x49, 0x30, 0x7d, 0x42, 0x49, 0xff,
    0x7d, 0x42, 0x49, 0xff, 0x7d, 0x42, 0x49, 0xff,
    0x7d, 0x42, 0x49, 0xff, 0x7d, 0x42, 0x49, 0xff,
    0x7d, 0x42, 0x49, 0x60, 0x00, 0x00, 0x00, 0x00,
    0x00, 0x00, 0x00, 0x00, 0xff, 0xd4, 0xda, 0x9f,
    0xff, 0xd4, 0xda, 0xff, 0xff, 0xd4, 0xda, 0xff,
    0xff, 0xd4, 0xda, 0xff, 0xff, 0xd4, 0xda, 0xff,
    0xff, 0xd4, 0xda, 0xff, 0xff, 0xd4, 0xda, 0xff,
    0xff, 0xd4, 0xda, 0xff, 0xff, 0xd4, 0xda, 0xff,
    0xff, 0xd4, 0xda, 0xff, 0xff, 0xd4, 0xda, 0xff,
    0xff, 0xd4, 0xda, 0xff, 0xff, 0xd4, 0xda, 0xff,
    0xff, 0xd4, 0xda, 0xff, 0xff, 0xd4, 0xda, 0xdf,
    0x00, 0x00, 0x00, 0x00, 0x00, 0x00, 0x00, 0x00,
    0x7d, 0x42, 0x49, 0x30, 0x7d, 0x42, 0x49, 0xff,
    0x7d, 0x42, 0x49, 0xff, 0x7d, 0x42, 0x49, 0xff,
    0x7d, 0x42, 0x49, 0xff, 0x7d, 0x42, 0x49, 0xff,
    0x7d, 0x42, 0x49, 0x60, 0x00, 0x00, 0x00, 0x00,
    0x00, 0x00, 0x00, 0x00, 0x00, 0x00, 0x00, 0x00,
    0xff, 0xe0, 0xe6, 0x60, 0xff, 0xe0, 0xe6, 0xff,
    0xff, 0xe0, 0xe6, 0xff, 0xff, 0xe0, 0xe6, 0xff,
    0xff, 0xe0, 0xe6, 0xff, 0xff, 0xe0, 0xe6, 0xff,
    0xff, 0xe0, 0xe6, 0x20, 0x00, 0x00, 0x00, 0x00,
    0x00, 0x00, 0x00, 0x00, 0xff, 0xf7, 0xf9, 0x30,
    0xff, 0xf7, 0xf9, 0xff, 0xff, 0xf7, 0xf9, 0xff,
    0xff, 0xf7, 0xf9, 0xcf, 0x00, 0x00, 0x00, 0x00,
    0x00, 0x00, 0x00, 0x00, 0x00, 0x00, 0x00, 0x00,
    0xff, 0xf7, 0xf9, 0x80, 0xff, 0xf7, 0xf9, 0xff,
    0xff, 0xf7, 0xf9, 0xff, 0xff, 0xf7, 0xf9, 0x80,
    0x00, 0x00, 0x00, 0x00, 0x00, 0x00, 0x00, 0x00,
    0x00, 0x00, 0x00, 0x00, 0xff, 0xe0, 0xe6, 0xaf,
    0xff, 0xe0, 0xe6, 0xff, 0xff, 0xe0, 0xe6, 0xff,
    0xff, 0xe0, 0xe6, 0xff, 0xff, 0xe0, 0xe6, 0xff,
    0xff, 0xe0, 0xe6, 0xcf, 0x00, 0x00, 0x00, 0x00,
    0x00, 0x00, 0x00, 0x00, 0x00, 0x00, 0x00, 0x00,
    0x00, 0x00, 0x00, 0x00, 0x7d, 0x42, 0x49, 0xdf,
    0x7d, 0x42, 0x49, 0xff, 0x7d, 0x42, 0x49, 0xff,
    0x7d, 0x42, 0x49, 0xff, 0x7d, 0x42, 0x49, 0xff,
    0x7d, 0x42, 0x49, 0xdf, 0x00, 0x00, 0x00, 0x00,
    0x00, 0x00, 0x00, 0x00, 0xff, 0xd4, 0xda, 0x10,
    0xff, 0xd4, 0xda, 0xef, 0xff, 0xd4, 0xda, 0xff,
    0xff, 0xd4, 0xda, 0xff, 0xff, 0xd4, 0xda, 0xff,
    0xff, 0xd4, 0xda, 0xff, 0xff, 0xd4, 0xda, 0xff,
    0xff, 0xd4, 0xda, 0xff, 0xff, 0xd4, 0xda, 0xff,
    0xff, 0xd4, 0xda, 0xff, 0xff, 0xd4, 0xda, 0xff,
    0xff, 0xd4, 0xda, 0xff, 0xff, 0xd4, 0xda, 0xff,
    0xff, 0xd4, 0xda, 0xff, 0xff, 0xd4, 0xda, 0x50,
    0x00, 0x00, 0x00, 0x00, 0x00, 0x00, 0x00, 0x00,
    0x7d, 0x42, 0x49, 0xbf, 0x7d, 0x42, 0x49, 0xff,
    0x7d, 0x42, 0x49, 0xff, 0x7d, 0x42, 0x49, 0xff,
    0x7d, 0x42, 0x49, 0xff, 0x7d, 0x42, 0x49, 0xff,
    0x7d, 0x42, 0x49, 0x10, 0x00, 0x00, 0x00, 0x00,
    0x00, 0x00, 0x00, 0x00, 0x00, 0x00, 0x00, 0x00,
    0xff, 0xe0, 0xe6, 0xaf, 0xff, 0xe0, 0xe6, 0xff,
    0xff, 0xe0, 0xe6, 0xff, 0xff, 0xe0, 0xe6, 0xff,
    0xff, 0xe0, 0xe6, 0xff, 0xff, 0xe0, 0xe6, 0xcf,
    0x00, 0x00, 0x00, 0x00, 0x00, 0x00, 0x00, 0x00,
    0x00, 0x00, 0x00, 0x00, 0xff, 0xf7, 0xf9, 0x60,
    0xff, 0xf7, 0xf9, 0xff, 0xff, 0xf7, 0xf9, 0xff,
    0xff, 0xf7, 0xf9, 0xaf, 0x00, 0x00, 0x00, 0x00,
    0x00, 0x00, 0x00, 0x00, 0x00, 0x00, 0x00, 0x00,
    0xff, 0xf7, 0xf9, 0x50, 0xff, 0xf7, 0xf9, 0xff,
    0xff, 0xf7, 0xf9, 0xff, 0xff, 0xf7, 0xf9, 0xbf,
    0x00, 0x00, 0x00, 0x00, 0x00, 0x00, 0x00, 0x00,
    0x00, 0x00, 0x00, 0x00, 0xff, 0xe0, 0xe6, 0x60,
    0xff, 0xe0, 0xe6, 0xff, 0xff, 0xe0, 0xe6, 0xff,
    0xff, 0xe0, 0xe6, 0xff, 0xff, 0xe0, 0xe6, 0xff,
    0xff, 0xe0, 0xe6, 0xff, 0xff, 0xe0, 0xe6, 0x20,
    0x00, 0x00, 0x00, 0x00, 0x00, 0x00, 0x00, 0x00,
    0x00, 0x00, 0x00, 0x00, 0x7d, 0x42, 0x49, 0x80,
    0x7d, 0x42, 0x49, 0xff, 0x7d, 0x42, 0x49, 0xff,
    0x7d, 0x42, 0x49, 0xff, 0x7d, 0x42, 0x49, 0xff,
    0x7d, 0x42, 0x49, 0xff, 0x7d, 0x42, 0x49, 0x8f,
    0x00, 0x00, 0x00, 0x00, 0x00, 0x00, 0x00, 0x00,
    0xff, 0xd4, 0xda, 0x30, 0xff, 0xd4, 0xda, 0xef,
    0xff, 0xd4, 0xda, 0xff, 0xff, 0xd4, 0xda, 0xff,
    0xff, 0xd4, 0xda, 0xff, 0xff, 0xd4, 0xda, 0xff,
    0xff, 0xd4, 0xda, 0xff, 0xff, 0xd4, 0xda, 0xff,
    0xff, 0xd4, 0xda, 0xff, 0xff, 0xd4, 0xda, 0xff,
    0xff, 0xd4, 0xda, 0xff, 0xff, 0xd4, 0xda, 0xff,
    0xff, 0xd4, 0xda, 0x60, 0x00, 0x00, 0x00, 0x00,
    0x00, 0x00, 0x00, 0x00, 0x7d, 0x42, 0x49, 0x60,
    0x7d, 0x42, 0x49, 0xff, 0x7d, 0x42, 0x49, 0xff,
    0x7d, 0x42, 0x49, 0xff, 0x7d, 0x42, 0x49, 0xff,
    0x7d, 0x42, 0x49, 0xff, 0x7d, 0x42, 0x49, 0xaf,
    0x00, 0x00, 0x00, 0x00, 0x00, 0x00, 0x00, 0x00,
    0x00, 0x00, 0x00, 0x00, 0x00, 0x00, 0x00, 0x00,
    0xff, 0xe0, 0xe6, 0xef, 0xff, 0xe0, 0xe6, 0xff,
    0xff, 0xe0, 0xe6, 0xff, 0xff, 0xe0, 0xe6, 0xff,
    0xff, 0xe0, 0xe6, 0xff, 0xff, 0xe0, 0xe6, 0x8f,
    0x00, 0x00, 0x00, 0x00, 0x00, 0x00, 0x00, 0x00,
    0x00, 0x00, 0x00, 0x00, 0xff, 0xf7, 0xf9, 0x8f,
    0xff, 0xf7, 0xf9, 0xff, 0xff, 0xf7, 0xf9, 0xff,
    0xff, 0xf7, 0xf9, 0x80, 0x00, 0x00, 0x00, 0x00,
    0x00, 0x00, 0x00, 0x00, 0x00, 0x00, 0x00, 0x00,
    0xff, 0xf7, 0xf9, 0x20, 0xff, 0xf7, 0xf9, 0xff,
    0xff, 0xf7, 0xf9, 0xff, 0xff, 0xf7, 0xf9, 0xef,
    0x00, 0x00, 0x00, 0x00, 0x00, 0x00, 0x00, 0x00,
    0x00, 0x00, 0x00, 0x00, 0xff, 0xe0, 0xe6, 0x10,
    0xff, 0xe0, 0xe6, 0xff, 0xff, 0xe0, 0xe6, 0xff,
    0xff, 0xe0, 0xe6, 0xff, 0xff, 0xe0, 0xe6, 0xff,
    0xff, 0xe0, 0xe6, 0xff, 0xff, 0xe0, 0xe6, 0x80,
    0x00, 0x00, 0x00, 0x00, 0x00, 0x00, 0x00, 0x00,
    0x00, 0x00, 0x00, 0x00, 0x7d, 0x42, 0x49, 0x10,
    0x7d, 0x42, 0x49, 0xef, 0x7d, 0x42, 0x49, 0xff,
    0x7d, 0x42, 0x49, 0xff, 0x7d, 0x42, 0x49, 0xff,
    0x7d, 0x42, 0x49, 0xff, 0x7d, 0x42, 0x49, 0xff,
    0x7d, 0x42, 0x49, 0x60, 0x00, 0x00, 0x00, 0x00,
    0x00, 0x00, 0x00, 0x00, 0xff, 0xd4, 0xda, 0x30,
    0xff, 0xd4, 0xda, 0xcf, 0xff, 0xd4, 0xda, 0xff,
    0xff, 0xd4, 0xda, 0xff, 0xff, 0xd4, 0xda, 0xff,
    0xff, 0xd4, 0xda, 0xff, 0xff, 0xd4, 0xda, 0xff,
    0xff, 0xd4, 0xda, 0xff, 0xff, 0xd4, 0xda, 0xff,
    0xff, 0xd4, 0xda, 0xef, 0xff, 0xd4, 0xda, 0x50,
    0x00, 0x00, 0x00, 0x00, 0x00, 0x00, 0x00, 0x00,
    0x7d, 0x42, 0x49, 0x30, 0x7d, 0x42, 0x49, 0xff,
    0x7d, 0x42, 0x49, 0xff, 0x7d, 0x42, 0x49, 0xff,
    0x7d, 0x42, 0x49, 0xff, 0x7d, 0x42, 0x49, 0xff,
    0x7d, 0x42, 0x49, 0xff, 0x7d, 0x42, 0x49, 0x20,
    0x00, 0x00, 0x00, 0x00, 0x00, 0x00, 0x00, 0x00,
    0x00, 0x00, 0x00, 0x00, 0xff, 0xe0, 0xe6, 0x50,
    0xff, 0xe0, 0xe6, 0xff, 0xff, 0xe0, 0xe6, 0xff,
    0xff, 0xe0, 0xe6, 0xff, 0xff, 0xe0, 0xe6, 0xff,
    0xff, 0xe0, 0xe6, 0xff, 0xff, 0xe0, 0xe6, 0x30,
    0x00, 0x00, 0x00, 0x00, 0x00, 0x00, 0x00, 0x00,
    0x00, 0x00, 0x00, 0x00, 0xff, 0xf7, 0xf9, 0xcf,
    0xff, 0xf7, 0xf9, 0xff, 0xff, 0xf7, 0xf9, 0xff,
    0xff, 0xf7, 0xf9, 0x40, 0x00, 0x00, 0x00, 0x00,
    0x00, 0x00, 0x00, 0x00, 0x00, 0x00, 0x00, 0x00,
    0x00, 0x00, 0x00, 0x00, 0xff, 0xf7, 0xf9, 0xdf,
    0xff, 0xf7, 0xf9, 0xff, 0xff, 0xf7, 0xf9, 0xff,
    0xff, 0xf7, 0xf9, 0x50, 0x00, 0x00, 0x00, 0x00,
    0x00, 0x00, 0x00, 0x00, 0x00, 0x00, 0x00, 0x00,
    0xff, 0xe0, 0xe6, 0xbf, 0xff, 0xe0, 0xe6, 0xff,
    0xff, 0xe0, 0xe6, 0xff, 0xff, 0xe0, 0xe6, 0xff,
    0xff, 0xe0, 0xe6, 0xff, 0xff, 0xe0, 0xe6, 0xef,
    0xff, 0xe0, 0xe6, 0x10, 0x00, 0x00, 0x00, 0x00,
    0x00, 0x00, 0x00, 0x00, 0x00, 0x00, 0x00, 0x00,
    0x7d, 0x42, 0x49, 0x80, 0x7d, 0x42, 0x49, 0xff,
    0x7d, 0x42, 0x49, 0xff, 0x7d, 0x42, 0x49, 0xff,
    0x7d, 0x42, 0x49, 0xff, 0x7d, 0x42, 0x49, 0xff,
    0x7d, 0x42, 0x49, 0xff, 0x7d, 0x42, 0x49, 0x20,
    0x00, 0x00, 0x00, 0x00, 0x00, 0x00, 0x00, 0x00,
    0x00, 0x00, 0x00, 0x00, 0xff, 0xd4, 0xda, 0x60,
    0xff, 0xd4, 0xda, 0xff, 0xff, 0xd4, 0xda, 0xff,
    0xff, 0xd4, 0xda, 0xff, 0xff, 0xd4, 0xda, 0xff,
    0xff, 0xd4, 0xda, 0xff, 0xff, 0xd4, 0xda, 0x94,
    0xff, 0xd4, 0xda, 0x10, 0x00, 0x00, 0x00, 0x00,
    0x00, 0x00, 0x00, 0x00, 0x00, 0x00, 0x00, 0x00,
    0x7d, 0x42, 0x49, 0xef, 0x7d, 0x42, 0x49, 0xff,
    0x7d, 0x42, 0x49, 0xff, 0x7d, 0x42, 0x49, 0xff,
    0x7d, 0x42, 0x49, 0xff, 0x7d, 0x42, 0x49, 0xff,
    0x7d, 0x42, 0x49, 0x9f, 0x00, 0x00, 0x00, 0x00,
    0x00, 0x00, 0x00, 0x00, 0x00, 0x00, 0x00, 0x00,
    0x00, 0x00, 0x00, 0x00, 0xff, 0xe0, 0xe6, 0xdf,
    0xff, 0xe0, 0xe6, 0xff, 0xff, 0xe0, 0xe6, 0xff,
    0xff, 0xe0, 0xe6, 0xff, 0xff, 0xe0, 0xe6, 0xff,
    0xff, 0xe0, 0xe6, 0xef, 0x00, 0x00, 0x00, 0x00,
    0x00, 0x00, 0x00, 0x00, 0x00, 0x00, 0x00, 0x00,
    0xff, 0xf7, 0xf9, 0x20, 0xff, 0xf7, 0xf9, 0xff,
    0xff, 0xf7, 0xf9, 0xff, 0xff, 0xf7, 0xf9, 0xff,
    0xff, 0xf7, 0xf9, 0x10, 0x00, 0x00, 0x00, 0x00,
    0x00, 0x00, 0x00, 0x00, 0x00, 0x00, 0x00, 0x00,
    0x00, 0x00, 0x00, 0x00, 0xff, 0xf7, 0xf9, 0x8f,
    0xff, 0xf7, 0xf9, 0xff, 0xff, 0xf7, 0xf9, 0xff,
    0xff, 0xf7, 0xf9, 0x8f, 0x00, 0x00, 0x00, 0x00,
    0x00, 0x00, 0x00, 0x00, 0x00, 0x00, 0x00, 0x00,
    0xff, 0xe0, 0xe6, 0x60, 0xff, 0xe0, 0xe6, 0xff,
    0xff, 0xe0, 0xe6, 0xff, 0xff, 0xe0, 0xe6, 0xff,
    0xff, 0xe0, 0xe6, 0xff, 0xff, 0xe0, 0xe6, 0xff,
    0xff, 0xe0, 0xe6, 0x80, 0x00, 0x00, 0x00, 0x00,
    0x00, 0x00, 0x00, 0x00, 0x00, 0x00, 0x00, 0x00,
    0x00, 0x00, 0x00, 0x00, 0x7d, 0x42, 0x49, 0xcf,
    0x7d, 0x42, 0x49, 0xff, 0x7d, 0x42, 0x49, 0xff,
    0x7d, 0x42, 0x49, 0xff, 0x7d, 0x42, 0x49, 0xff,
    0x7d, 0x42, 0x49, 0xff, 0x7d, 0x42, 0x49, 0x70,
    0x00, 0x00, 0x00, 0x00, 0x00, 0x00, 0x00, 0x00,
    0x00, 0x00, 0x00, 0x00, 0x00, 0x00, 0x00, 0x00,
    0xff, 0xd4, 0xda, 0xff, 0xff, 0xd4, 0xda, 0xff,
    0xff, 0xd4, 0xda, 0xff, 0xff, 0xd4, 0xda, 0xff,
    0xff, 0xd4, 0xda, 0xff, 0xff, 0xd4, 0xda, 0x40,
    0x00, 0x00, 0x00, 0x00, 0x00, 0x00, 0x00, 0x00,
    0x00, 0x00, 0x00, 0x00, 0x7d, 0x42, 0x49, 0x40,
    0x7d, 0x42, 0x49, 0xff, 0x7d, 0x42, 0x49, 0xff,
    0x7d, 0x42, 0x49, 0xff, 0x7d, 0x42, 0x49, 0xff,
    0x7d, 0x42, 0x49, 0xff, 0x7d, 0x42, 0x49, 0xef,
    0x7d, 0x42, 0x49, 0x10, 0x00, 0x00, 0x00, 0x00,
    0x00, 0x00, 0x00, 0x00, 0x00, 0x00, 0x00, 0x00,
    0xff, 0xe0, 0xe6, 0x60, 0xff, 0xe0, 0xe6, 0xff,
    0xff, 0xe0, 0xe6, 0xff, 0xff, 0xe0, 0xe6, 0xff,
    0xff, 0xe0, 0xe6, 0xff, 0xff, 0xe0, 0xe6, 0xff,
    0xff, 0xe0, 0xe6, 0x9f, 0x00, 0x00, 0x00, 0x00,
    0x00, 0x00, 0x00, 0x00, 0x00, 0x00, 0x00, 0x00,
    0xff, 0xf7, 0xf9, 0x60, 0xff, 0xf7, 0xf9, 0xff,
    0xff, 0xf7, 0xf9, 0xff, 0xff, 0xf7, 0xf9, 0xbf,
    0x00, 0x00, 0x00, 0x00, 0x00, 0x00, 0x00, 0x00,
    0x00, 0x00, 0x00, 0x00, 0x00, 0x00, 0x00, 0x00,
    0x00, 0x00, 0x00, 0x00, 0xff, 0xf7, 0xf9, 0x50,
    0xff, 0xf7, 0xf9, 0xff, 0xff, 0xf7, 0xf9, 0xff,
    0xff, 0xf7, 0xf9, 0xef, 0x00, 0x00, 0x00, 0x00,
    0x00, 0x00, 0x00, 0x00, 0x00, 0x00, 0x00, 0x00,
    0x00, 0x00, 0x00, 0x00, 0xff, 0xe0, 0xe6, 0xdf,
    0xff, 0xe0, 0xe6, 0xff, 0xff, 0xe0, 0xe6, 0xff,
    0xff, 0xe0, 0xe6, 0xff, 0xff, 0xe0, 0xe6, 0xff,
    0xff, 0xe0, 0xe6, 0xef, 0xff, 0xe0, 0xe6, 0x20,
    0x00, 0x00, 0x00, 0x00, 0x00, 0x00, 0x00, 0x00,
    0x00, 0x00, 0x00, 0x00, 0x7d, 0x42, 0x49, 0x10,
    0x7d, 0x42, 0x49, 0xef, 0x7d, 0x42, 0x49, 0xff,
    0x7d, 0x42, 0x49, 0xff, 0x7d, 0x42, 0x49, 0xff,
    0x7d, 0x42, 0x49, 0xff, 0x7d, 0x42, 0x49, 0x40,
    0x00, 0x00, 0x00, 0x00, 0x00, 0x00, 0x00, 0x00,
    0x00, 0x00, 0x00, 0x00, 0x00, 0x00, 0x00, 0x00,
    0xff, 0xd4, 0xda, 0xff, 0xff, 0xd4, 0xda, 0xff,
    0xff, 0xd4, 0xda, 0xff, 0xff, 0xd4, 0xda, 0xff,
    0xff, 0xd4, 0xda, 0xff, 0xff, 0xd4, 0xda, 0x40,
    0x00, 0x00, 0x00, 0x00, 0x00, 0x00, 0x00, 0x00,
    0x00, 0x00, 0x00, 0x00, 0x7d, 0x42, 0x49, 0x20,
    0x7d, 0x42, 0x49, 0xff, 0x7d, 0x42, 0x49, 0xff,
    0x7d, 0x42, 0x49, 0xff, 0x7d, 0x42, 0x49, 0xff,
    0x7d, 0x42, 0x49, 0xef, 0x7d, 0x42, 0x49, 0x30,
    0x00, 0x00, 0x00, 0x00, 0x00, 0x00, 0x00, 0x00,
    0x00, 0x00, 0x00, 0x00, 0x00, 0x00, 0x00, 0x00,
    0xff, 0xe0, 0xe6, 0xdf, 0xff, 0xe0, 0xe6, 0xff,
    0xff, 0xe0, 0xe6, 0xff, 0xff, 0xe0, 0xe6, 0xff,
    0xff, 0xe0, 0xe6, 0xff, 0xff, 0xe0, 0xe6, 0xef,
    0xff, 0xe0, 0xe6, 0x20, 0x00, 0x00, 0x00, 0x00,
    0x00, 0x00, 0x00, 0x00, 0x00, 0x00, 0x00, 0x00,
    0xff, 0xf7, 0xf9, 0xbf, 0xff, 0xf7, 0xf9, 0xff,
    0xff, 0xf7, 0xf9, 0xff, 0xff, 0xf7, 0xf9, 0x70,
    0x00, 0x00, 0x00, 0x00, 0x00, 0x00, 0x00, 0x00,
    0x00, 0x00, 0x00, 0x00, 0x00, 0x00, 0x00, 0x00,
    0x00, 0x00, 0x00, 0x00, 0x00, 0x00, 0x00, 0x00,
    0xff, 0xf7, 0xf9, 0xdf, 0xff, 0xf7, 0xf9, 0xff,
    0xff, 0xf7, 0xf9, 0xff, 0xff, 0xf7, 0xf9, 0x60,
    0x00, 0x00, 0x00, 0x00, 0x00, 0x00, 0x00, 0x00,
    0x00, 0x00, 0x00, 0x00, 0xff, 0xe0, 0xe6, 0x60,
    0xff, 0xe0, 0xe6, 0xff, 0xff, 0xe0, 0xe6, 0xff,
    0xff, 0xe0, 0xe6, 0xff, 0xff, 0xe0, 0xe6, 0xff,
    0xff, 0xe0, 0xe6, 0xff, 0xff, 0xe0, 0xe6, 0xbf,
    0x00, 0x00, 0x00, 0x00, 0x00, 0x00, 0x00, 0x00,
    0x00, 0x00, 0x00, 0x00, 0x00, 0x00, 0x00, 0x00,
    0x7d, 0x42, 0x49, 0x30, 0x7d, 0x42, 0x49, 0xef,
    0x7d, 0x42, 0x49, 0xff, 0x7d, 0x42, 0x49, 0xff,
    0x7d, 0x42, 0x49, 0x9f, 0x00, 0x00, 0x00, 0x00,
    0x00, 0x00, 0x00, 0x00, 0x00, 0x00, 0x00, 0x00,
    0x00, 0x00, 0x00, 0x00, 0x00, 0x00, 0x00, 0x00,
    0xff, 0xd4, 0xda, 0xff, 0xff, 0xd4, 0xda, 0xff,
    0xff, 0xd4, 0xda, 0xff, 0xff, 0xd4, 0xda, 0xff,
    0xff, 0xd4, 0xda, 0xff, 0xff, 0xd4, 0xda, 0x40,
    0x00, 0x00, 0x00, 0x00, 0x00, 0x00, 0x00, 0x00,
    0x00, 0x00, 0x00, 0x00, 0x00, 0x00, 0x00, 0x00,
    0x7d, 0x42, 0x49, 0x80, 0x7d, 0x42, 0x49, 0xff,
    0x7d, 0x42, 0x49, 0xff, 0x7d, 0x42, 0x49, 0xff,
    0x7d, 0x42, 0x49, 0x60, 0x00, 0x00, 0x00, 0x00,
    0x00, 0x00, 0x00, 0x00, 0x00, 0x00, 0x00, 0x00,
    0x00, 0x00, 0x00, 0x00, 0xff, 0xe0, 0xe6, 0x9f,
    0xff, 0xe0, 0xe6, 0xff, 0xff, 0xe0, 0xe6, 0xff,
    0xff, 0xe0, 0xe6, 0xff, 0xff, 0xe0, 0xe6, 0xff,
    0xff, 0xe0, 0xe6, 0xff, 0xff, 0xe0, 0xe6, 0x80,
    0x00, 0x00, 0x00, 0x00, 0x00, 0x00, 0x00, 0x00,
    0x00, 0x00, 0x00, 0x00, 0xff, 0xf7, 0xf9, 0x20,
    0xff, 0xf7, 0xf9, 0xff, 0xff, 0xf7, 0xf9, 0xff,
    0xff, 0xf7, 0xf9, 0xff, 0xff, 0xf7, 0xf9, 0x20,
    0x00, 0x00, 0x00, 0x00, 0x00, 0x00, 0x00, 0x00,
    0x00, 0x00, 0x00, 0x00, 0x00, 0x00, 0x00, 0x00,
    0x00, 0x00, 0x00, 0x00, 0x00, 0x00, 0x00, 0x00,
    0xff, 0xf7, 0xf9, 0x80, 0xff, 0xf7, 0xf9, 0xff,
    0xff, 0xf7, 0xf9, 0xff, 0xff, 0xf7, 0xf9, 0xbf,
    0x00, 0x00, 0x00, 0x00, 0x00, 0x00, 0x00, 0x00,
    0x00, 0x00, 0x00, 0x00, 0x00, 0x00, 0x00, 0x00,
    0xff, 0xe0, 0xe6, 0xdf, 0xff, 0xe0, 0xe6, 0xff,
    0xff, 0xe0, 0xe6, 0xff, 0xff, 0xe0, 0xe6, 0xff,
    0xff, 0xe0, 0xe6, 0xff, 0xff, 0xe0, 0xe6, 0xff,
    0xff, 0xe0, 0xe6, 0x8f, 0x00, 0x00, 0x00, 0x00,
    0x00, 0x00, 0x00, 0x00, 0x00, 0x00, 0x00, 0x00,
    0x00, 0x00, 0x00, 0x00, 0x7d, 0x42, 0x49, 0x10,
    0x7d, 0x42, 0x49, 0x40, 0x7d, 0x42, 0x49, 0x30,
    0x00, 0x00, 0x00, 0x00, 0x00, 0x00, 0x00, 0x00,
    0x00, 0x00, 0x00, 0x00, 0x00, 0x00, 0x00, 0x00,
    0x00, 0x00, 0x00, 0x00, 0x00, 0x00, 0x00, 0x00,
    0xff, 0xd4, 0xda, 0xff, 0xff, 0xd4, 0xda, 0xff,
    0xff, 0xd4, 0xda, 0xff, 0xff, 0xd4, 0xda, 0xff,
    0xff, 0xd4, 0xda, 0xff, 0xff, 0xd4, 0xda, 0x40,
    0x00, 0x00, 0x00, 0x00, 0x00, 0x00, 0x00, 0x00,
    0x00, 0x00, 0x00, 0x00, 0x00, 0x00, 0x00, 0x00,
    0x00, 0x00, 0x00, 0x00, 0x7d, 0x42, 0x49, 0x30,
    0x7d, 0x42, 0x49, 0x40, 0x7d, 0x42, 0x49, 0x20,
    0x00, 0x00, 0x00, 0x00, 0x00, 0x00, 0x00, 0x00,
    0x00, 0x00, 0x00, 0x00, 0x00, 0x00, 0x00, 0x00,
    0xff, 0xe0, 0xe6, 0x60, 0xff, 0xe0, 0xe6, 0xff,
    0xff, 0xe0, 0xe6, 0xff, 0xff, 0xe0, 0xe6, 0xff,
    0xff, 0xe0, 0xe6, 0xff, 0xff, 0xe0, 0xe6, 0xff,
    0xff, 0xe0, 0xe6, 0xef, 0xff, 0xe0, 0xe6, 0x10,
    0x00, 0x00, 0x00, 0x00, 0x00, 0x00, 0x00, 0x00,
    0x00, 0x00, 0x00, 0x00, 0xff, 0xf7, 0xf9, 0x9f,
    0xff, 0xf7, 0xf9, 0xff, 0xff, 0xf7, 0xf9, 0xff,
    0xff, 0xf7, 0xf9, 0x9f, 0x00, 0x00, 0x00, 0x00,
    0x00, 0x00, 0x00, 0x00, 0x00, 0x00, 0x00, 0x00,
    0x00, 0x00, 0x00, 0x00, 0x00, 0x00, 0x00, 0x00,
    0x00, 0x00, 0x00, 0x00, 0x00, 0x00, 0x00, 0x00,
    0xff, 0xf7, 0xf9, 0x20, 0xff, 0xf7, 0xf9, 0xff,
    0xff, 0xf7, 0xf9, 0xff, 0xff, 0xf7, 0xf9, 0xef,
    0x00, 0x00, 0x00, 0x00, 0x00, 0x00, 0x00, 0x00,
    0x00, 0x00, 0x00, 0x00, 0x00, 0x00, 0x00, 0x00,
    0xff, 0xe0, 0xe6, 0x40, 0xff, 0xe0, 0xe6, 0xff,
    0xff, 0xe0, 0xe6, 0xff, 0xff, 0xe0, 0xe6, 0xff,
    0xff, 0xe0, 0xe6, 0xff, 0xff, 0xe0, 0xe6, 0xff,
    0xff, 0xe0, 0xe6, 0xff, 0xff, 0xe0, 0xe6, 0x60,
    0x00, 0x00, 0x00, 0x00, 0x00, 0x00, 0x00, 0x00,
    0x00, 0x00, 0x00, 0x00, 0x00, 0x00, 0x00, 0x00,
    0x00, 0x00, 0x00, 0x00, 0x00, 0x00, 0x00, 0x00,
    0x00, 0x00, 0x00, 0x00, 0x00, 0x00, 0x00, 0x00,
    0x00, 0x00, 0x00, 0x00, 0x00, 0x00, 0x00, 0x00,
    0x00, 0x00, 0x00, 0x00, 0x00, 0x00, 0x00, 0x00,
    0xff, 0xd4, 0xda, 0xff, 0xff, 0xd4, 0xda, 0xff,
    0xff, 0xd4, 0xda, 0xff, 0xff, 0xd4, 0xda, 0xff,
    0xff, 0xd4, 0xda, 0xff, 0xff, 0xd4, 0xda, 0x40,
    0x00, 0x00, 0x00, 0x00, 0x00, 0x00, 0x00, 0x00,
    0x00, 0x00, 0x00, 0x00, 0x00, 0x00, 0x00, 0x00,
    0x00, 0x00, 0x00, 0x00, 0x00, 0x00, 0x00, 0x00,
    0x00, 0x00, 0x00, 0x00, 0x00, 0x00, 0x00, 0x00,
    0x00, 0x00, 0x00, 0x00, 0x00, 0x00, 0x00, 0x00,
    0x00, 0x00, 0x00, 0x00, 0xff, 0xe0, 0xe6, 0x30,
    0xff, 0xe0, 0xe6, 0xff, 0xff, 0xe0, 0xe6, 0xff,
    0xff, 0xe0, 0xe6, 0xff, 0xff, 0xe0, 0xe6, 0xff,
    0xff, 0xe0, 0xe6, 0xff, 0xff, 0xe0, 0xe6, 0xff,
    0xff, 0xe0, 0xe6, 0x80, 0x00, 0x00, 0x00, 0x00,
    0x00, 0x00, 0x00, 0x00, 0x00, 0x00, 0x00, 0x00,
    0x00, 0x00, 0x00, 0x00, 0xff, 0xf7, 0xf9, 0xbf,
    0xff, 0xf7, 0xf9, 0xff, 0xff, 0xf7, 0xf9, 0xff,
    0xff, 0xf7, 0xf9, 0x40, 0x00, 0x00, 0x00, 0x00,
    0x00, 0x00, 0x00, 0x00, 0x00, 0x00, 0x00, 0x00,
    0x00, 0x00, 0x00, 0x00, 0x00, 0x00, 0x00, 0x00,
    0x00, 0x00, 0x00, 0x00, 0x00, 0x00, 0x00, 0x00,
    0x00, 0x00, 0x00, 0x00, 0xff, 0xf7, 0xf9, 0x60,
    0xff, 0xf7, 0xf9, 0xbf, 0xff, 0xf7, 0xf9, 0x60,
    0x00, 0x00, 0x00, 0x00, 0x00, 0x00, 0x00, 0x00,
    0x00, 0x00, 0x00, 0x00, 0x00, 0x00, 0x00, 0x00,
    0x00, 0x00, 0x00, 0x00, 0xff, 0xe0, 0xe6, 0x9f,
    0xff, 0xe0, 0xe6, 0xff, 0xff, 0xe0, 0xe6, 0xff,
    0xff, 0xe0, 0xe6, 0xff, 0xff, 0xe0, 0xe6, 0xff,
    0xff, 0xe0, 0xe6, 0xff, 0xff, 0xe0, 0xe6, 0xff,
    0xff, 0xe0, 0xe6, 0x30, 0x00, 0x00, 0x00, 0x00,
    0x00, 0x00, 0x00, 0x00, 0x00, 0x00, 0x00, 0x00,
    0x00, 0x00, 0x00, 0x00, 0x00, 0x00, 0x00, 0x00,
    0x00, 0x00, 0x00, 0x00, 0x00, 0x00, 0x00, 0x00,
    0x00, 0x00, 0x00, 0x00, 0x00, 0x00, 0x00, 0x00,
    0x00, 0x00, 0x00, 0x00, 0x00, 0x00, 0x00, 0x00,
    0xff, 0xd4, 0xda, 0xff, 0xff, 0xd4, 0xda, 0xff,
    0xff, 0xd4, 0xda, 0xff, 0xff, 0xd4, 0xda, 0xff,
    0xff, 0xd4, 0xda, 0xff, 0xff, 0xd4, 0xda, 0x40,
    0x00, 0x00, 0x00, 0x00, 0x00, 0x00, 0x00, 0x00,
    0x00, 0x00, 0x00, 0x00, 0x00, 0x00, 0x00, 0x00,
    0x00, 0x00, 0x00, 0x00, 0x00, 0x00, 0x00, 0x00,
    0x00, 0x00, 0x00, 0x00, 0x00, 0x00, 0x00, 0x00,
    0x00, 0x00, 0x00, 0x00, 0x00, 0x00, 0x00, 0x00,
    0xff, 0xe0, 0xe6, 0x10, 0xff, 0xe0, 0xe6, 0xef,
    0xff, 0xe0, 0xe6, 0xff, 0xff, 0xe0, 0xe6, 0xff,
    0xff, 0xe0, 0xe6, 0xff, 0xff, 0xe0, 0xe6, 0xff,
    0xff, 0xe0, 0xe6, 0xff, 0xff, 0xe0, 0xe6, 0xcf,
    0x00, 0x00, 0x00, 0x00, 0x00, 0x00, 0x00, 0x00,
    0x00, 0x00, 0x00, 0x00, 0x00, 0x00, 0x00, 0x00,
    0x00, 0x00, 0x00, 0x00, 0xff, 0xf7, 0xf9, 0x30,
    0xff, 0xf7, 0xf9, 0xbf, 0xff, 0xf7, 0xf9, 0x8f,
    0x00, 0x00, 0x00, 0x00, 0x00, 0x00, 0x00, 0x00,
    0x00, 0x00, 0x00, 0x00, 0x00, 0x00, 0x00, 0x00,
    0x00, 0x00, 0x00, 0x00, 0x00, 0x00, 0x00, 0x00,
    0x00, 0x00, 0x00, 0x00, 0x00, 0x00, 0x00, 0x00,
    0x00, 0x00, 0x00, 0x00, 0x00, 0x00, 0x00, 0x00,
    0x00, 0x00, 0x00, 0x00, 0x00, 0x00, 0x00, 0x00,
    0x00, 0x00, 0x00, 0x00, 0x00, 0x00, 0x00, 0x00,
    0x00, 0x00, 0x00, 0x00, 0x00, 0x00, 0x00, 0x00,
    0x00, 0x00, 0x00, 0x00, 0x00, 0x00, 0x00, 0x00,
    0xff, 0xe0, 0xe6, 0xcf, 0xff, 0xe0, 0xe6, 0xff,
    0xff, 0xe0, 0xe6, 0xff, 0xff, 0xe0, 0xe6, 0xff,
    0xff, 0xe0, 0xe6, 0xff, 0xff, 0xe0, 0xe6, 0xff,
    0xff, 0xe0, 0xe6, 0x9f, 0x00, 0x00, 0x00, 0x00,
    0x00, 0x00, 0x00, 0x00, 0x00, 0x00, 0x00, 0x00,
    0x00, 0x00, 0x00, 0x00, 0x00, 0x00, 0x00, 0x00,
    0x00, 0x00, 0x00, 0x00, 0x00, 0x00, 0x00, 0x00,
    0x00, 0x00, 0x00, 0x00, 0x00, 0x00, 0x00, 0x00,
    0x00, 0x00, 0x00, 0x00, 0x00, 0x00, 0x00, 0x00,
    0xff, 0xd4, 0xda, 0xff, 0xff, 0xd4, 0xda, 0xff,
    0xff, 0xd4, 0xda, 0xff, 0xff, 0xd4, 0xda, 0xff,
    0xff, 0xd4, 0xda, 0xff, 0xff, 0xd4, 0xda, 0x40,
    0x00, 0x00, 0x00, 0x00, 0x00, 0x00, 0x00, 0x00,
    0x00, 0x00, 0x00, 0x00, 0x00, 0x00, 0x00, 0x00,
    0x00, 0x00, 0x00, 0x00, 0x00, 0x00, 0x00, 0x00,
    0x00, 0x00, 0x00, 0x00, 0x00, 0x00, 0x00, 0x00,
    0x00, 0x00, 0x00, 0x00, 0x00, 0x00, 0x00, 0x00,
    0xff, 0xe0, 0xe6, 0x70, 0xff, 0xe0, 0xe6, 0xff,
    0xff, 0xe0, 0xe6, 0xff, 0xff, 0xe0, 0xe6, 0xff,
    0xff, 0xe0, 0xe6, 0xff, 0xff, 0xe0, 0xe6, 0xff,
    0xff, 0xe0, 0xe6, 0xdf, 0xff, 0xe0, 0xe6, 0x10,
    0x00, 0x00, 0x00, 0x00, 0x00, 0x00, 0x00, 0x00,
    0x00, 0x00, 0x00, 0x00, 0x00, 0x00, 0x00, 0x00,
    0x00, 0x00, 0x00, 0x00, 0x00, 0x00, 0x00, 0x00,
    0x00, 0x00, 0x00, 0x00, 0x00, 0x00, 0x00, 0x00,
    0x00, 0x00, 0x00, 0x00, 0x00, 0x00, 0x00, 0x00,
    0x00, 0x00, 0x00, 0x00, 0x00, 0x00, 0x00, 0x00,
    0x00, 0x00, 0x00, 0x00, 0x00, 0x00, 0x00, 0x00,
    0x00, 0x00, 0x00, 0x00, 0x00, 0x00, 0x00, 0x00,
    0x00, 0x00, 0x00, 0x00, 0x00, 0x00, 0x00, 0x00,
    0x00, 0x00, 0x00, 0x00, 0x00, 0x00, 0x00, 0x00,
    0x00, 0x00, 0x00, 0x00, 0x00, 0x00, 0x00, 0x00,
    0x00, 0x00, 0x00, 0x00, 0x00, 0x00, 0x00, 0x00,
    0x00, 0x00, 0x00, 0x00, 0x00, 0x00, 0x00, 0x00,
    0xff, 0xe0, 0xe6, 0x10, 0xff, 0xe0, 0xe6, 0xdf,
    0xff, 0xe0, 0xe6, 0xff, 0xff, 0xe0, 0xe6, 0xff,
    0xff, 0xe0, 0xe6, 0xff, 0xff, 0xe0, 0xe6, 0xff,
    0xff, 0xe0, 0xe6, 0x9f, 0x00, 0x00, 0x00, 0x00,
    0x00, 0x00, 0x00, 0x00, 0x00, 0x00, 0x00, 0x00,
    0x00, 0x00, 0x00, 0x00, 0x00, 0x00, 0x00, 0x00,
    0x00, 0x00, 0x00, 0x00, 0x00, 0x00, 0x00, 0x00,
    0x00, 0x00, 0x00, 0x00, 0x00, 0x00, 0x00, 0x00,
    0x00, 0x00, 0x00, 0x00, 0x00, 0x00, 0x00, 0x00,
    0xff, 0xd4, 0xda, 0xff, 0xff, 0xd4, 0xda, 0xff,
    0xff, 0xd4, 0xda, 0xff, 0xff, 0xd4, 0xda, 0xff,
    0xff, 0xd4, 0xda, 0xff, 0xff, 0xd4, 0xda, 0x40,
    0x00, 0x00, 0x00, 0x00, 0x00, 0x00, 0x00, 0x00,
    0x00, 0x00, 0x00, 0x00, 0x00, 0x00, 0x00, 0x00,
    0x00, 0x00, 0x00, 0x00, 0x00, 0x00, 0x00, 0x00,
    0x00, 0x00, 0x00, 0x00, 0x00, 0x00, 0x00, 0x00,
    0x00, 0x00, 0x00, 0x00, 0x00, 0x00, 0x00, 0x00,
    0xff, 0xe0, 0xe6, 0x70, 0xff, 0xe0, 0xe6, 0xff,
    0xff, 0xe0, 0xe6, 0xff, 0xff, 0xe0, 0xe6, 0xff,
    0xff, 0xe0, 0xe6, 0xff, 0xff, 0xe0, 0xe6, 0xef,
    0xff, 0xe0, 0xe6, 0x30, 0x00, 0x00, 0x00, 0x00,
    0x00, 0x00, 0x00, 0x00, 0x00, 0x00, 0x00, 0x00,
    0x00, 0x00, 0x00, 0x00, 0x00, 0x00, 0x00, 0x00,
    0x00, 0x00, 0x00, 0x00, 0x00, 0x00, 0x00, 0x00,
    0x00, 0x00, 0x00, 0x00, 0x00, 0x00, 0x00, 0x00,
    0x00, 0x00, 0x00, 0x00, 0x00, 0x00, 0x00, 0x00,
    0x00, 0x00, 0x00, 0x00, 0x00, 0x00, 0x00, 0x00,
    0x00, 0x00, 0x00, 0x00, 0x00, 0x00, 0x00, 0x00,
    0x00, 0x00, 0x00, 0x00, 0x00, 0x00, 0x00, 0x00,
    0x00, 0x00, 0x00, 0x00, 0x00, 0x00, 0x00, 0x00,
    0x00, 0x00, 0x00, 0x00, 0x00, 0x00, 0x00, 0x00,
    0x00, 0x00, 0x00, 0x00, 0x00, 0x00, 0x00, 0x00,
    0x00, 0x00, 0x00, 0x00, 0x00, 0x00, 0x00, 0x00,
    0x00, 0x00, 0x00, 0x00, 0x00, 0x00, 0x00, 0x00,
    0x00, 0x00, 0x00, 0x00, 0xff, 0xe0, 0xe6, 0x30,
    0xff, 0xe0, 0xe6, 0xef, 0xff, 0xe0, 0xe6, 0xff,
    0xff, 0xe0, 0xe6, 0xff, 0xff, 0xe0, 0xe6, 0xff,
    0xff, 0xe0, 0xe6, 0x40, 0x00, 0x00, 0x00, 0x00,
    0x00, 0x00, 0x00, 0x00, 0x00, 0x00, 0x00, 0x00,
    0x00, 0x00, 0x00, 0x00, 0x00, 0x00, 0x00, 0x00,
    0x00, 0x00, 0x00, 0x00, 0x00, 0x00, 0x00, 0x00,
    0x00, 0x00, 0x00, 0x00, 0x00, 0x00, 0x00, 0x00,
    0x00, 0x00, 0x00, 0x00, 0x00, 0x00, 0x00, 0x00,
    0xff, 0xd4, 0xda, 0xff, 0xff, 0xd4, 0xda, 0xff,
    0xff, 0xd4, 0xda, 0xff, 0xff, 0xd4, 0xda, 0xff,
    0xff, 0xd4, 0xda, 0xff, 0xff, 0xd4, 0xda, 0x40,
    0x00, 0x00, 0x00, 0x00, 0x00, 0x00, 0x00, 0x00,
    0x00, 0x00, 0x00, 0x00, 0x00, 0x00, 0x00, 0x00,
    0x00, 0x00, 0x00, 0x00, 0x00, 0x00, 0x00, 0x00,
    0x00, 0x00, 0x00, 0x00, 0x00, 0x00, 0x00, 0x00,
    0x00, 0x00, 0x00, 0x00, 0x00, 0x00, 0x00, 0x00,
    0xff, 0xe0, 0xe6, 0x20, 0xff, 0xe0, 0xe6, 0xef,
    0xff, 0xe0, 0xe6, 0xff, 0xff, 0xe0, 0xe6, 0xff,
    0xff, 0xe0, 0xe6, 0xff, 0xff, 0xe0, 0xe6, 0x50,
    0x00, 0x00, 0x00, 0x00, 0x00, 0x00, 0x00, 0x00,
    0x00, 0x00, 0x00, 0x00, 0x00, 0x00, 0x00, 0x00,
    0x00, 0x00, 0x00, 0x00, 0x00, 0x00, 0x00, 0x00,
    0x00, 0x00, 0x00, 0x00, 0x00, 0x00, 0x00, 0x00,
    0x00, 0x00, 0x00, 0x00, 0x00, 0x00, 0x00, 0x00,
    0x00, 0x00, 0x00, 0x00, 0x00, 0x00, 0x00, 0x00,
    0x00, 0x00, 0x00, 0x00, 0x00, 0x00, 0x00, 0x00,
    0x00, 0x00, 0x00, 0x00, 0x00, 0x00, 0x00, 0x00,
    0x00, 0x00, 0x00, 0x00, 0x00, 0x00, 0x00, 0x00,
    0x00, 0x00, 0x00, 0x00, 0x00, 0x00, 0x00, 0x00,
    0x00, 0x00, 0x00, 0x00, 0x00, 0x00, 0x00, 0x00,
    0x00, 0x00, 0x00, 0x00, 0x00, 0x00, 0x00, 0x00,
    0x00, 0x00, 0x00, 0x00, 0x00, 0x00, 0x00, 0x00,
    0x00, 0x00, 0x00, 0x00, 0x00, 0x00, 0x00, 0x00,
    0x00, 0x00, 0x00, 0x00, 0x00, 0x00, 0x00, 0x00,
    0xff, 0xe0, 0xe6, 0x30, 0xff, 0xe0, 0xe6, 0x8f,
    0xff, 0xe0, 0xe6, 0x9f, 0xff, 0xe0, 0xe6, 0x40,
    0x00, 0x00, 0x00, 0x00, 0x00, 0x00, 0x00, 0x00,
    0x00, 0x00, 0x00, 0x00, 0x00, 0x00, 0x00, 0x00,
    0x00, 0x00, 0x00, 0x00, 0x00, 0x00, 0x00, 0x00,
    0x00, 0x00, 0x00, 0x00, 0x00, 0x00, 0x00, 0x00,
    0x00, 0x00, 0x00, 0x00, 0x00, 0x00, 0x00, 0x00,
    0x00, 0x00, 0x00, 0x00, 0x00, 0x00, 0x00, 0x00,
    0xff, 0xd4, 0xda, 0xff, 0xff, 0xd4, 0xda, 0xff,
    0xff, 0xd4, 0xda, 0xff, 0xff, 0xd4, 0xda, 0xff,
    0xff, 0xd4, 0xda, 0xff, 0xff, 0xd4, 0xda, 0x40,
    0x00, 0x00, 0x00, 0x00, 0x00, 0x00, 0x00, 0x00,
    0x00, 0x00, 0x00, 0x00, 0x00, 0x00, 0x00, 0x00,
    0x00, 0x00, 0x00, 0x00, 0x00, 0x00, 0x00, 0x00,
    0x00, 0x00, 0x00, 0x00, 0x00, 0x00, 0x00, 0x00,
    0x00, 0x00, 0x00, 0x00, 0x00, 0x00, 0x00, 0x00,
    0x00, 0x00, 0x00, 0x00, 0xff, 0xe0, 0xe6, 0x20,
    0xff, 0xe0, 0xe6, 0x8f, 0xff, 0xe0, 0xe6, 0x9f,
    0xff, 0xe0, 0xe6, 0x40, 0x00, 0x00, 0x00, 0x00,
    0x00, 0x00, 0x00, 0x00, 0x00, 0x00, 0x00, 0x00,
    0xff, 0xff, 0xff, 0x80, 0xff, 0xff, 0xff, 0xdf,
    0xff, 0xff, 0xff, 0xff, 0xff, 0xff, 0xff, 0xff,
    0xff, 0xff, 0xff, 0xdf, 0xff, 0xff, 0xff, 0x80,
    0x00, 0x00, 0x00, 0x00, 0x00, 0x00, 0x00, 0x00,
    0x00, 0x00, 0x00, 0x00, 0x00, 0x00, 0x00, 0x00,
    0x00, 0x00, 0x00, 0x00, 0x00, 0x00, 0x00, 0x00,
    0x00, 0x00, 0x00, 0x00, 0x00, 0x00, 0x00, 0x00,
    0x00, 0x00, 0x00, 0x00, 0x00, 0x00, 0x00, 0x00,
    0x00, 0x00, 0x00, 0x00, 0x00, 0x00, 0x00, 0x00,
    0x00, 0x00, 0x00, 0x00, 0x00, 0x00, 0x00, 0x00,
    0x00, 0x00, 0x00, 0x00, 0x00, 0x00, 0x00, 0x00,
    0x00, 0x00, 0x00, 0x00, 0x00, 0x00, 0x00, 0x00,
    0x00, 0x00, 0x00, 0x00, 0x00, 0x00, 0x00, 0x00,
    0x00, 0x00, 0x00, 0x00, 0x00, 0x00, 0x00, 0x00,
    0x00, 0x00, 0x00, 0x00, 0x00, 0x00, 0x00, 0x00,
    0x00, 0x00, 0x00, 0x00, 0x00, 0x00, 0x00, 0x00,
    0x00, 0x00, 0x00, 0x00, 0x00, 0x00, 0x00, 0x00,
    0x00, 0x00, 0x00, 0x00, 0x00, 0x00, 0x00, 0x00,
    0x00, 0x00, 0x00, 0x00, 0x00, 0x00, 0x00, 0x00,
    0x00, 0x00, 0x00, 0x00, 0x00, 0x00, 0x00, 0x00,
    0x00, 0x00, 0x00, 0x00, 0x00, 0x00, 0x00, 0x00,
    0x00, 0x00, 0x00, 0x00, 0x00, 0x00, 0x00, 0x00,
    0xff, 0xd4, 0xda, 0xff, 0xff, 0xd4, 0xda, 0xff,
    0xff, 0xd4, 0xda, 0xff, 0xff, 0xd4, 0xda, 0xff,
    0xff, 0xd4, 0xda, 0xff, 0xff, 0xd4, 0xda, 0x40,
    0x00, 0x00, 0x00, 0x00, 0x00, 0x00, 0x00, 0x00,
    0x00, 0x00, 0x00, 0x00, 0x00, 0x00, 0x00, 0x00,
    0x00, 0x00, 0x00, 0x00, 0x00, 0x00, 0x00, 0x00,
    0x00, 0x00, 0x00, 0x00, 0x00, 0x00, 0x00, 0x00,
    0x00, 0x00, 0x00, 0x00, 0x00, 0x00, 0x00, 0x00,
    0x00, 0x00, 0x00, 0x00, 0x00, 0x00, 0x00, 0x00,
    0x00, 0x00, 0x00, 0x00, 0x00, 0x00, 0x00, 0x00,
    0x00, 0x00, 0x00, 0x00, 0x00, 0x00, 0x00, 0x00,
    0xff, 0xff, 0xff, 0x10, 0xff, 0xff, 0xff, 0xcf,
    0xff, 0xff, 0xff, 0xef, 0xff, 0xff, 0xff, 0x60,
    0xff, 0xff, 0xff, 0x40, 0xff, 0xff, 0xff, 0x40,
    0xff, 0xff, 0xff, 0x60, 0xff, 0xff, 0xff, 0xdf,
    0xff, 0xff, 0xff, 0xcf, 0xff, 0xff, 0xff, 0x10,
    0x00, 0x00, 0x00, 0x00, 0x00, 0x00, 0x00, 0x00,
    0x00, 0x00, 0x00, 0x00, 0x00, 0x00, 0x00, 0x00,
    0x00, 0x00, 0x00, 0x00, 0x00, 0x00, 0x00, 0x00,
    0x00, 0x00, 0x00, 0x00, 0x00, 0x00, 0x00, 0x00,
    0x00, 0x00, 0x00, 0x00, 0x00, 0x00, 0x00, 0x00,
    0x00, 0x00, 0x00, 0x00, 0x00, 0x00, 0x00, 0x00,
    0x00, 0x00, 0x00, 0x00, 0x00, 0x00, 0x00, 0x00,
    0x00, 0x00, 0x00, 0x00, 0x00, 0x00, 0x00, 0x00,
    0x00, 0x00, 0x00, 0x00, 0x00, 0x00, 0x00, 0x00,
    0x00, 0x00, 0x00, 0x00, 0x00, 0x00, 0x00, 0x00,
    0x00, 0x00, 0x00, 0x00, 0x00, 0x00, 0x00, 0x00,
    0x00, 0x00, 0x00, 0x00, 0x00, 0x00, 0x00, 0x00,
    0x00, 0x00, 0x00, 0x00, 0x00, 0x00, 0x00, 0x00,
    0x00, 0x00, 0x00, 0x00, 0x00, 0x00, 0x00, 0x00,
    0x00, 0x00, 0x00, 0x00, 0x00, 0x00, 0x00, 0x00,
    0x00, 0x00, 0x00, 0x00, 0x00, 0x00, 0x00, 0x00,
    0x00, 0x00, 0x00, 0x00, 0x00, 0x00, 0x00, 0x00,
    0x00, 0x00, 0x00, 0x00, 0x00, 0x00, 0x00, 0x00,
    0xff, 0xd4, 0xda, 0xff, 0xff, 0xd4, 0xda, 0xff,
    0xff, 0xd4, 0xda, 0xff, 0xff, 0xd4, 0xda, 0xff,
    0xff, 0xd4, 0xda, 0xff, 0xff, 0xd4, 0xda, 0x40,
    0x00, 0x00, 0x00, 0x00, 0x00, 0x00, 0x00, 0x00,
    0x00, 0x00, 0x00, 0x00, 0x00, 0x00, 0x00, 0x00,
    0x00, 0x00, 0x00, 0x00, 0x00, 0x00, 0x00, 0x00,
    0x00, 0x00, 0x00, 0x00, 0x00, 0x00, 0x00, 0x00,
    0x00, 0x00, 0x00, 0x00, 0x00, 0x00, 0x00, 0x00,
    0x00, 0x00, 0x00, 0x00, 0x00, 0x00, 0x00, 0x00,
    0x00, 0x00, 0x00, 0x00, 0x00, 0x00, 0x00, 0x00,
    0x00, 0x00, 0x00, 0x00, 0x00, 0x00, 0x00, 0x00,
    0xff, 0xff, 0xff, 0x8f, 0xff, 0xff, 0xff, 0xcf,
    0xff, 0xff, 0xff, 0x10, 0x00, 0x00, 0x00, 0x00,
    0x00, 0x00, 0x00, 0x00, 0x00, 0x00, 0x00, 0x00,
    0x00, 0x00, 0x00, 0x00, 0xff, 0xff, 0xff, 0x10,
    0xff, 0xff, 0xff, 0xcf, 0xff, 0xff, 0xff, 0xaf,
    0x00, 0x00, 0x00, 0x00, 0x00, 0x00, 0x00, 0x00,
    0x00, 0x00, 0x00, 0x00, 0x00, 0x00, 0x00, 0x00,
    0x00, 0x00, 0x00, 0x00, 0x00, 0x00, 0x00, 0x00,
    0x00, 0x00, 0x00, 0x00, 0x00, 0x00, 0x00, 0x00,
    0x00, 0x00, 0x00, 0x00, 0x00, 0x00, 0x00, 0x00,
    0x00, 0x00, 0x00, 0x00, 0x00, 0x00, 0x00, 0x00,
    0x00, 0x00, 0x00, 0x00, 0x00, 0x00, 0x00, 0x00,
    0x00, 0x00, 0x00, 0x00, 0x00, 0x00, 0x00, 0x00,
    0x00, 0x00, 0x00, 0x00, 0x00, 0x00, 0x00, 0x00,
    0x00, 0x00, 0x00, 0x00, 0x00, 0x00, 0x00, 0x00,
    0x00, 0x00, 0x00, 0x00, 0x00, 0x00, 0x00, 0x00,
    0x00, 0x00, 0x00, 0x00, 0x00, 0x00, 0x00, 0x00,
    0x00, 0x00, 0x00, 0x00, 0x00, 0x00, 0x00, 0x00,
    0x00, 0x00, 0x00, 0x00, 0x00, 0x00, 0x00, 0x00,
    0x00, 0x00, 0x00, 0x00, 0x00, 0x00, 0x00, 0x00,
    0x00, 0x00, 0x00, 0x00, 0x00, 0x00, 0x00, 0x00,
    0x00, 0x00, 0x00, 0x00, 0x00, 0x00, 0x00, 0x00,
    0x00, 0x00, 0x00, 0x00, 0x00, 0x00, 0x00, 0x00,
    0xff, 0xd4, 0xda, 0xff, 0xff, 0xd4, 0xda, 0xff,
    0xff, 0xd4, 0xda, 0xff, 0xff, 0xd4, 0xda, 0xff,
    0xff, 0xd4, 0xda, 0xff, 0xff, 0xd4, 0xda, 0x40,
    0x00, 0x00, 0x00, 0x00, 0x00, 0x00, 0x00, 0x00,
    0x00, 0x00, 0x00, 0x00, 0x00, 0x00, 0x00, 0x00,
    0x00, 0x00, 0x00, 0x00, 0x00, 0x00, 0x00, 0x00,
    0x00, 0x00, 0x00, 0x00, 0x00, 0x00, 0x00, 0x00,
    0x00, 0x00, 0x00, 0x00, 0x00, 0x00, 0x00, 0x00,
    0x00, 0x00, 0x00, 0x00, 0x00, 0x00, 0x00, 0x00,
    0x00, 0x00, 0x00, 0x00, 0x00, 0x00, 0x00, 0x00,
    0x00, 0x00, 0x00, 0x00, 0xff, 0xff, 0xff, 0x20,
    0xff, 0xff, 0xff, 0xff, 0xff, 0xff, 0xff, 0x40,
    0x00, 0x00, 0x00, 0x00, 0x00, 0x00, 0x00, 0x00,
    0x00, 0x00, 0x00, 0x00, 0x00, 0x00, 0x00, 0x00,
    0x00, 0x00, 0x00, 0x00, 0x00, 0x00, 0x00, 0x00,
    0xff, 0xff, 0xff, 0x20, 0xff, 0xff, 0xff, 0xff,
    0xff, 0xff, 0xff, 0x60, 0xff, 0xff, 0xff, 0x40,
    0xff, 0xff, 0xff, 0x20, 0x00, 0x00, 0x00, 0x00,
    0x00, 0x00, 0x00, 0x00, 0x00, 0x00, 0x00, 0x00,
    0x00, 0x00, 0x00, 0x00, 0x00, 0x00, 0x00, 0x00,
    0x00, 0x00, 0x00, 0x00, 0x00, 0x00, 0x00, 0x00,
    0x00, 0x00, 0x00, 0x00, 0x00, 0x00, 0x00, 0x00,
    0x00, 0x00, 0x00, 0x00, 0x00, 0x00, 0x00, 0x00,
    0x00, 0x00, 0x00, 0x00, 0x00, 0x00, 0x00, 0x00,
    0x00, 0x00, 0x00, 0x00, 0x00, 0x00, 0x00, 0x00,
    0x00, 0x00, 0x00, 0x00, 0x00, 0x00, 0x00, 0x00,
    0x00, 0x00, 0x00, 0x00, 0x00, 0x00, 0x00, 0x00,
    0x00, 0x00, 0x00, 0x00, 0x00, 0x00, 0x00, 0x00,
    0x00, 0x00, 0x00, 0x00, 0x00, 0x00, 0x00, 0x00,
    0x00, 0x00, 0x00, 0x00, 0x00, 0x00, 0x00, 0x00,
    0x00, 0x00, 0x00, 0x00, 0x00, 0x00, 0x00, 0x00,
    0x00, 0x00, 0x00, 0x00, 0x00, 0x00, 0x00, 0x00,
    0x00, 0x00, 0x00, 0x00, 0x00, 0x00, 0x00, 0x00,
    0x00, 0x00, 0x00, 0x00, 0x00, 0x00, 0x00, 0x00,
    0xff, 0xd4, 0xda, 0xff, 0xff, 0xd4, 0xda, 0xff,
    0xff, 0xd4, 0xda, 0xff, 0xff, 0xd4, 0xda, 0xff,
    0xff, 0xd4, 0xda, 0xff, 0xff, 0xd4, 0xda, 0x40,
    0x00, 0x00, 0x00, 0x00, 0x00, 0x00, 0x00, 0x00,
    0x00, 0x00, 0x00, 0x00, 0x00, 0x00, 0x00, 0x00,
    0x00, 0x00, 0x00, 0x00, 0x00, 0x00, 0x00, 0x00,
    0x00, 0x00, 0x00, 0x00, 0x00, 0x00, 0x00, 0x00,
    0x00, 0x00, 0x00, 0x00, 0x00, 0x00, 0x00, 0x00,
    0x00, 0x00, 0x00, 0x00, 0x00, 0x00, 0x00, 0x00,
    0x00, 0x00, 0x00, 0x00, 0x00, 0x00, 0x00, 0x00,
    0x00, 0x00, 0x00, 0x00, 0xff, 0xff, 0xff, 0x60,
    0xff, 0xff, 0xff, 0xdf, 0x00, 0x00, 0x00, 0x00,
    0x00, 0x00, 0x00, 0x00, 0x00, 0x00, 0x00, 0x00,
    0x00, 0x00, 0x00, 0x00, 0x00, 0x00, 0x00, 0x00,
    0x00, 0x00, 0x00, 0x00, 0xff, 0xff, 0xff, 0x30,
    0xff, 0xff, 0xff, 0xcf, 0xff, 0xff, 0xff, 0xff,
    0xff, 0xff, 0xff, 0xcf, 0xff, 0xff, 0xff, 0xdf,
    0xff, 0xff, 0xff, 0xff, 0xff, 0xff, 0xff, 0x8f,
    0xff, 0xff, 0xff, 0x10, 0x00, 0x00, 0x00, 0x00,
    0x00, 0x00, 0x00, 0x00, 0x00, 0x00, 0x00, 0x00,
    0x00, 0x00, 0x00, 0x00, 0x00, 0x00, 0x00, 0x00,
    0x00, 0x00, 0x00, 0x00, 0x00, 0x00, 0x00, 0x00,
    0x00, 0x00, 0x00, 0x00, 0x00, 0x00, 0x00, 0x00,
    0x00, 0x00, 0x00, 0x00, 0x00, 0x00, 0x00, 0x00,
    0x00, 0x00, 0x00, 0x00, 0x00, 0x00, 0x00, 0x00,
    0x00, 0x00, 0x00, 0x00, 0x00, 0x00, 0x00, 0x00,
    0x00, 0x00, 0x00, 0x00, 0x00, 0x00, 0x00, 0x00,
    0x00, 0x00, 0x00, 0x00, 0x00, 0x00, 0x00, 0x00,
    0x00, 0x00, 0x00, 0x00, 0x00, 0x00, 0x00, 0x00,
    0x00, 0x00, 0x00, 0x00, 0x00, 0x00, 0x00, 0x00,
    0x00, 0x00, 0x00, 0x00, 0x00, 0x00, 0x00, 0x00,
    0x00, 0x00, 0x00, 0x00, 0x00, 0x00, 0x00, 0x00,
    0x00, 0x00, 0x00, 0x00, 0x00, 0x00, 0x00, 0x00,
    0x00, 0x00, 0x00, 0x00, 0x00, 0x00, 0x00, 0x00,
    0xff, 0xd4, 0xda, 0xff, 0xff, 0xd4, 0xda, 0xff,
    0xff, 0xd4, 0xda, 0xff, 0xff, 0xd4, 0xda, 0xff,
    0xff, 0xd4, 0xda, 0xff, 0xff, 0xd4, 0xda, 0x40,
    0x00, 0x00, 0x00, 0x00, 0x00, 0x00, 0x00, 0x00,
    0x00, 0x00, 0x00, 0x00, 0x00, 0x00, 0x00, 0x00,
    0x00, 0x00, 0x00, 0x00, 0x00, 0x00, 0x00, 0x00,
    0x00, 0x00, 0x00, 0x00, 0x00, 0x00, 0x00, 0x00,
    0x00, 0x00, 0x00, 0x00, 0x00, 0x00, 0x00, 0x00,
    0x00, 0x00, 0x00, 0x00, 0x00, 0x00, 0x00, 0x00,
    0x00, 0x00, 0x00, 0x00, 0xff, 0xff, 0xff, 0x20,
    0xff, 0xff, 0xff, 0x70, 0xff, 0xff, 0xff, 0xbf,
    0xff, 0xff, 0xff, 0xbf, 0x00, 0x00, 0x00, 0x00,
    0x00, 0x00, 0x00, 0x00, 0x00, 0x00, 0x00, 0x00,
    0x00, 0x00, 0x00, 0x00, 0x00, 0x00, 0x00, 0x00,
    0xff, 0xff, 0xff, 0x30, 0xff, 0xff, 0xff, 0xef,
    0xff, 0xff, 0xff, 0x9f, 0xff, 0xff, 0xff, 0x10,
    0x00, 0x00, 0x00, 0x00, 0x00, 0x00, 0x00, 0x00,
    0xff, 0xff, 0xff, 0x40, 0xff, 0xff, 0xff, 0xcf,
    0xff, 0xff, 0xff, 0xcf, 0x00, 0x00, 0x00, 0x00,
    0x00, 0x00, 0x00, 0x00, 0x00, 0x00, 0x00, 0x00,
    0x00, 0x00, 0x00, 0x00, 0x00, 0x00, 0x00, 0x00,
    0x00, 0x00, 0x00, 0x00, 0x00, 0x00, 0x00, 0x00,
    0x00, 0x00, 0x00, 0x00, 0x00, 0x00, 0x00, 0x00,
    0x00, 0x00, 0x00, 0x00, 0x00, 0x00, 0x00, 0x00,
    0x00, 0x00, 0x00, 0x00, 0x00, 0x00, 0x00, 0x00,
    0x00, 0x00, 0x00, 0x00, 0x00, 0x00, 0x00, 0x00,
    0x00, 0x00, 0x00, 0x00, 0x00, 0x00, 0x00, 0x00,
    0x00, 0x00, 0x00, 0x00, 0x00, 0x00, 0x00, 0x00,
    0x00, 0x00, 0x00, 0x00, 0x00, 0x00, 0x00, 0x00,
    0x00, 0x00, 0x00, 0x00, 0x00, 0x00, 0x00, 0x00,
    0x00, 0x00, 0x00, 0x00, 0x00, 0x00, 0x00, 0x00,
    0x00, 0x00, 0x00, 0x00, 0x00, 0x00, 0x00, 0x00,
    0x00, 0x00, 0x00, 0x00, 0x00, 0x00, 0x00, 0x00,
    0x00, 0x00, 0x00, 0x00, 0x00, 0x00, 0x00, 0x00,
    0xff, 0xd4, 0xda, 0xff, 0xff, 0xd4, 0xda, 0xff,
    0xff, 0xd4, 0xda, 0xff, 0xff, 0xd4, 0xda, 0xff,
    0xff, 0xd4, 0xda, 0xff, 0xff, 0xd4, 0xda, 0x40,
    0x00, 0x00, 0x00, 0x00, 0x00, 0x00, 0x00, 0x00,
    0x00, 0x00, 0x00, 0x00, 0x00, 0x00, 0x00, 0x00,
    0x00, 0x00, 0x00, 0x00, 0x00, 0x00, 0x00, 0x00,
    0x00, 0x00, 0x00, 0x00, 0x00, 0x00, 0x00, 0x00,
    0x00, 0x00, 0x00, 0x00, 0x00, 0x00, 0x00, 0x00,
    0x00, 0x00, 0x00, 0x00, 0x00, 0x00, 0x00, 0x00,
    0xff, 0xff, 0xff, 0x60, 0xff, 0xff, 0xff, 0xef,
    0xff, 0xff, 0xff, 0xcf, 0xff, 0xff, 0xff, 0x9f,
    0xff, 0xff, 0xff, 0x60, 0x00, 0x00, 0x00, 0x00,
    0x00, 0x00, 0x00, 0x00, 0x00, 0x00, 0x00, 0x00,
    0x00, 0x00, 0x00, 0x00, 0x00, 0x00, 0x00, 0x00,
    0xff, 0xff, 0xff, 0xbf, 0xff, 0xff, 0xff, 0x9f,
    0x00, 0x00, 0x00, 0x00, 0x00, 0x00, 0x00, 0x00,
    0x00, 0x00, 0x00, 0x00, 0x00, 0x00, 0x00, 0x00,
    0x00, 0x00, 0x00, 0x00, 0xff, 0xff, 0xff, 0x10,
    0xff, 0xff, 0xff, 0xdf, 0xff, 0xff, 0xff, 0x70,
    0x00, 0x00, 0x00, 0x00, 0x00, 0x00, 0x00, 0x00,
    0x00, 0x00, 0x00, 0x00, 0x00, 0x00, 0x00, 0x00,
    0x00, 0x00, 0x00, 0x00, 0x00, 0x00, 0x00, 0x00,
    0x00, 0x00, 0x00, 0x00, 0x00, 0x00, 0x00, 0x00,
    0x00, 0x00, 0x00, 0x00, 0x00, 0x00, 0x00, 0x00,
    0x00, 0x00, 0x00, 0x00, 0x00, 0x00, 0x00, 0x00,
    0x00, 0x00, 0x00, 0x00, 0x00, 0x00, 0x00, 0x00,
    0x00, 0x00, 0x00, 0x00, 0x00, 0x00, 0x00, 0x00,
    0x00, 0x00, 0x00, 0x00, 0x00, 0x00, 0x00, 0x00,
    0x00, 0x00, 0x00, 0x00, 0x00, 0x00, 0x00, 0x00,
    0x00, 0x00, 0x00, 0x00, 0x00, 0x00, 0x00, 0x00,
    0x00, 0x00, 0x00, 0x00, 0x00, 0x00, 0x00, 0x00,
    0x00, 0x00, 0x00, 0x00, 0x00, 0x00, 0x00, 0x00,
    0x00, 0x00, 0x00, 0x00, 0x00, 0x00, 0x00, 0x00,
    0x00, 0x00, 0x00, 0x00, 0x00, 0x00, 0x00, 0x00,
    0xff, 0xd4, 0xda, 0xff, 0xff, 0xd4, 0xda, 0xff,
    0xff, 0xd4, 0xda, 0xff, 0xff, 0xd4, 0xda, 0xff,
    0xff, 0xd4, 0xda, 0xff, 0xff, 0xd4, 0xda, 0x40,
    0x00, 0x00, 0x00, 0x00, 0x00, 0x00, 0x00, 0x00,
    0x00, 0x00, 0x00, 0x00, 0x00, 0x00, 0x00, 0x00,
    0x00, 0x00, 0x00, 0x00, 0x00, 0x00, 0x00, 0x00,
    0x00, 0x00, 0x00, 0x00, 0x00, 0x00, 0x00, 0x00,
    0x00, 0x00, 0x00, 0x00, 0x00, 0x00, 0x00, 0x00,
    0x00, 0x00, 0x00, 0x00, 0xff, 0xff, 0xff, 0x20,
    0xff, 0xff, 0xff, 0xef, 0xff, 0xff, 0xff, 0x70,
    0x00, 0x00, 0x00, 0x00, 0x00, 0x00, 0x00, 0x00,
    0x00, 0x00, 0x00, 0x00, 0x00, 0x00, 0x00, 0x00,
    0x00, 0x00, 0x00, 0x00, 0x00, 0x00, 0x00, 0x00,
    0x00, 0x00, 0x00, 0x00, 0xff, 0xff, 0xff, 0x30,
    0xff, 0xff, 0xff, 0xff, 0xff, 0xff, 0xff, 0x20,
    0x00, 0x00, 0x00, 0x00, 0x00, 0x00, 0x00, 0x00,
    0x00, 0x00, 0x00, 0x00, 0x00, 0x00, 0x00, 0x00,
    0x00, 0x00, 0x00, 0x00, 0x00, 0x00, 0x00, 0x00,
    0xff, 0xff, 0xff, 0x70, 0xff, 0xff, 0xff, 0xcf,
    0x00, 0x00, 0x00, 0x00, 0x00, 0x00, 0x00, 0x00,
    0x00, 0x00, 0x00, 0x00, 0x00, 0x00, 0x00, 0x00,
    0x00, 0x00, 0x00, 0x00, 0x00, 0x00, 0x00, 0x00,
    0x00, 0x00, 0x00, 0x00, 0x00, 0x00, 0x00, 0x00,
    0x00, 0x00, 0x00, 0x00, 0x00, 0x00, 0x00, 0x00,
    0x00, 0x00, 0x00, 0x00, 0x00, 0x00, 0x00, 0x00,
    0x00, 0x00, 0x00, 0x00, 0x00, 0x00, 0x00, 0x00,
    0x00, 0x00, 0x00, 0x00, 0x00, 0x00, 0x00, 0x00,
    0x00, 0x00, 0x00, 0x00, 0x00, 0x00, 0x00, 0x00,
    0x00, 0x00, 0x00, 0x00, 0x00, 0x00, 0x00, 0x00,
    0x00, 0x00, 0x00, 0x00, 0x00, 0x00, 0x00, 0x00,
    0x00, 0x00, 0x00, 0x00, 0x00, 0x00, 0x00, 0x00,
    0x00, 0x00, 0x00, 0x00, 0x00, 0x00, 0x00, 0x00,
    0x00, 0x00, 0x00, 0x00, 0x00, 0x00, 0x00, 0x00,
    0x00, 0x00, 0x00, 0x00, 0x00, 0x00, 0x00, 0x00,
    0xff, 0xd4, 0xda, 0xff, 0xff, 0xd4, 0xda, 0xff,
    0xff, 0xd4, 0xda, 0xff, 0xff, 0xd4, 0xda, 0xff,
    0xff, 0xd4, 0xda, 0xff, 0xff, 0xd4, 0xda, 0x40,
    0x00, 0x00, 0x00, 0x00, 0x00, 0x00, 0x00, 0x00,
    0x00, 0x00, 0x00, 0x00, 0x00, 0x00, 0x00, 0x00,
    0x00, 0x00, 0x00, 0x00, 0x00, 0x00, 0x00, 0x00,
    0x00, 0x00, 0x00, 0x00, 0x00, 0x00, 0x00, 0x00,
    0x00, 0x00, 0x00, 0x00, 0x00, 0x00, 0x00, 0x00,
    0x00, 0x00, 0x00, 0x00, 0xff, 0xff, 0xff, 0x8f,
    0xff, 0xff, 0xff, 0xbf, 0x00, 0x00, 0x00, 0x00,
    0x00, 0x00, 0x00, 0x00, 0x00, 0x00, 0x00, 0x00,
    0x00, 0x00, 0x00, 0x00, 0x00, 0x00, 0x00, 0x00,
    0x00, 0x00, 0x00, 0x00, 0x00, 0x00, 0x00, 0x00,
    0x00, 0x00, 0x00, 0x00, 0xff, 0xff, 0xff, 0x30,
    0xff, 0xff, 0xff, 0xbf, 0x00, 0x00, 0x00, 0x00,
    0x00, 0x00, 0x00, 0x00, 0x00, 0x00, 0x00, 0x00,
    0x00, 0x00, 0x00, 0x00, 0x00, 0x00, 0x00, 0x00,
    0x00, 0x00, 0x00, 0x00, 0x00, 0x00, 0x00, 0x00,
    0xff, 0xff, 0xff, 0x40, 0xff, 0xff, 0xff, 0xff,
    0x00, 0x00, 0x00, 0x00, 0x00, 0x00, 0x00, 0x00,
    0x00, 0x00, 0x00, 0x00, 0x00, 0x00, 0x00, 0x00,
    0x00, 0x00, 0x00, 0x00, 0x00, 0x00, 0x00, 0x00,
    0x00, 0x00, 0x00, 0x00, 0x00, 0x00, 0x00, 0x00,
    0x00, 0x00, 0x00, 0x00, 0x00, 0x00, 0x00, 0x00,
    0x00, 0x00, 0x00, 0x00, 0x00, 0x00, 0x00, 0x00,
    0x00, 0x00, 0x00, 0x00, 0x00, 0x00, 0x00, 0x00,
    0x00, 0x00, 0x00, 0x00, 0x00, 0x00, 0x00, 0x00,
    0x00, 0x00, 0x00, 0x00, 0x00, 0x00, 0x00, 0x00,
    0x00, 0x00, 0x00, 0x00, 0x00, 0x00, 0x00, 0x00,
    0x00, 0x00, 0x00, 0x00, 0x00, 0x00, 0x00, 0x00,
    0x00, 0x00, 0x00, 0x00, 0x00, 0x00, 0x00, 0x00,
    0x00, 0x00, 0x00, 0x00, 0x00, 0x00, 0x00, 0x00,
    0x00, 0x00, 0x00, 0x00, 0x00, 0x00, 0x00, 0x00,
    0x00, 0x00, 0x00, 0x00, 0x00, 0x00, 0x00, 0x00,
    0xff, 0xd4, 0xda, 0xff, 0xff, 0xd4, 0xda, 0xff,
    0xff, 0xd4, 0xda, 0xff, 0xff, 0xd4, 0xda, 0xff,
    0xff, 0xd4, 0xda, 0xff, 0xff, 0xd4, 0xda, 0x40,
    0x00, 0x00, 0x00, 0x00, 0x00, 0x00, 0x00, 0x00,
    0x00, 0x00, 0x00, 0x00, 0x00, 0x00, 0x00, 0x00,
    0x00, 0x00, 0x00, 0x00, 0x00, 0x00, 0x00, 0x00,
    0x00, 0x00, 0x00, 0x00, 0x00, 0x00, 0x00, 0x00,
    0x00, 0x00, 0x00, 0x00, 0x00, 0x00, 0x00, 0x00,
    0x00, 0x00, 0x00, 0x00, 0xff, 0xff, 0xff, 0xbf,
    0xff, 0xff, 0xff, 0x80, 0x00, 0x00, 0x00, 0x00,
    0x00, 0x00, 0x00, 0x00, 0x00, 0x00, 0x00, 0x00,
    0x00, 0x00, 0x00, 0x00, 0x00, 0x00, 0x00, 0x00,
    0x00, 0x00, 0x00, 0x00, 0x00, 0x00, 0x00, 0x00,
    0x00, 0x00, 0x00, 0x00, 0x00, 0x00, 0x00, 0x00,
    0x00, 0x00, 0x00, 0x00, 0x00, 0x00, 0x00, 0x00,
    0x00, 0x00, 0x00, 0x00, 0x00, 0x00, 0x00, 0x00,
    0x00, 0x00, 0x00, 0x00, 0x00, 0x00, 0x00, 0x00,
    0x00, 0x00, 0x00, 0x00, 0x00, 0x00, 0x00, 0x00,
    0xff, 0xff, 0xff, 0x50, 0xff, 0xff, 0xff, 0xef,
    0x00, 0x00, 0x00, 0x00, 0x00, 0x00, 0x00, 0x00,
    0x00, 0x00, 0x00, 0x00, 0x00, 0x00, 0x00, 0x00,
    0x00, 0x00, 0x00, 0x00, 0x00, 0x00, 0x00, 0x00,
    0x00, 0x00, 0x00, 0x00, 0x00, 0x00, 0x00, 0x00,
    0x00, 0x00, 0x00, 0x00, 0x00, 0x00, 0x00, 0x00,
    0x00, 0x00, 0x00, 0x00, 0x00, 0x00, 0x00, 0x00,
    0x00, 0x00, 0x00, 0x00, 0x00, 0x00, 0x00, 0x00,
    0x00, 0x00, 0x00, 0x00, 0x00, 0x00, 0x00, 0x00,
    0x00, 0x00, 0x00, 0x00, 0x00, 0x00, 0x00, 0x00,
    0x00, 0x00, 0x00, 0x00, 0x00, 0x00, 0x00, 0x00,
    0x00, 0x00, 0x00, 0x00, 0x00, 0x00, 0x00, 0x00,
    0x00, 0x00, 0x00, 0x00, 0x00, 0x00, 0x00, 0x00,
    0x00, 0x00, 0x00, 0x00, 0x00, 0x00, 0x00, 0x00,
    0x00, 0x00, 0x00, 0x00, 0x00, 0x00, 0x00, 0x00,
    0x00, 0x00, 0x00, 0x00, 0x00, 0x00, 0x00, 0x00,
    0xff, 0xd4, 0xda, 0xff, 0xff, 0xd4, 0xda, 0xff,
    0xff, 0xd4, 0xda, 0xff, 0xff, 0xd4, 0xda, 0xff,
    0xff, 0xd4, 0xda, 0xff, 0xff, 0xd4, 0xda, 0x40,
    0x00, 0x00, 0x00, 0x00, 0x00, 0x00, 0x00, 0x00,
    0x00, 0x00, 0x00, 0x00, 0x00, 0x00, 0x00, 0x00,
    0x00, 0x00, 0x00, 0x00, 0x00, 0x00, 0x00, 0x00,
    0x00, 0x00, 0x00, 0x00, 0x00, 0x00, 0x00, 0x00,
    0x00, 0x00, 0x00, 0x00, 0x00, 0x00, 0x00, 0x00,
    0x00, 0x00, 0x00, 0x00, 0xff, 0xff, 0xff, 0x9f,
    0xff, 0xff, 0xff, 0x9f, 0x00, 0x00, 0x00, 0x00,
    0x00, 0x00, 0x00, 0x00, 0x00, 0x00, 0x00, 0x00,
    0x00, 0x00, 0x00, 0x00, 0x00, 0x00, 0x00, 0x00,
    0x00, 0x00, 0x00, 0x00, 0x00, 0x00, 0x00, 0x00,
    0x00, 0x00, 0x00, 0x00, 0x00, 0x00, 0x00, 0x00,
    0x00, 0x00, 0x00, 0x00, 0x00, 0x00, 0x00, 0x00,
    0x00, 0x00, 0x00, 0x00, 0x00, 0x00, 0x00, 0x00,
    0x00, 0x00, 0x00, 0x00, 0x00, 0x00, 0x00, 0x00,
    0x00, 0x00, 0x00, 0x00, 0x00, 0x00, 0x00, 0x00,
    0xff, 0xff, 0xff, 0x9f, 0xff, 0xff, 0xff, 0x9f,
    0x00, 0x00, 0x00, 0x00, 0x00, 0x00, 0x00, 0x00,
    0x00, 0x00, 0x00, 0x00, 0x00, 0x00, 0x00, 0x00,
    0x00, 0x00, 0x00, 0x00, 0x00, 0x00, 0x00, 0x00,
    0x00, 0x00, 0x00, 0x00, 0x00, 0x00, 0x00, 0x00,
    0x00, 0x00, 0x00, 0x00, 0x00, 0x00, 0x00, 0x00,
    0x00, 0x00, 0x00, 0x00, 0x00, 0x00, 0x00, 0x00,
    0x00, 0x00, 0x00, 0x00, 0x00, 0x00, 0x00, 0x00,
    0x00, 0x00, 0x00, 0x00, 0x00, 0x00, 0x00, 0x00,
    0x00, 0x00, 0x00, 0x00, 0x00, 0x00, 0x00, 0x00,
    0x00, 0x00, 0x00, 0x00, 0xff, 0xd4, 0xda, 0x50,
    0xff, 0xd4, 0xda, 0xaf, 0xff, 0xd4, 0xda, 0xbf,
    0xff, 0xd4, 0xda, 0xbf, 0xff, 0xd4, 0xda, 0xbf,
    0xff, 0xd4, 0xda, 0xbf, 0xff, 0xd4, 0xda, 0xbf,
    0xff, 0xd4, 0xda, 0xbf, 0xff, 0xd4, 0xda, 0xbf,
    0xff, 0xd4, 0xda, 0xbf, 0xff, 0xd4, 0xda, 0xbf,
    0xff, 0xd4, 0xda, 0xff, 0xff, 0xd4, 0xda, 0xff,
    0xff, 0xd4, 0xda, 0xff, 0xff, 0xd4, 0xda, 0xff,
    0xff, 0xd4, 0xda, 0xff, 0xff, 0xd4, 0xda, 0xcf,
    0xff, 0xd4, 0xda, 0xbf, 0xff, 0xd4, 0xda, 0xbf,
    0xff, 0xd4, 0xda, 0xbf, 0xff, 0xd4, 0xda, 0xbf,
    0xff, 0xd4, 0xda, 0xbf, 0xff, 0xd4, 0xda, 0xbf,
    0xff, 0xd4, 0xda, 0xbf, 0xff, 0xd4, 0xda, 0xbf,
    0xff, 0xd4, 0xda, 0xbf, 0xff, 0xd4, 0xda, 0x60,
    0x00, 0x00, 0x00, 0x00, 0xff, 0xff, 0xff, 0x40,
    0xff, 0xff, 0xff, 0xff, 0xff, 0xff, 0xff, 0x30,
    0x00, 0x00, 0x00, 0x00, 0x00, 0x00, 0x00, 0x00,
    0x00, 0x00, 0x00, 0x00, 0x00, 0x00, 0x00, 0x00,
    0x00, 0x00, 0x00, 0x00, 0x00, 0x00, 0x00, 0x00,
    0x00, 0x00, 0x00, 0x00, 0x00, 0x00, 0x00, 0x00,
    0x00, 0x00, 0x00, 0x00, 0x00, 0x00, 0x00, 0x00,
    0x00, 0x00, 0x00, 0x00, 0x00, 0x00, 0x00, 0x00,
    0x00, 0x00, 0x00, 0x00, 0x00, 0x00, 0x00, 0x00,
    0x00, 0x00, 0x00, 0x00, 0xff, 0xff, 0xff, 0x60,
    0xff, 0xff, 0xff, 0xff, 0xff, 0xff, 0xff, 0x30,
    0x00, 0x00, 0x00, 0x00, 0x00, 0x00, 0x00, 0x00,
    0x00, 0x00, 0x00, 0x00, 0x00, 0x00, 0x00, 0x00,
    0x00, 0x00, 0x00, 0x00, 0x00, 0x00, 0x00, 0x00,
    0x00, 0x00, 0x00, 0x00, 0x00, 0x00, 0x00, 0x00,
    0x00, 0x00, 0x00, 0x00, 0x00, 0x00, 0x00, 0x00,
    0x00, 0x00, 0x00, 0x00, 0x00, 0x00, 0x00, 0x00,
    0x00, 0x00, 0x00, 0x00, 0x00, 0x00, 0x00, 0x00,
    0x00, 0x00, 0x00, 0x00, 0x00, 0x00, 0x00, 0x00,
    0x00, 0x00, 0x00, 0x00, 0x00, 0x00, 0x00, 0x00,
    0xff, 0xd4, 0xda, 0x50, 0xff, 0xd4, 0xda, 0xff,
    0xff, 0xd4, 0xda, 0xff, 0xff, 0xd4, 0xda, 0xff,
    0xff, 0xd4, 0xda, 0xff, 0xff, 0xd4, 0xda, 0xff,
    0xff, 0xd4, 0xda, 0xff, 0xff, 0xd4, 0xda, 0xff,
    0xff, 0xd4, 0xda, 0xff, 0xff, 0xd4, 0xda, 0xff,
    0xff, 0xd4, 0xda, 0xff, 0xff, 0xd4, 0xda, 0xff,
    0xff, 0xd4, 0xda, 0xff, 0xff, 0xd4, 0xda, 0xff,
    0xff, 0xd4, 0xda, 0xff, 0xff, 0xd4, 0xda, 0xff,
    0xff, 0xd4, 0xda, 0xff, 0xff, 0xd4, 0xda, 0xff,
    0xff, 0xd4, 0xda, 0xff, 0xff, 0xd4, 0xda, 0xff,
    0xff, 0xd4, 0xda, 0xff, 0xff, 0xd4, 0xda, 0xff,
    0xff, 0xd4, 0xda, 0xff, 0xff, 0xd4, 0xda, 0xff,
    0xff, 0xd4, 0xda, 0xff, 0xff, 0xd4, 0xda, 0xff,
    0xff, 0xd4, 0xda, 0xff, 0xff, 0xd4, 0xda, 0xff,
    0xff, 0xd4, 0xda, 0x80, 0x00, 0x00, 0x00, 0x00,
    0xff, 0xff, 0xff, 0x9f, 0xff, 0xff, 0xff, 0xef,
    0xff, 0xff, 0xff, 0x80, 0xff, 0xff, 0xff, 0x40,
    0xff, 0xff, 0xff, 0x40, 0xff, 0xff, 0xff, 0x40,
    0xff, 0xff, 0xff, 0x40, 0xff, 0xff, 0xff, 0x40,
    0xff, 0xff, 0xff, 0x40, 0xff, 0xff, 0xff, 0x40,
    0xff, 0xff, 0xff, 0x40, 0xff, 0xff, 0xff, 0x40,
    0xff, 0xff, 0xff, 0x40, 0xff, 0xff, 0xff, 0x40,
    0xff, 0xff, 0xff, 0x40, 0xff, 0xff, 0xff, 0x60,
    0xff, 0xff, 0xff, 0x9f, 0xff, 0xff, 0xff, 0xff,
    0xff, 0xff, 0xff, 0x60, 0x00, 0x00, 0x00, 0x00,
    0x00, 0x00, 0x00, 0x00, 0x00, 0x00, 0x00, 0x00,
    0x00, 0x00, 0x00, 0x00, 0x00, 0x00, 0x00, 0x00,
    0x00, 0x00, 0x00, 0x00, 0x00, 0x00, 0x00, 0x00,
    0x00, 0x00, 0x00, 0x00, 0x00, 0x00, 0x00, 0x00,
    0x00, 0x00, 0x00, 0x00, 0x00, 0x00, 0x00, 0x00,
    0x00, 0x00, 0x00, 0x00, 0x00, 0x00, 0x00, 0x00,
    0x00, 0x00, 0x00, 0x00, 0x00, 0x00, 0x00, 0x00,
    0x00, 0x00, 0x00, 0x00, 0x00, 0x00, 0x00, 0x00,
    0x00, 0x00, 0x00, 0x00, 0x00, 0x00, 0x00, 0x00,
    0xff, 0xd4, 0xda, 0xaf, 0xff, 0xd4, 0xda, 0xff,
    0xff, 0xd4, 0xda, 0xff, 0xff, 0xd4, 0xda, 0xff,
    0xff, 0xd4, 0xda, 0xff, 0xff, 0xd4, 0xda, 0xff,
    0xff, 0xd4, 0xda, 0xff, 0xff, 0xd4, 0xda, 0xff,
    0xff, 0xd4, 0xda, 0xff, 0xff, 0xd4, 0xda, 0xff,
    0xff, 0xd4, 0xda, 0xff, 0xff, 0xd4, 0xda, 0xff,
    0xff, 0xd4, 0xda, 0xff, 0xff, 0xd4, 0xda, 0xff,
    0xff, 0xd4, 0xda, 0xff, 0xff, 0xd4, 0xda, 0xff,
    0xff, 0xd4, 0xda, 0xff, 0xff, 0xd4, 0xda, 0xff,
    0xff, 0xd4, 0xda, 0xff, 0xff, 0xd4, 0xda, 0xff,
    0xff, 0xd4, 0xda, 0xff, 0xff, 0xd4, 0xda, 0xff,
    0xff, 0xd4, 0xda, 0xff, 0xff, 0xd4, 0xda, 0xff,
    0xff, 0xd4, 0xda, 0xff, 0xff, 0xd4, 0xda, 0xff,
    0xff, 0xd4, 0xda, 0xff, 0xff, 0xd4, 0xda, 0xff,
    0xff, 0xd4, 0xda, 0xdf, 0x00, 0x00, 0x00, 0x00,
    0x00, 0x00, 0x00, 0x00, 0xff, 0xff, 0xff, 0x60,
    0xff, 0xff, 0xff, 0xbf, 0xff, 0xff, 0xff, 0xff,
    0xff, 0xff, 0xff, 0xff, 0xff, 0xff, 0xff, 0xff,
    0xff, 0xff, 0xff, 0xff, 0xff, 0xff, 0xff, 0xff,
    0xff, 0xff, 0xff, 0xff, 0xff, 0xff, 0xff, 0xff,
    0xff, 0xff, 0xff, 0xff, 0xff, 0xff, 0xff, 0xff,
    0xff, 0xff, 0xff, 0xff, 0xff, 0xff, 0xff, 0xff,
    0xff, 0xff, 0xff, 0xff, 0xff, 0xff, 0xff, 0xcf,
    0xff, 0xff, 0xff, 0x9f, 0xff, 0xff, 0xff, 0x20,
    0x00, 0x00, 0x00, 0x00, 0x00, 0x00, 0x00, 0x00,
    0x00, 0x00, 0x00, 0x00, 0x00, 0x00, 0x00, 0x00,
    0x00, 0x00, 0x00, 0x00, 0x00, 0x00, 0x00, 0x00,
    0x00, 0x00, 0x00, 0x00, 0x00, 0x00, 0x00, 0x00,
    0x00, 0x00, 0x00, 0x00, 0x00, 0x00, 0x00, 0x00,
    0x00, 0x00, 0x00, 0x00, 0x00, 0x00, 0x00, 0x00,
    0x00, 0x00, 0x00, 0x00, 0x00, 0x00, 0x00, 0x00,
    0x00, 0x00, 0x00, 0x00, 0x00, 0x00, 0x00, 0x00,
    0x00, 0x00, 0x00, 0x00, 0x00, 0x00, 0x00, 0x00,
    0x00, 0x00, 0x00, 0x00, 0x00, 0x00, 0x00, 0x00,
    0xff, 0xd4, 0xda, 0xaf, 0xff, 0xd4, 0xda, 0xff,
    0xff, 0xd4, 0xda, 0xff, 0xff, 0xd4, 0xda, 0xff,
    0xff, 0xd4, 0xda, 0xff, 0xff, 0xd4, 0xda, 0xff,
    0xff, 0xd4, 0xda, 0xff, 0xff, 0xd4, 0xda, 0xff,
    0xff, 0xd4, 0xda, 0xff, 0xff, 0xd4, 0xda, 0xff,
    0xff, 0xd4, 0xda, 0xff, 0xff, 0xd4, 0xda, 0xff,
    0xff, 0xd4, 0xda, 0xff, 0xff, 0xd4, 0xda, 0xff,
    0xff, 0xd4, 0xda, 0xff, 0xff, 0xd4, 0xda, 0xff,
    0xff, 0xd4, 0xda, 0xff, 0xff, 0xd4, 0xda, 0xff,
    0xff, 0xd4, 0xda, 0xff, 0xff, 0xd4, 0xda, 0xff,
    0xff, 0xd4, 0xda, 0xff, 0xff, 0xd4, 0xda, 0xff,
    0xff, 0xd4, 0xda, 0xff, 0xff, 0xd4, 0xda, 0xff,
    0xff, 0xd4, 0xda, 0xff, 0xff, 0xd4, 0xda, 0xff,
    0xff, 0xd4, 0xda, 0xff, 0xff, 0xd4, 0xda, 0xff,
    0xff, 0xd4, 0xda, 0xcf, 0x00, 0x00, 0x00, 0x00,
    0x00, 0x00, 0x00, 0x00, 0x00, 0x00, 0x00, 0x00,
    0x00, 0x00, 0x00, 0x00, 0x00, 0x00, 0x00, 0x00,
    0x00, 0x00, 0x00, 0x00, 0x00, 0x00, 0x00, 0x00,
    0x00, 0x00, 0x00, 0x00, 0x00, 0x00, 0x00, 0x00,
    0x00, 0x00, 0x00, 0x00, 0x00, 0x00, 0x00, 0x00,
    0x00, 0x00, 0x00, 0x00, 0x00, 0x00, 0x00, 0x00,
    0x00, 0x00, 0x00, 0x00, 0x00, 0x00, 0x00, 0x00,
    0x00, 0x00, 0x00, 0x00, 0x00, 0x00, 0x00, 0x00,
    0x00, 0x00, 0x00, 0x00, 0x00, 0x00, 0x00, 0x00,
    0x00, 0x00, 0x00, 0x00, 0x00, 0x00, 0x00, 0x00,
    0x00, 0x00, 0x00, 0x00, 0x00, 0x00, 0x00, 0x00,
    0x00, 0x00, 0x00, 0x00, 0x00, 0x00, 0x00, 0x00,
    0x00, 0x00, 0x00, 0x00, 0x00, 0x00, 0x00, 0x00,
    0x00, 0x00, 0x00, 0x00, 0x00, 0x00, 0x00, 0x00,
    0x00, 0x00, 0x00, 0x00, 0x00, 0x00, 0x00, 0x00,
    0x00, 0x00, 0x00, 0x00, 0x00, 0x00, 0x00, 0x00,
    0x00, 0x00, 0x00, 0x00, 0x00, 0x00, 0x00, 0x00,
    0x00, 0x00, 0x00, 0x00, 0x00, 0x00, 0x00, 0x00,
    0x00, 0x00, 0x00, 0x00, 0x00, 0x00, 0x00, 0x00,
    0xff, 0xd4, 0xda, 0x30, 0xff, 0xd4, 0xda, 0xef,
    0xff, 0xd4, 0xda, 0xff, 0xff, 0xd4, 0xda, 0xff,
    0xff, 0xd4, 0xda, 0xff, 0xff, 0xd4, 0xda, 0xff,
    0xff, 0xd4, 0xda, 0xff, 0xff, 0xd4, 0xda, 0xff,
    0xff, 0xd4, 0xda, 0xff, 0xff, 0xd4, 0xda, 0xff,
    0xff, 0xd4, 0xda, 0xff, 0xff, 0xd4, 0xda, 0xff,
    0xff, 0xd4, 0xda, 0xff, 0xff, 0xd4, 0xda, 0xff,
    0xff, 0xd4, 0xda, 0xff, 0xff, 0xd4, 0xda, 0xff,
    0xff, 0xd4, 0xda, 0xff, 0xff, 0xd4, 0xda, 0xff,
    0xff, 0xd4, 0xda, 0xff, 0xff, 0xd4, 0xda, 0xff,
    0xff, 0xd4, 0xda, 0xff, 0xff, 0xd4, 0xda, 0xff,
    0xff, 0xd4, 0xda, 0xff, 0xff, 0xd4, 0xda, 0xff,
    0xff, 0xd4, 0xda, 0xff, 0xff, 0xd4, 0xda, 0xff,
    0xff, 0xd4, 0xda, 0xff, 0xff, 0xd4, 0xda, 0xff,
    0xff, 0xd4, 0xda, 0x50, 0x00, 0x00, 0x00, 0x00,
    0x00, 0x00, 0x00, 0x00, 0x00, 0x00, 0x00, 0x00,
    0x00, 0x00, 0x00, 0x00, 0x00, 0x00, 0x00, 0x00,
    0x00, 0x00, 0x00, 0x00, 0x00, 0x00, 0x00, 0x00,
    0x00, 0x00, 0x00, 0x00, 0x00, 0x00, 0x00, 0x00,
    0x00, 0x00, 0x00, 0x00, 0x00, 0x00, 0x00, 0x00,
    0x00, 0x00, 0x00, 0x00, 0x00, 0x00, 0x00, 0x00,
    0x00, 0x00, 0x00, 0x00, 0x00, 0x00, 0x00, 0x00,
    0x00, 0x00, 0x00, 0x00, 0x00, 0x00, 0x00, 0x00,
    0x00, 0x00, 0x00, 0x00, 0x00, 0x00, 0x00, 0x00,
    0x00, 0x00, 0x00, 0x00, 0x00, 0x00, 0x00, 0x00,
    0x00, 0x00, 0x00, 0x00, 0x00, 0x00, 0x00, 0x00,
    0x00, 0x00, 0x00, 0x00, 0x00, 0x00, 0x00, 0x00,
    0x00, 0x00, 0x00, 0x00, 0x00, 0x00, 0x00, 0x00,
    0x00, 0x00, 0x00, 0x00, 0x00, 0x00, 0x00, 0x00,
    0x00, 0x00, 0x00, 0x00, 0x00, 0x00, 0x00, 0x00,
    0x00, 0x00, 0x00, 0x00, 0x00, 0x00, 0x00, 0x00,
    0x00, 0x00, 0x00, 0x00, 0x00, 0x00, 0x00, 0x00,
    0x00, 0x00, 0x00, 0x00, 0x00, 0x00, 0x00, 0x00,
    0x00, 0x00, 0x00, 0x00, 0x00, 0x00, 0x00, 0x00,
    0x00, 0x00, 0x00, 0x00, 0xff, 0xd4, 0xda, 0x20,
    0xff, 0xd4, 0xda, 0x80, 0xff, 0xd4, 0xda, 0x80,
    0xff, 0xd4, 0xda, 0x80, 0xff, 0xd4, 0xda, 0x80,
    0xff, 0xd4, 0xda, 0x80, 0xff, 0xd4, 0xda, 0x80,
    0xff, 0xd4, 0xda, 0x80, 0xff, 0xd4, 0xda, 0x80,
    0xff, 0xd4, 0xda, 0x80, 0xff, 0xd4, 0xda, 0x80,
    0xff, 0xd4, 0xda, 0x80, 0xff, 0xd4, 0xda, 0x80,
    0xff, 0xd4, 0xda, 0x80, 0xff, 0xd4, 0xda, 0x80,
    0xff, 0xd4, 0xda, 0x80, 0xff, 0xd4, 0xda, 0x80,
    0xff, 0xd4, 0xda, 0x80, 0xff, 0xd4, 0xda, 0x80,
    0xff, 0xd4, 0xda, 0x80, 0xff, 0xd4, 0xda, 0x80,
    0xff, 0xd4, 0xda, 0x80, 0xff, 0xd4, 0xda, 0x80,
    0xff, 0xd4, 0xda, 0x80, 0xff, 0xd4, 0xda, 0x80,
    0xff, 0xd4, 0xda, 0x80, 0xff, 0xd4, 0xda, 0x40,
    0x00, 0x00, 0x00, 0x00, 0x00, 0x00, 0x00, 0x00,
    0x00, 0x00, 0x00, 0x00, 0x00, 0x00, 0x00, 0x00,
    0x00, 0x00, 0x00, 0x00, 0x00, 0x00, 0x00, 0x00,
    0x00, 0x00, 0x00, 0x00, 0x00, 0x00, 0x00, 0x00,
    0x00, 0x00, 0x00, 0x00, 0x00, 0x00, 0x00, 0x00,
    0x00, 0x00, 0x00, 0x00, 0x00, 0x00, 0x00, 0x00,
    0x00, 0x00, 0x00, 0x00, 0x00, 0x00, 0x00, 0x00,
    0x00, 0x00, 0x00, 0x00, 0x00, 0x00, 0x00, 0x00,
    0x00, 0x00, 0x00, 0x00, 0x00, 0x00, 0x00, 0x00,
    0x00, 0x00, 0x00, 0x00, 0x00, 0x00, 0x00, 0x00,
    0x00, 0x00, 0x00, 0x00, 0x00, 0x00, 0x00, 0x00,
    0x00, 0x00, 0x00, 0x00, 0x00, 0x00, 0x00, 0x00,
    0x00, 0x00, 0x00, 0x00, 0x00, 0x00, 0x00, 0x00,
    0x00, 0x00, 0x00, 0x00, 0x00, 0x00, 0x00, 0x00,
    0x00, 0x00, 0x00, 0x00, 0x00, 0x00, 0x00, 0x00,
    0x00, 0x00, 0x00, 0x00, 0x00, 0x00, 0x00, 0x00,
    0x00, 0x00, 0x00, 0x00, 0x00, 0x00, 0x00, 0x00,
    0x00, 0x00, 0x00, 0x00, 0x00, 0x00, 0x00, 0x00,
    0x00, 0x00, 0x00, 0x00, 0x00, 0x00, 0x00, 0x00,
    0x00, 0x00, 0x00, 0x00, 0x00, 0x00, 0x00, 0x00,
    0x00, 0x00, 0x00, 0x00, 0x00, 0x00, 0x00, 0x00,
    0x00, 0x00, 0x00, 0x00, 0x00, 0x00, 0x00, 0x00,
    0x00, 0x00, 0x00, 0x00, 0x00, 0x00, 0x00, 0x00,
    0x00, 0x00, 0x00, 0x00, 0x00, 0x00, 0x00, 0x00,
    0x00, 0x00, 0x00, 0x00, 0x00, 0x00, 0x00, 0x00,
    0x00, 0x00, 0x00, 0x00, 0x00, 0x00, 0x00, 0x00,
    0x00, 0x00, 0x00, 0x00, 0x00, 0x00, 0x00, 0x00,
    0x00, 0x00, 0x00, 0x00, 0x00, 0x00, 0x00, 0x00,
    0x00, 0x00, 0x00, 0x00, 0x00, 0x00, 0x00, 0x00,
    0x00, 0x00, 0x00, 0x00, 0x00, 0x00, 0x00, 0x00,
    0x00, 0x00, 0x00, 0x00, 0x00, 0x00, 0x00, 0x00,
    0x00, 0x00, 0x00, 0x00, 0x00, 0x00, 0x00, 0x00,
    0x00, 0x00, 0x00, 0x00, 0x00, 0x00, 0x00, 0x00,
    0x00, 0x00, 0x00, 0x00, 0x00, 0x00, 0x00, 0x00,
    0x00, 0x00, 0x00, 0x00, 0x00, 0x00, 0x00, 0x00,
    0x00, 0x00, 0x00, 0x00, 0x00, 0x00, 0x00, 0x00,
    0x00, 0x00, 0x00, 0x00, 0x00, 0x00, 0x00, 0x00,
    0x00, 0x00, 0x00, 0x00, 0x00, 0x00, 0x00, 0x00,
    0x00, 0x00, 0x00, 0x00, 0x00, 0x00, 0x00, 0x00,
    0x00, 0x00, 0x00, 0x00, 0x00, 0x00, 0x00, 0x00,
    0x00, 0x00, 0x00, 0x00, 0x00, 0x00, 0x00, 0x00,
    0x00, 0x00, 0x00, 0x00, 0x00, 0x00, 0x00, 0x00,
    0x00, 0x00, 0x00, 0x00, 0x00, 0x00, 0x00, 0x00,
    0x00, 0x00, 0x00, 0x00, 0x00, 0x00, 0x00, 0x00,
    0x00, 0x00, 0x00, 0x00, 0x00, 0x00, 0x00, 0x00,
    0x00, 0x00, 0x00, 0x00, 0x00, 0x00, 0x00, 0x00,
    0x00, 0x00, 0x00, 0x00, 0x00, 0x00, 0x00, 0x00,
    0x00, 0x00, 0x00, 0x00, 0x00, 0x00, 0x00, 0x00,
    0x00, 0x00, 0x00, 0x00, 0x00, 0x00, 0x00, 0x00,
    0x00, 0x00, 0x00, 0x00, 0x00, 0x00, 0x00, 0x00,
    0x00, 0x00, 0x00, 0x00, 0x00, 0x00, 0x00, 0x00,
    0x00, 0x00, 0x00, 0x00, 0x00, 0x00, 0x00, 0x00,
    0x00, 0x00, 0x00, 0x00, 0x00, 0x00, 0x00, 0x00,
    0x00, 0x00, 0x00, 0x00, 0x00, 0x00, 0x00, 0x00,
    0x00, 0x00, 0x00, 0x00, 0x00, 0x00, 0x00, 0x00,
    0x00, 0x00, 0x00, 0x00, 0x00, 0x00, 0x00, 0x00,
    0x00, 0x00, 0x00, 0x00, 0x00, 0x00, 0x00, 0x00,
    0x00, 0x00, 0x00, 0x00, 0x00, 0x00, 0x00, 0x00,
    0x00, 0x00, 0x00, 0x00, 0x00, 0x00, 0x00, 0x00,
    0x00, 0x00, 0x00, 0x00, 0x00, 0x00, 0x00, 0x00,
    0x00, 0x00, 0x00, 0x00, 0x00, 0x00, 0x00, 0x00,
    0x00, 0x00, 0x00, 0x00, 0x00, 0x00, 0x00, 0x00,
    0x00, 0x00, 0x00, 0x00, 0x00, 0x00, 0x00, 0x00,
    0x00, 0x00, 0x00, 0x00, 0x00, 0x00, 0x00, 0x00,
    0x00, 0x00, 0x00, 0x00, 0x00, 0x00, 0x00, 0x00,
    0x00, 0x00, 0x00, 0x00, 0x00, 0x00, 0x00, 0x00,
    0x00, 0x00, 0x00, 0x00, 0x00, 0x00, 0x00, 0x00,
    0x00, 0x00, 0x00, 0x00, 0x00, 0x00, 0x00, 0x00,
    0x00, 0x00, 0x00, 0x00, 0x00, 0x00, 0x00, 0x00,
    0x00, 0x00, 0x00, 0x00, 0x00, 0x00, 0x00, 0x00,
    0x00, 0x00, 0x00, 0x00, 0x00, 0x00, 0x00, 0x00,
    0x00, 0x00, 0x00, 0x00, 0x00, 0x00, 0x00, 0x00,
    0x00, 0x00, 0x00, 0x00, 0x00, 0x00, 0x00, 0x00,
    0x00, 0x00, 0x00, 0x00, 0x00, 0x00, 0x00, 0x00,
    0x00, 0x00, 0x00, 0x00, 0x00, 0x00, 0x00, 0x00,
    0x00, 0x00, 0x00, 0x00, 0x00, 0x00, 0x00, 0x00,
    0x00, 0x00, 0x00, 0x00, 0x00, 0x00, 0x00, 0x00,
    0x00, 0x00, 0x00, 0x00, 0x00, 0x00, 0x00, 0x00,
    0x00, 0x00, 0x00, 0x00, 0x00, 0x00, 0x00, 0x00,
    0x00, 0x00, 0x00, 0x00, 0x00, 0x00, 0x00, 0x00,
    0x00, 0x00, 0x00, 0x00, 0x00, 0x00, 0x00, 0x00,
    0x00, 0x00, 0x00, 0x00, 0x00, 0x00, 0x00, 0x00,
    0x00, 0x00, 0x00, 0x00, 0x00, 0x00, 0x00, 0x00,
    0x00, 0x00, 0x00, 0x00, 0x00, 0x00, 0x00, 0x00,
    0x00, 0x00, 0x00, 0x00, 0x00, 0x00, 0x00, 0x00,
    0x00, 0x00, 0x00, 0x00, 0x00, 0x00, 0x00, 0x00,
    0x00, 0x00, 0x00, 0x00, 0x00, 0x00, 0x00, 0x00,
    0x00, 0x00, 0x00, 0x00, 0x00, 0x00, 0x00, 0x00,
    0x00, 0x00, 0x00, 0x00, 0x00, 0x00, 0x00, 0x00,
    0x00, 0x00, 0x00, 0x00, 0x00, 0x00, 0x00, 0x00,
    0x00, 0x00, 0x00, 0x00, 0x00, 0x00, 0x00, 0x00,
    0x00, 0x00, 0x00, 0x00, 0x00, 0x00, 0x00, 0x00,
    0x00, 0x00, 0x00, 0x00, 0x00, 0x00, 0x00, 0x00,
    0x00, 0x00, 0x00, 0x00, 0x00, 0x00, 0x00, 0x00,
    0x00, 0x00, 0x00, 0x00, 0x00, 0x00, 0x00, 0x00,
    0x00, 0x00, 0x00, 0x00, 0x00, 0x00, 0x00, 0x00,
    0x00, 0x00, 0x00, 0x00, 0x00, 0x00, 0x00, 0x00,
    0x00, 0x00, 0x00, 0x00, 0x00, 0x00, 0x00, 0x00,
    0x00, 0x00, 0x00, 0x00, 0x00, 0x00, 0x00, 0x00,
    0x00, 0x00, 0x00, 0x00, 0x00, 0x00, 0x00, 0x00,
    0x00, 0x00, 0x00, 0x00, 0x00, 0x00, 0x00, 0x00,
    0x00, 0x00, 0x00, 0x00, 0x00, 0x00, 0x00, 0x00,
    0x00, 0x00, 0x00, 0x00, 0x00, 0x00, 0x00, 0x00,
    0x00, 0x00, 0x00, 0x00, 0x00, 0x00, 0x00, 0x00,
    0x00, 0x00, 0x00, 0x00, 0x00, 0x00, 0x00, 0x00,
    0x00, 0x00, 0x00, 0x00, 0x00, 0x00, 0x00, 0x00,
    0x00, 0x00, 0x00, 0x00, 0x00, 0x00, 0x00, 0x00,
    0x00, 0x00, 0x00, 0x00, 0x00, 0x00, 0x00, 0x00,
    0x00, 0x00, 0x00, 0x00, 0x00, 0x00, 0x00, 0x00,
    0x00, 0x00, 0x00, 0x00, 0x00, 0x00, 0x00, 0x00,
    0x00, 0x00, 0x00, 0x00, 0x00, 0x00, 0x00, 0x00,
    0x00, 0x00, 0x00, 0x00, 0x00, 0x00, 0x00, 0x00,
    0x00, 0x00, 0x00, 0x00, 0x00, 0x00, 0x00, 0x00,
};

const lv_image_dsc_t radio_inner_icon_68x68 = {
    .header.magic = LV_IMAGE_HEADER_MAGIC,
    .header.cf = LV_COLOR_FORMAT_ARGB8888,
    .header.flags = 0,
    .header.w = 68,
    .header.h = 68,
    .header.stride = 272,
    .data_size = sizeof(radio_inner_icon_68x68_map),
    .data = radio_inner_icon_68x68_map,
};
