/*
 * @Description: None
 * @Author: LILYGO_L
 * @License: GPL 3.0
 */
#include "lvgl.h"

#ifndef LV_ATTRIBUTE_MEM_ALIGN
#define LV_ATTRIBUTE_MEM_ALIGN
#endif

#ifndef LV_ATTRIBUTE_IMAGE_SETTINGS_INNER_ICON_68X68
#define LV_ATTRIBUTE_IMAGE_SETTINGS_INNER_ICON_68X68
#endif

static const LV_ATTRIBUTE_MEM_ALIGN LV_ATTRIBUTE_LARGE_CONST
    LV_ATTRIBUTE_IMAGE_SETTINGS_INNER_ICON_68X68 uint8_t
    settings_inner_icon_68x68_map[] = {
    0x00, 0x00, 0x00, 0x00, 0x00, 0x00, 0x00, 0x00,
    0x00, 0x00, 0x00, 0x00, 0x00, 0x00, 0x00, 0x00,
    0x00, 0x00, 0x00, 0x00, 0x00, 0x00, 0x00, 0x00,
    0x00, 0x00, 0x00, 0x00, 0x00, 0x00, 0x00, 0x00,
    0x00, 0x00, 0x00, 0x00, 0x00, 0x00, 0x00, 0x00,
    0x00, 0x00, 0x00, 0x00, 0x00, 0x00, 0x00, 0x00,
    0x00, 0x00, 0x00, 0x00, 0x00, 0x00, 0x00, 0x00,
    0x00, 0x00, 0x00, 0x00, 0x00, 0x00, 0x00, 0x00,
    0x00, 0x00, 0x00, 0x00, 0x00, 0x00, 0x00, 0x00,
    0x00, 0x00, 0x00, 0x00, 0x00, 0x00, 0x00, 0x00,
    0x00, 0x00, 0x00, 0x00, 0x00, 0x00, 0x00, 0x00,
    0x00, 0x00, 0x00, 0x00, 0x00, 0x00, 0x00, 0x00,
    0x00, 0x00, 0x00, 0x00, 0x00, 0x00, 0x00, 0x00,
    0x00, 0x00, 0x00, 0x00, 0x00, 0x00, 0x00, 0x00,
    0x00, 0x00, 0x00, 0x00, 0x8a, 0x82, 0x7d, 0x40,
    0x8a, 0x82, 0x7d, 0xaf, 0x8a, 0x82, 0x7d, 0xff,
    0x8a, 0x82, 0x7d, 0xff, 0x8a, 0x82, 0x7d, 0xff,
    0x8a, 0x82, 0x7d, 0xff, 0x8a, 0x82, 0x7d, 0xff,
    0x8a, 0x82, 0x7d, 0xff, 0x8a, 0x82, 0x7d, 0xaf,
    0x8a, 0x82, 0x7d, 0x50, 0x00, 0x00, 0x00, 0x00,
    0x00, 0x00, 0x00, 0x00, 0x00, 0x00, 0x00, 0x00,
    0x00, 0x00, 0x00, 0x00, 0x00, 0x00, 0x00, 0x00,
    0x00, 0x00, 0x00, 0x00, 0x00, 0x00, 0x00, 0x00,
    0x00, 0x00, 0x00, 0x00, 0x00, 0x00, 0x00, 0x00,
    0x00, 0x00, 0x00, 0x00, 0x00, 0x00, 0x00, 0x00,
    0x00, 0x00, 0x00, 0x00, 0x00, 0x00, 0x00, 0x00,
    0x00, 0x00, 0x00, 0x00, 0x00, 0x00, 0x00, 0x00,
    0x00, 0x00, 0x00, 0x00, 0x00, 0x00, 0x00, 0x00,
    0x00, 0x00, 0x00, 0x00, 0x00, 0x00, 0x00, 0x00,
    0x00, 0x00, 0x00, 0x00, 0x00, 0x00, 0x00, 0x00,
    0x00, 0x00, 0x00, 0x00, 0x00, 0x00, 0x00, 0x00,
    0x00, 0x00, 0x00, 0x00, 0x00, 0x00, 0x00, 0x00,
    0x00, 0x00, 0x00, 0x00, 0x00, 0x00, 0x00, 0x00,
    0x00, 0x00, 0x00, 0x00, 0x00, 0x00, 0x00, 0x00,
    0x00, 0x00, 0x00, 0x00, 0x00, 0x00, 0x00, 0x00,
    0x00, 0x00, 0x00, 0x00, 0x00, 0x00, 0x00, 0x00,
    0x00, 0x00, 0x00, 0x00, 0x00, 0x00, 0x00, 0x00,
    0x00, 0x00, 0x00, 0x00, 0x00, 0x00, 0x00, 0x00,
    0x00, 0x00, 0x00, 0x00, 0x00, 0x00, 0x00, 0x00,
    0x00, 0x00, 0x00, 0x00, 0x00, 0x00, 0x00, 0x00,
    0x00, 0x00, 0x00, 0x00, 0x00, 0x00, 0x00, 0x00,
    0x00, 0x00, 0x00, 0x00, 0x00, 0x00, 0x00, 0x00,
    0x00, 0x00, 0x00, 0x00, 0x00, 0x00, 0x00, 0x00,
    0x00, 0x00, 0x00, 0x00, 0x00, 0x00, 0x00, 0x00,
    0x00, 0x00, 0x00, 0x00, 0x00, 0x00, 0x00, 0x00,
    0x00, 0x00, 0x00, 0x00, 0x00, 0x00, 0x00, 0x00,
    0x00, 0x00, 0x00, 0x00, 0x00, 0x00, 0x00, 0x00,
    0x00, 0x00, 0x00, 0x00, 0x00, 0x00, 0x00, 0x00,
    0x8a, 0x82, 0x7d, 0x9f, 0x8a, 0x82, 0x7d, 0xff,
    0x8a, 0x82, 0x7d, 0xff, 0x8a, 0x82, 0x7d, 0xff,
    0x8a, 0x82, 0x7d, 0xff, 0x8a, 0x82, 0x7d, 0xff,
    0x8a, 0x82, 0x7d, 0xff, 0x8a, 0x82, 0x7d, 0xff,
    0x8a, 0x82, 0x7d, 0xff, 0x8a, 0x82, 0x7d, 0xff,
    0x8a, 0x82, 0x7d, 0xff, 0x8a, 0x82, 0x7d, 0x9f,
    0x8a, 0x82, 0x7d, 0x10, 0x00, 0x00, 0x00, 0x00,
    0x00, 0x00, 0x00, 0x00, 0x00, 0x00, 0x00, 0x00,
    0x00, 0x00, 0x00, 0x00, 0x00, 0x00, 0x00, 0x00,
    0x00, 0x00, 0x00, 0x00, 0x00, 0x00, 0x00, 0x00,
    0x00, 0x00, 0x00, 0x00, 0x00, 0x00, 0x00, 0x00,
    0x00, 0x00, 0x00, 0x00, 0x00, 0x00, 0x00, 0x00,
    0x00, 0x00, 0x00, 0x00, 0x00, 0x00, 0x00, 0x00,
    0x00, 0x00, 0x00, 0x00, 0x00, 0x00, 0x00, 0x00,
    0x00, 0x00, 0x00, 0x00, 0x00, 0x00, 0x00, 0x00,
    0x00, 0x00, 0x00, 0x00, 0x00, 0x00, 0x00, 0x00,
    0x00, 0x00, 0x00, 0x00, 0x00, 0x00, 0x00, 0x00,
    0x00, 0x00, 0x00, 0x00, 0x00, 0x00, 0x00, 0x00,
    0x00, 0x00, 0x00, 0x00, 0x00, 0x00, 0x00, 0x00,
    0x00, 0x00, 0x00, 0x00, 0x00, 0x00, 0x00, 0x00,
    0x00, 0x00, 0x00, 0x00, 0x00, 0x00, 0x00, 0x00,
    0x00, 0x00, 0x00, 0x00, 0x00, 0x00, 0x00, 0x00,
    0x00, 0x00, 0x00, 0x00, 0x00, 0x00, 0x00, 0x00,
    0x00, 0x00, 0x00, 0x00, 0x00, 0x00, 0x00, 0x00,
    0x00, 0x00, 0x00, 0x00, 0x00, 0x00, 0x00, 0x00,
    0x00, 0x00, 0x00, 0x00, 0x00, 0x00, 0x00, 0x00,
    0x00, 0x00, 0x00, 0x00, 0x00, 0x00, 0x00, 0x00,
    0x00, 0x00, 0x00, 0x00, 0x00, 0x00, 0x00, 0x00,
    0x00, 0x00, 0x00, 0x00, 0x00, 0x00, 0x00, 0x00,
    0x00, 0x00, 0x00, 0x00, 0x00, 0x00, 0x00, 0x00,
    0x00, 0x00, 0x00, 0x00, 0x00, 0x00, 0x00, 0x00,
    0x00, 0x00, 0x00, 0x00, 0x00, 0x00, 0x00, 0x00,
    0x00, 0x00, 0x00, 0x00, 0x00, 0x00, 0x00, 0x00,
    0x00, 0x00, 0x00, 0x00, 0x8a, 0x82, 0x7d, 0x8f,
    0x8a, 0x82, 0x7d, 0xff, 0x8a, 0x82, 0x7d, 0xff,
    0x8a, 0x82, 0x7d, 0xff, 0x8a, 0x82, 0x7d, 0xff,
    0x8a, 0x82, 0x7d, 0xff, 0x8a, 0x82, 0x7d, 0xff,
    0x8a, 0x82, 0x7d, 0xff, 0x8a, 0x82, 0x7d, 0xff,
    0x8a, 0x82, 0x7d, 0xff, 0x8a, 0x82, 0x7d, 0xff,
    0x8a, 0x82, 0x7d, 0xff, 0x8a, 0x82, 0x7d, 0xff,
    0x8a, 0x82, 0x7d, 0x9f, 0x00, 0x00, 0x00, 0x00,
    0x00, 0x00, 0x00, 0x00, 0x00, 0x00, 0x00, 0x00,
    0x00, 0x00, 0x00, 0x00, 0x00, 0x00, 0x00, 0x00,
    0x00, 0x00, 0x00, 0x00, 0x00, 0x00, 0x00, 0x00,
    0x00, 0x00, 0x00, 0x00, 0x00, 0x00, 0x00, 0x00,
    0x00, 0x00, 0x00, 0x00, 0x00, 0x00, 0x00, 0x00,
    0x00, 0x00, 0x00, 0x00, 0x00, 0x00, 0x00, 0x00,
    0x00, 0x00, 0x00, 0x00, 0x00, 0x00, 0x00, 0x00,
    0x00, 0x00, 0x00, 0x00, 0x00, 0x00, 0x00, 0x00,
    0x00, 0x00, 0x00, 0x00, 0x00, 0x00, 0x00, 0x00,
    0x00, 0x00, 0x00, 0x00, 0x00, 0x00, 0x00, 0x00,
    0x00, 0x00, 0x00, 0x00, 0x00, 0x00, 0x00, 0x00,
    0x00, 0x00, 0x00, 0x00, 0x00, 0x00, 0x00, 0x00,
    0x00, 0x00, 0x00, 0x00, 0x00, 0x00, 0x00, 0x00,
    0x00, 0x00, 0x00, 0x00, 0x00, 0x00, 0x00, 0x00,
    0x00, 0x00, 0x00, 0x00, 0x00, 0x00, 0x00, 0x00,
    0x00, 0x00, 0x00, 0x00, 0x00, 0x00, 0x00, 0x00,
    0x00, 0x00, 0x00, 0x00, 0x00, 0x00, 0x00, 0x00,
    0x00, 0x00, 0x00, 0x00, 0x00, 0x00, 0x00, 0x00,
    0x00, 0x00, 0x00, 0x00, 0x00, 0x00, 0x00, 0x00,
    0x00, 0x00, 0x00, 0x00, 0x00, 0x00, 0x00, 0x00,
    0x00, 0x00, 0x00, 0x00, 0x00, 0x00, 0x00, 0x00,
    0x00, 0x00, 0x00, 0x00, 0x00, 0x00, 0x00, 0x00,
    0x00, 0x00, 0x00, 0x00, 0x00, 0x00, 0x00, 0x00,
    0x00, 0x00, 0x00, 0x00, 0x00, 0x00, 0x00, 0x00,
    0x00, 0x00, 0x00, 0x00, 0x00, 0x00, 0x00, 0x00,
    0x00, 0x00, 0x00, 0x00, 0x00, 0x00, 0x00, 0x00,
    0x8a, 0x82, 0x7d, 0x20, 0x8a, 0x82, 0x7d, 0xff,
    0x8a, 0x82, 0x7d, 0xff, 0x8a, 0x82, 0x7d, 0xff,
    0x8a, 0x82, 0x7d, 0xff, 0x8a, 0x82, 0x7d, 0xff,
    0x8a, 0x82, 0x7d, 0xff, 0x8a, 0x82, 0x7d, 0xff,
    0x8a, 0x82, 0x7d, 0xff, 0x8a, 0x82, 0x7d, 0xff,
    0x8a, 0x82, 0x7d, 0xff, 0x8a, 0x82, 0x7d, 0xff,
    0x8a, 0x82, 0x7d, 0xff, 0x8a, 0x82, 0x7d, 0xff,
    0x8a, 0x82, 0x7d, 0xff, 0x8a, 0x82, 0x7d, 0x40,
    0x00, 0x00, 0x00, 0x00, 0x00, 0x00, 0x00, 0x00,
    0x00, 0x00, 0x00, 0x00, 0x00, 0x00, 0x00, 0x00,
    0x00, 0x00, 0x00, 0x00, 0x00, 0x00, 0x00, 0x00,
    0x00, 0x00, 0x00, 0x00, 0x00, 0x00, 0x00, 0x00,
    0x00, 0x00, 0x00, 0x00, 0x00, 0x00, 0x00, 0x00,
    0x00, 0x00, 0x00, 0x00, 0x00, 0x00, 0x00, 0x00,
    0x00, 0x00, 0x00, 0x00, 0x00, 0x00, 0x00, 0x00,
    0x00, 0x00, 0x00, 0x00, 0x00, 0x00, 0x00, 0x00,
    0x00, 0x00, 0x00, 0x00, 0x00, 0x00, 0x00, 0x00,
    0x00, 0x00, 0x00, 0x00, 0x00, 0x00, 0x00, 0x00,
    0x00, 0x00, 0x00, 0x00, 0x00, 0x00, 0x00, 0x00,
    0x00, 0x00, 0x00, 0x00, 0x00, 0x00, 0x00, 0x00,
    0x00, 0x00, 0x00, 0x00, 0x00, 0x00, 0x00, 0x00,
    0x00, 0x00, 0x00, 0x00, 0x00, 0x00, 0x00, 0x00,
    0x00, 0x00, 0x00, 0x00, 0x00, 0x00, 0x00, 0x00,
    0x00, 0x00, 0x00, 0x00, 0x00, 0x00, 0x00, 0x00,
    0x00, 0x00, 0x00, 0x00, 0x00, 0x00, 0x00, 0x00,
    0x00, 0x00, 0x00, 0x00, 0x00, 0x00, 0x00, 0x00,
    0x00, 0x00, 0x00, 0x00, 0x00, 0x00, 0x00, 0x00,
    0x00, 0x00, 0x00, 0x00, 0x00, 0x00, 0x00, 0x00,
    0x00, 0x00, 0x00, 0x00, 0x00, 0x00, 0x00, 0x00,
    0x00, 0x00, 0x00, 0x00, 0x00, 0x00, 0x00, 0x00,
    0x00, 0x00, 0x00, 0x00, 0x00, 0x00, 0x00, 0x00,
    0x00, 0x00, 0x00, 0x00, 0x00, 0x00, 0x00, 0x00,
    0x00, 0x00, 0x00, 0x00, 0x00, 0x00, 0x00, 0x00,
    0x00, 0x00, 0x00, 0x00, 0x00, 0x00, 0x00, 0x00,
    0x8a, 0x82, 0x7d, 0x8f, 0x8a, 0x82, 0x7d, 0xff,
    0x8a, 0x82, 0x7d, 0xff, 0x8a, 0x82, 0x7d, 0xff,
    0x8a, 0x82, 0x7d, 0xff, 0x8a, 0x82, 0x7d, 0xff,
    0x8a, 0x82, 0x7d, 0xff, 0x8a, 0x82, 0x7d, 0xff,
    0x8a, 0x82, 0x7d, 0xff, 0x8a, 0x82, 0x7d, 0xff,
    0x8a, 0x82, 0x7d, 0xff, 0x8a, 0x82, 0x7d, 0xff,
    0x8a, 0x82, 0x7d, 0xff, 0x8a, 0x82, 0x7d, 0xff,
    0x8a, 0x82, 0x7d, 0xff, 0x8a, 0x82, 0x7d, 0x9f,
    0x00, 0x00, 0x00, 0x00, 0x00, 0x00, 0x00, 0x00,
    0x00, 0x00, 0x00, 0x00, 0x00, 0x00, 0x00, 0x00,
    0x00, 0x00, 0x00, 0x00, 0x00, 0x00, 0x00, 0x00,
    0x00, 0x00, 0x00, 0x00, 0x00, 0x00, 0x00, 0x00,
    0x00, 0x00, 0x00, 0x00, 0x00, 0x00, 0x00, 0x00,
    0x00, 0x00, 0x00, 0x00, 0x00, 0x00, 0x00, 0x00,
    0x00, 0x00, 0x00, 0x00, 0x00, 0x00, 0x00, 0x00,
    0x00, 0x00, 0x00, 0x00, 0x00, 0x00, 0x00, 0x00,
    0x00, 0x00, 0x00, 0x00, 0x00, 0x00, 0x00, 0x00,
    0x00, 0x00, 0x00, 0x00, 0x00, 0x00, 0x00, 0x00,
    0x00, 0x00, 0x00, 0x00, 0x00, 0x00, 0x00, 0x00,
    0x00, 0x00, 0x00, 0x00, 0x00, 0x00, 0x00, 0x00,
    0x00, 0x00, 0x00, 0x00, 0x00, 0x00, 0x00, 0x00,
    0x00, 0x00, 0x00, 0x00, 0x00, 0x00, 0x00, 0x00,
    0x00, 0x00, 0x00, 0x00, 0x00, 0x00, 0x00, 0x00,
    0x00, 0x00, 0x00, 0x00, 0x00, 0x00, 0x00, 0x00,
    0x00, 0x00, 0x00, 0x00, 0x00, 0x00, 0x00, 0x00,
    0x00, 0x00, 0x00, 0x00, 0x00, 0x00, 0x00, 0x00,
    0x00, 0x00, 0x00, 0x00, 0x00, 0x00, 0x00, 0x00,
    0x00, 0x00, 0x00, 0x00, 0x00, 0x00, 0x00, 0x00,
    0x00, 0x00, 0x00, 0x00, 0x00, 0x00, 0x00, 0x00,
    0x00, 0x00, 0x00, 0x00, 0x00, 0x00, 0x00, 0x00,
    0x00, 0x00, 0x00, 0x00, 0x00, 0x00, 0x00, 0x00,
    0x00, 0x00, 0x00, 0x00, 0x00, 0x00, 0x00, 0x00,
    0x00, 0x00, 0x00, 0x00, 0x00, 0x00, 0x00, 0x00,
    0x00, 0x00, 0x00, 0x00, 0x00, 0x00, 0x00, 0x00,
    0x8a, 0x82, 0x7d, 0xbf, 0x8a, 0x82, 0x7d, 0xff,
    0x8a, 0x82, 0x7d, 0xff, 0x8a, 0x82, 0x7d, 0xff,
    0x8a, 0x82, 0x7d, 0xff, 0x8a, 0x82, 0x7d, 0xff,
    0x8a, 0x82, 0x7d, 0xff, 0x8a, 0x82, 0x7d, 0xff,
    0x8a, 0x82, 0x7d, 0xff, 0x8a, 0x82, 0x7d, 0xff,
    0x8a, 0x82, 0x7d, 0xff, 0x8a, 0x82, 0x7d, 0xff,
    0x8a, 0x82, 0x7d, 0xff, 0x8a, 0x82, 0x7d, 0xff,
    0x8a, 0x82, 0x7d, 0xff, 0x8a, 0x82, 0x7d, 0xbf,
    0x00, 0x00, 0x00, 0x00, 0x00, 0x00, 0x00, 0x00,
    0x00, 0x00, 0x00, 0x00, 0x00, 0x00, 0x00, 0x00,
    0x00, 0x00, 0x00, 0x00, 0x00, 0x00, 0x00, 0x00,
    0x00, 0x00, 0x00, 0x00, 0x00, 0x00, 0x00, 0x00,
    0x00, 0x00, 0x00, 0x00, 0x00, 0x00, 0x00, 0x00,
    0x00, 0x00, 0x00, 0x00, 0x00, 0x00, 0x00, 0x00,
    0x00, 0x00, 0x00, 0x00, 0x00, 0x00, 0x00, 0x00,
    0x00, 0x00, 0x00, 0x00, 0x00, 0x00, 0x00, 0x00,
    0x00, 0x00, 0x00, 0x00, 0x00, 0x00, 0x00, 0x00,
    0x00, 0x00, 0x00, 0x00, 0x00, 0x00, 0x00, 0x00,
    0x00, 0x00, 0x00, 0x00, 0x00, 0x00, 0x00, 0x00,
    0x00, 0x00, 0x00, 0x00, 0x00, 0x00, 0x00, 0x00,
    0x00, 0x00, 0x00, 0x00, 0x00, 0x00, 0x00, 0x00,
    0x00, 0x00, 0x00, 0x00, 0x00, 0x00, 0x00, 0x00,
    0x00, 0x00, 0x00, 0x00, 0x00, 0x00, 0x00, 0x00,
    0x00, 0x00, 0x00, 0x00, 0x00, 0x00, 0x00, 0x00,
    0x00, 0x00, 0x00, 0x00, 0x00, 0x00, 0x00, 0x00,
    0x00, 0x00, 0x00, 0x00, 0x00, 0x00, 0x00, 0x00,
    0x00, 0x00, 0x00, 0x00, 0x00, 0x00, 0x00, 0x00,
    0x00, 0x00, 0x00, 0x00, 0x00, 0x00, 0x00, 0x00,
    0x00, 0x00, 0x00, 0x00, 0x00, 0x00, 0x00, 0x00,
    0x00, 0x00, 0x00, 0x00, 0x00, 0x00, 0x00, 0x00,
    0x00, 0x00, 0x00, 0x00, 0x00, 0x00, 0x00, 0x00,
    0x00, 0x00, 0x00, 0x00, 0x00, 0x00, 0x00, 0x00,
    0x00, 0x00, 0x00, 0x00, 0x00, 0x00, 0x00, 0x00,
    0x00, 0x00, 0x00, 0x00, 0x00, 0x00, 0x00, 0x00,
    0x8a, 0x82, 0x7d, 0xbf, 0x8a, 0x82, 0x7d, 0xff,
    0x8a, 0x82, 0x7d, 0xff, 0x91, 0x8a, 0x85, 0xff,
    0xa7, 0xa1, 0x9e, 0xff, 0xaf, 0xa9, 0xa6, 0xff,
    0xc5, 0xc1, 0xbe, 0xff, 0xc5, 0xc1, 0xbe, 0xff,
    0xc5, 0xc1, 0xbe, 0xff, 0xc5, 0xc1, 0xbe, 0xff,
    0xb6, 0xb1, 0xae, 0xff, 0xa7, 0xa1, 0x9e, 0xff,
    0x91, 0x8a, 0x85, 0xff, 0x8a, 0x82, 0x7d, 0xff,
    0x8a, 0x82, 0x7d, 0xff, 0x8a, 0x82, 0x7d, 0xdf,
    0x00, 0x00, 0x00, 0x00, 0x00, 0x00, 0x00, 0x00,
    0x00, 0x00, 0x00, 0x00, 0x00, 0x00, 0x00, 0x00,
    0x00, 0x00, 0x00, 0x00, 0x00, 0x00, 0x00, 0x00,
    0x00, 0x00, 0x00, 0x00, 0x00, 0x00, 0x00, 0x00,
    0x00, 0x00, 0x00, 0x00, 0x00, 0x00, 0x00, 0x00,
    0x00, 0x00, 0x00, 0x00, 0x00, 0x00, 0x00, 0x00,
    0x00, 0x00, 0x00, 0x00, 0x00, 0x00, 0x00, 0x00,
    0x00, 0x00, 0x00, 0x00, 0x00, 0x00, 0x00, 0x00,
    0x00, 0x00, 0x00, 0x00, 0x00, 0x00, 0x00, 0x00,
    0x00, 0x00, 0x00, 0x00, 0x00, 0x00, 0x00, 0x00,
    0x00, 0x00, 0x00, 0x00, 0x00, 0x00, 0x00, 0x00,
    0x00, 0x00, 0x00, 0x00, 0x00, 0x00, 0x00, 0x00,
    0x00, 0x00, 0x00, 0x00, 0x00, 0x00, 0x00, 0x00,
    0x00, 0x00, 0x00, 0x00, 0x00, 0x00, 0x00, 0x00,
    0x00, 0x00, 0x00, 0x00, 0x00, 0x00, 0x00, 0x00,
    0x00, 0x00, 0x00, 0x00, 0x00, 0x00, 0x00, 0x00,
    0x00, 0x00, 0x00, 0x00, 0x00, 0x00, 0x00, 0x00,
    0x00, 0x00, 0x00, 0x00, 0x00, 0x00, 0x00, 0x00,
    0x00, 0x00, 0x00, 0x00, 0x00, 0x00, 0x00, 0x00,
    0x8a, 0x82, 0x7d, 0x40, 0x8a, 0x82, 0x7d, 0xaf,
    0x8a, 0x82, 0x7d, 0xef, 0x8a, 0x82, 0x7d, 0xff,
    0x8a, 0x82, 0x7d, 0xef, 0x8a, 0x82, 0x7d, 0x9f,
    0x8a, 0x82, 0x7d, 0x30, 0x00, 0x00, 0x00, 0x00,
    0x00, 0x00, 0x00, 0x00, 0x00, 0x00, 0x00, 0x00,
    0x00, 0x00, 0x00, 0x00, 0x00, 0x00, 0x00, 0x00,
    0x00, 0x00, 0x00, 0x00, 0xff, 0xff, 0xff, 0x20,
    0xb6, 0xb1, 0xae, 0xff, 0xda, 0xd8, 0xd6, 0xff,
    0xf0, 0xef, 0xef, 0xff, 0xff, 0xff, 0xff, 0xff,
    0xff, 0xff, 0xff, 0xff, 0xff, 0xff, 0xff, 0xff,
    0xff, 0xff, 0xff, 0xff, 0xff, 0xff, 0xff, 0xff,
    0xff, 0xff, 0xff, 0xff, 0xff, 0xff, 0xff, 0xff,
    0xff, 0xff, 0xff, 0xff, 0xff, 0xff, 0xff, 0xff,
    0xff, 0xff, 0xff, 0xff, 0xf8, 0xf7, 0xf7, 0xff,
    0xda, 0xd8, 0xd6, 0xff, 0xbd, 0xb9, 0xb6, 0xff,
    0xff, 0xff, 0xff, 0x20, 0x00, 0x00, 0x00, 0x00,
    0x00, 0x00, 0x00, 0x00, 0x00, 0x00, 0x00, 0x00,
    0x00, 0x00, 0x00, 0x00, 0x00, 0x00, 0x00, 0x00,
    0x00, 0x00, 0x00, 0x00, 0x8a, 0x82, 0x7d, 0x30,
    0x8a, 0x82, 0x7d, 0x9f, 0x8a, 0x82, 0x7d, 0xef,
    0x8a, 0x82, 0x7d, 0xff, 0x8a, 0x82, 0x7d, 0xef,
    0x8a, 0x82, 0x7d, 0xaf, 0x8a, 0x82, 0x7d, 0x40,
    0x00, 0x00, 0x00, 0x00, 0x00, 0x00, 0x00, 0x00,
    0x00, 0x00, 0x00, 0x00, 0x00, 0x00, 0x00, 0x00,
    0x00, 0x00, 0x00, 0x00, 0x00, 0x00, 0x00, 0x00,
    0x00, 0x00, 0x00, 0x00, 0x00, 0x00, 0x00, 0x00,
    0x00, 0x00, 0x00, 0x00, 0x00, 0x00, 0x00, 0x00,
    0x00, 0x00, 0x00, 0x00, 0x00, 0x00, 0x00, 0x00,
    0x00, 0x00, 0x00, 0x00, 0x00, 0x00, 0x00, 0x00,
    0x00, 0x00, 0x00, 0x00, 0x00, 0x00, 0x00, 0x00,
    0x00, 0x00, 0x00, 0x00, 0x00, 0x00, 0x00, 0x00,
    0x00, 0x00, 0x00, 0x00, 0x00, 0x00, 0x00, 0x00,
    0x00, 0x00, 0x00, 0x00, 0x00, 0x00, 0x00, 0x00,
    0x00, 0x00, 0x00, 0x00, 0x8a, 0x82, 0x7d, 0x8f,
    0x8a, 0x82, 0x7d, 0xff, 0x8a, 0x82, 0x7d, 0xff,
    0x8a, 0x82, 0x7d, 0xff, 0x8a, 0x82, 0x7d, 0xff,
    0x8a, 0x82, 0x7d, 0xff, 0x8a, 0x82, 0x7d, 0xff,
    0x8a, 0x82, 0x7d, 0xff, 0x8a, 0x82, 0x7d, 0x70,
    0x00, 0x00, 0x00, 0x00, 0x00, 0x00, 0x00, 0x00,
    0x00, 0x00, 0x00, 0x00, 0xff, 0xff, 0xff, 0x60,
    0xff, 0xff, 0xff, 0xbf, 0xff, 0xff, 0xff, 0xff,
    0xff, 0xff, 0xff, 0xff, 0xff, 0xff, 0xff, 0xff,
    0xff, 0xff, 0xff, 0xff, 0xff, 0xff, 0xff, 0xff,
    0xff, 0xff, 0xff, 0xff, 0xff, 0xff, 0xff, 0xff,
    0xff, 0xff, 0xff, 0xff, 0xff, 0xff, 0xff, 0xff,
    0xff, 0xff, 0xff, 0xff, 0xff, 0xff, 0xff, 0xff,
    0xff, 0xff, 0xff, 0xff, 0xff, 0xff, 0xff, 0xff,
    0xff, 0xff, 0xff, 0xff, 0xff, 0xff, 0xff, 0xff,
    0xff, 0xff, 0xff, 0xff, 0xff, 0xff, 0xff, 0xff,
    0xff, 0xff, 0xff, 0xff, 0xff, 0xff, 0xff, 0xcf,
    0xff, 0xff, 0xff, 0x60, 0x00, 0x00, 0x00, 0x00,
    0x00, 0x00, 0x00, 0x00, 0x00, 0x00, 0x00, 0x00,
    0x8a, 0x82, 0x7d, 0x70, 0x8a, 0x82, 0x7d, 0xff,
    0x8a, 0x82, 0x7d, 0xff, 0x8a, 0x82, 0x7d, 0xff,
    0x8a, 0x82, 0x7d, 0xff, 0x8a, 0x82, 0x7d, 0xff,
    0x8a, 0x82, 0x7d, 0xff, 0x8a, 0x82, 0x7d, 0xff,
    0x8a, 0x82, 0x7d, 0x8f, 0x00, 0x00, 0x00, 0x00,
    0x00, 0x00, 0x00, 0x00, 0x00, 0x00, 0x00, 0x00,
    0x00, 0x00, 0x00, 0x00, 0x00, 0x00, 0x00, 0x00,
    0x00, 0x00, 0x00, 0x00, 0x00, 0x00, 0x00, 0x00,
    0x00, 0x00, 0x00, 0x00, 0x00, 0x00, 0x00, 0x00,
    0x00, 0x00, 0x00, 0x00, 0x00, 0x00, 0x00, 0x00,
    0x00, 0x00, 0x00, 0x00, 0x00, 0x00, 0x00, 0x00,
    0x00, 0x00, 0x00, 0x00, 0x00, 0x00, 0x00, 0x00,
    0x00, 0x00, 0x00, 0x00, 0x00, 0x00, 0x00, 0x00,
    0x00, 0x00, 0x00, 0x00, 0x00, 0x00, 0x00, 0x00,
    0x00, 0x00, 0x00, 0x00, 0x00, 0x00, 0x00, 0x00,
    0x8a, 0x82, 0x7d, 0x9f, 0x8a, 0x82, 0x7d, 0xff,
    0x8a, 0x82, 0x7d, 0xff, 0x8a, 0x82, 0x7d, 0xff,
    0x8a, 0x82, 0x7d, 0xff, 0x8a, 0x82, 0x7d, 0xff,
    0x8a, 0x82, 0x7d, 0xff, 0x8a, 0x82, 0x7d, 0xff,
    0x8a, 0x82, 0x7d, 0xff, 0x8a, 0x82, 0x7d, 0xff,
    0x8a, 0x82, 0x7d, 0x9f, 0xf4, 0xf3, 0xf3, 0x6a,
    0xff, 0xff, 0xff, 0xef, 0xff, 0xff, 0xff, 0xff,
    0xff, 0xff, 0xff, 0xff, 0xff, 0xff, 0xff, 0xff,
    0xff, 0xff, 0xff, 0xff, 0xff, 0xff, 0xff, 0xff,
    0xff, 0xff, 0xff, 0xff, 0xff, 0xff, 0xff, 0xff,
    0xff, 0xff, 0xff, 0xff, 0xff, 0xff, 0xff, 0xff,
    0xff, 0xff, 0xff, 0xff, 0xff, 0xff, 0xff, 0xff,
    0xff, 0xff, 0xff, 0xff, 0xff, 0xff, 0xff, 0xff,
    0xff, 0xff, 0xff, 0xff, 0xff, 0xff, 0xff, 0xff,
    0xff, 0xff, 0xff, 0xff, 0xff, 0xff, 0xff, 0xff,
    0xff, 0xff, 0xff, 0xff, 0xff, 0xff, 0xff, 0xff,
    0xff, 0xff, 0xff, 0xff, 0xff, 0xff, 0xff, 0xff,
    0xff, 0xff, 0xff, 0xff, 0xff, 0xff, 0xff, 0xef,
    0xf8, 0xf8, 0xf7, 0x88, 0x8a, 0x82, 0x7d, 0x9f,
    0x8a, 0x82, 0x7d, 0xff, 0x8a, 0x82, 0x7d, 0xff,
    0x8a, 0x82, 0x7d, 0xff, 0x8a, 0x82, 0x7d, 0xff,
    0x8a, 0x82, 0x7d, 0xff, 0x8a, 0x82, 0x7d, 0xff,
    0x8a, 0x82, 0x7d, 0xff, 0x8a, 0x82, 0x7d, 0xff,
    0x8a, 0x82, 0x7d, 0xff, 0x8a, 0x82, 0x7d, 0x9f,
    0x00, 0x00, 0x00, 0x00, 0x00, 0x00, 0x00, 0x00,
    0x00, 0x00, 0x00, 0x00, 0x00, 0x00, 0x00, 0x00,
    0x00, 0x00, 0x00, 0x00, 0x00, 0x00, 0x00, 0x00,
    0x00, 0x00, 0x00, 0x00, 0x00, 0x00, 0x00, 0x00,
    0x00, 0x00, 0x00, 0x00, 0x00, 0x00, 0x00, 0x00,
    0x00, 0x00, 0x00, 0x00, 0x00, 0x00, 0x00, 0x00,
    0x00, 0x00, 0x00, 0x00, 0x00, 0x00, 0x00, 0x00,
    0x00, 0x00, 0x00, 0x00, 0x00, 0x00, 0x00, 0x00,
    0x00, 0x00, 0x00, 0x00, 0x00, 0x00, 0x00, 0x00,
    0x00, 0x00, 0x00, 0x00, 0x8a, 0x82, 0x7d, 0x9f,
    0x8a, 0x82, 0x7d, 0xff, 0x8a, 0x82, 0x7d, 0xff,
    0x8a, 0x82, 0x7d, 0xff, 0x8a, 0x82, 0x7d, 0xff,
    0x8a, 0x82, 0x7d, 0xff, 0x8a, 0x82, 0x7d, 0xff,
    0x8a, 0x82, 0x7d, 0xff, 0x8a, 0x82, 0x7d, 0xff,
    0x8a, 0x82, 0x7d, 0xff, 0xa7, 0xa1, 0x9e, 0xff,
    0xf0, 0xef, 0xef, 0xff, 0xff, 0xff, 0xff, 0xff,
    0xff, 0xff, 0xff, 0xff, 0xff, 0xff, 0xff, 0xff,
    0xff, 0xff, 0xff, 0xff, 0xff, 0xff, 0xff, 0xff,
    0xff, 0xff, 0xff, 0xff, 0xff, 0xff, 0xff, 0xff,
    0xff, 0xff, 0xff, 0xff, 0xff, 0xff, 0xff, 0xff,
    0xff, 0xff, 0xff, 0xff, 0xff, 0xff, 0xff, 0xff,
    0xff, 0xff, 0xff, 0xff, 0xff, 0xff, 0xff, 0xff,
    0xff, 0xff, 0xff, 0xff, 0xff, 0xff, 0xff, 0xff,
    0xff, 0xff, 0xff, 0xff, 0xff, 0xff, 0xff, 0xff,
    0xff, 0xff, 0xff, 0xff, 0xff, 0xff, 0xff, 0xff,
    0xff, 0xff, 0xff, 0xff, 0xff, 0xff, 0xff, 0xff,
    0xff, 0xff, 0xff, 0xff, 0xff, 0xff, 0xff, 0xff,
    0xff, 0xff, 0xff, 0xff, 0xff, 0xff, 0xff, 0xff,
    0xff, 0xff, 0xff, 0xff, 0xf0, 0xef, 0xef, 0xff,
    0xaf, 0xa9, 0xa6, 0xff, 0x8a, 0x82, 0x7d, 0xff,
    0x8a, 0x82, 0x7d, 0xff, 0x8a, 0x82, 0x7d, 0xff,
    0x8a, 0x82, 0x7d, 0xff, 0x8a, 0x82, 0x7d, 0xff,
    0x8a, 0x82, 0x7d, 0xff, 0x8a, 0x82, 0x7d, 0xff,
    0x8a, 0x82, 0x7d, 0xff, 0x8a, 0x82, 0x7d, 0xff,
    0x8a, 0x82, 0x7d, 0x9f, 0x00, 0x00, 0x00, 0x00,
    0x00, 0x00, 0x00, 0x00, 0x00, 0x00, 0x00, 0x00,
    0x00, 0x00, 0x00, 0x00, 0x00, 0x00, 0x00, 0x00,
    0x00, 0x00, 0x00, 0x00, 0x00, 0x00, 0x00, 0x00,
    0x00, 0x00, 0x00, 0x00, 0x00, 0x00, 0x00, 0x00,
    0x00, 0x00, 0x00, 0x00, 0x00, 0x00, 0x00, 0x00,
    0x00, 0x00, 0x00, 0x00, 0x00, 0x00, 0x00, 0x00,
    0x00, 0x00, 0x00, 0x00, 0x00, 0x00, 0x00, 0x00,
    0x00, 0x00, 0x00, 0x00, 0x00, 0x00, 0x00, 0x00,
    0x8a, 0x82, 0x7d, 0x8f, 0x8a, 0x82, 0x7d, 0xff,
    0x8a, 0x82, 0x7d, 0xff, 0x8a, 0x82, 0x7d, 0xff,
    0x8a, 0x82, 0x7d, 0xff, 0x8a, 0x82, 0x7d, 0xff,
    0x8a, 0x82, 0x7d, 0xff, 0x8a, 0x82, 0x7d, 0xff,
    0x8a, 0x82, 0x7d, 0xff, 0x91, 0x8a, 0x85, 0xff,
    0xda, 0xd8, 0xd6, 0xff, 0xff, 0xff, 0xff, 0xff,
    0xff, 0xff, 0xff, 0xff, 0xff, 0xff, 0xff, 0xff,
    0xff, 0xff, 0xff, 0xff, 0xff, 0xff, 0xff, 0xff,
    0xff, 0xff, 0xff, 0xff, 0xff, 0xff, 0xff, 0xff,
    0xff, 0xff, 0xff, 0xff, 0xff, 0xff, 0xff, 0xff,
    0xeb, 0xe9, 0xe8, 0xff, 0xd7, 0xd3, 0xd1, 0xff,
    0xc7, 0xc2, 0xbf, 0xff, 0xc2, 0xbc, 0xb9, 0xff,
    0xbd, 0xb7, 0xb3, 0xff, 0xae, 0xa6, 0xa2, 0xff,
    0xae, 0xa6, 0xa2, 0xff, 0xbd, 0xb7, 0xb3, 0xff,
    0xc2, 0xbc, 0xb9, 0xff, 0xc7, 0xc2, 0xbf, 0xff,
    0xd7, 0xd3, 0xd1, 0xff, 0xeb, 0xe9, 0xe8, 0xff,
    0xff, 0xff, 0xff, 0xff, 0xff, 0xff, 0xff, 0xff,
    0xff, 0xff, 0xff, 0xff, 0xff, 0xff, 0xff, 0xff,
    0xff, 0xff, 0xff, 0xff, 0xff, 0xff, 0xff, 0xff,
    0xff, 0xff, 0xff, 0xff, 0xff, 0xff, 0xff, 0xff,
    0xff, 0xff, 0xff, 0xff, 0xda, 0xd8, 0xd6, 0xff,
    0x91, 0x8a, 0x85, 0xff, 0x8a, 0x82, 0x7d, 0xff,
    0x8a, 0x82, 0x7d, 0xff, 0x8a, 0x82, 0x7d, 0xff,
    0x8a, 0x82, 0x7d, 0xff, 0x8a, 0x82, 0x7d, 0xff,
    0x8a, 0x82, 0x7d, 0xff, 0x8a, 0x82, 0x7d, 0xff,
    0x8a, 0x82, 0x7d, 0xff, 0x8a, 0x82, 0x7d, 0x8f,
    0x00, 0x00, 0x00, 0x00, 0x00, 0x00, 0x00, 0x00,
    0x00, 0x00, 0x00, 0x00, 0x00, 0x00, 0x00, 0x00,
    0x00, 0x00, 0x00, 0x00, 0x00, 0x00, 0x00, 0x00,
    0x00, 0x00, 0x00, 0x00, 0x00, 0x00, 0x00, 0x00,
    0x00, 0x00, 0x00, 0x00, 0x00, 0x00, 0x00, 0x00,
    0x00, 0x00, 0x00, 0x00, 0x00, 0x00, 0x00, 0x00,
    0x00, 0x00, 0x00, 0x00, 0x00, 0x00, 0x00, 0x00,
    0x00, 0x00, 0x00, 0x00, 0x8a, 0x82, 0x7d, 0x40,
    0x8a, 0x82, 0x7d, 0xff, 0x8a, 0x82, 0x7d, 0xff,
    0x8a, 0x82, 0x7d, 0xff, 0x8a, 0x82, 0x7d, 0xff,
    0x8a, 0x82, 0x7d, 0xff, 0x8a, 0x82, 0x7d, 0xff,
    0x8a, 0x82, 0x7d, 0xff, 0x8a, 0x82, 0x7d, 0xff,
    0xa0, 0x99, 0x95, 0xff, 0xf0, 0xef, 0xef, 0xff,
    0xff, 0xff, 0xff, 0xff, 0xff, 0xff, 0xff, 0xff,
    0xff, 0xff, 0xff, 0xff, 0xff, 0xff, 0xff, 0xff,
    0xff, 0xff, 0xff, 0xff, 0xff, 0xff, 0xff, 0xff,
    0xff, 0xff, 0xff, 0xff, 0xeb, 0xe9, 0xe8, 0xff,
    0xcc, 0xc7, 0xc5, 0xff, 0xb3, 0xac, 0xa8, 0xff,
    0xae, 0xa6, 0xa2, 0xff, 0xae, 0xa6, 0xa2, 0xff,
    0xae, 0xa6, 0xa2, 0xff, 0xae, 0xa6, 0xa2, 0xff,
    0xae, 0xa6, 0xa2, 0xff, 0xae, 0xa6, 0xa2, 0xff,
    0xae, 0xa6, 0xa2, 0xff, 0xae, 0xa6, 0xa2, 0xff,
    0xae, 0xa6, 0xa2, 0xff, 0xae, 0xa6, 0xa2, 0xff,
    0xae, 0xa6, 0xa2, 0xff, 0xae, 0xa6, 0xa2, 0xff,
    0xb3, 0xac, 0xa8, 0xff, 0xcc, 0xc7, 0xc5, 0xff,
    0xe6, 0xe3, 0xe2, 0xff, 0xff, 0xff, 0xff, 0xff,
    0xff, 0xff, 0xff, 0xff, 0xff, 0xff, 0xff, 0xff,
    0xff, 0xff, 0xff, 0xff, 0xff, 0xff, 0xff, 0xff,
    0xff, 0xff, 0xff, 0xff, 0xff, 0xff, 0xff, 0xff,
    0xf0, 0xef, 0xef, 0xff, 0xa0, 0x99, 0x95, 0xff,
    0x8a, 0x82, 0x7d, 0xff, 0x8a, 0x82, 0x7d, 0xff,
    0x8a, 0x82, 0x7d, 0xff, 0x8a, 0x82, 0x7d, 0xff,
    0x8a, 0x82, 0x7d, 0xff, 0x8a, 0x82, 0x7d, 0xff,
    0x8a, 0x82, 0x7d, 0xff, 0x8a, 0x82, 0x7d, 0xff,
    0x8a, 0x82, 0x7d, 0x40, 0x00, 0x00, 0x00, 0x00,
    0x00, 0x00, 0x00, 0x00, 0x00, 0x00, 0x00, 0x00,
    0x00, 0x00, 0x00, 0x00, 0x00, 0x00, 0x00, 0x00,
    0x00, 0x00, 0x00, 0x00, 0x00, 0x00, 0x00, 0x00,
    0x00, 0x00, 0x00, 0x00, 0x00, 0x00, 0x00, 0x00,
    0x00, 0x00, 0x00, 0x00, 0x00, 0x00, 0x00, 0x00,
    0x00, 0x00, 0x00, 0x00, 0x00, 0x00, 0x00, 0x00,
    0x00, 0x00, 0x00, 0x00, 0x8a, 0x82, 0x7d, 0xaf,
    0x8a, 0x82, 0x7d, 0xff, 0x8a, 0x82, 0x7d, 0xff,
    0x8a, 0x82, 0x7d, 0xff, 0x8a, 0x82, 0x7d, 0xff,
    0x8a, 0x82, 0x7d, 0xff, 0x8a, 0x82, 0x7d, 0xff,
    0x8a, 0x82, 0x7d, 0xff, 0xa7, 0xa1, 0x9e, 0xff,
    0xf8, 0xf7, 0xf7, 0xff, 0xff, 0xff, 0xff, 0xff,
    0xff, 0xff, 0xff, 0xff, 0xff, 0xff, 0xff, 0xff,
    0xff, 0xff, 0xff, 0xff, 0xff, 0xff, 0xff, 0xff,
    0xff, 0xff, 0xff, 0xff, 0xe1, 0xde, 0xdc, 0xff,
    0xb8, 0xb1, 0xae, 0xff, 0xae, 0xa6, 0xa2, 0xff,
    0xae, 0xa6, 0xa2, 0xff, 0xae, 0xa6, 0xa2, 0xff,
    0xae, 0xa6, 0xa2, 0xff, 0xae, 0xa6, 0xa2, 0xff,
    0xae, 0xa6, 0xa2, 0xff, 0xae, 0xa6, 0xa2, 0xff,
    0xae, 0xa6, 0xa2, 0xff, 0xae, 0xa6, 0xa2, 0xff,
    0xae, 0xa6, 0xa2, 0xff, 0xae, 0xa6, 0xa2, 0xff,
    0xae, 0xa6, 0xa2, 0xff, 0xae, 0xa6, 0xa2, 0xff,
    0xae, 0xa6, 0xa2, 0xff, 0xae, 0xa6, 0xa2, 0xff,
    0xae, 0xa6, 0xa2, 0xff, 0xae, 0xa6, 0xa2, 0xff,
    0xae, 0xa6, 0xa2, 0xff, 0xb8, 0xb1, 0xae, 0xff,
    0xe1, 0xde, 0xdc, 0xff, 0xff, 0xff, 0xff, 0xff,
    0xff, 0xff, 0xff, 0xff, 0xff, 0xff, 0xff, 0xff,
    0xff, 0xff, 0xff, 0xff, 0xff, 0xff, 0xff, 0xff,
    0xff, 0xff, 0xff, 0xff, 0xf8, 0xf7, 0xf7, 0xff,
    0xb6, 0xb1, 0xae, 0xff, 0x8a, 0x82, 0x7d, 0xff,
    0x8a, 0x82, 0x7d, 0xff, 0x8a, 0x82, 0x7d, 0xff,
    0x8a, 0x82, 0x7d, 0xff, 0x8a, 0x82, 0x7d, 0xff,
    0x8a, 0x82, 0x7d, 0xff, 0x8a, 0x82, 0x7d, 0xff,
    0x8a, 0x82, 0x7d, 0xaf, 0x00, 0x00, 0x00, 0x00,
    0x00, 0x00, 0x00, 0x00, 0x00, 0x00, 0x00, 0x00,
    0x00, 0x00, 0x00, 0x00, 0x00, 0x00, 0x00, 0x00,
    0x00, 0x00, 0x00, 0x00, 0x00, 0x00, 0x00, 0x00,
    0x00, 0x00, 0x00, 0x00, 0x00, 0x00, 0x00, 0x00,
    0x00, 0x00, 0x00, 0x00, 0x00, 0x00, 0x00, 0x00,
    0x00, 0x00, 0x00, 0x00, 0x00, 0x00, 0x00, 0x00,
    0x00, 0x00, 0x00, 0x00, 0x8a, 0x82, 0x7d, 0xff,
    0x8a, 0x82, 0x7d, 0xff, 0x8a, 0x82, 0x7d, 0xff,
    0x8a, 0x82, 0x7d, 0xff, 0x8a, 0x82, 0x7d, 0xff,
    0x8a, 0x82, 0x7d, 0xff, 0x8a, 0x82, 0x7d, 0xff,
    0xb6, 0xb1, 0xae, 0xff, 0xff, 0xff, 0xff, 0xff,
    0xff, 0xff, 0xff, 0xff, 0xff, 0xff, 0xff, 0xff,
    0xff, 0xff, 0xff, 0xff, 0xff, 0xff, 0xff, 0xff,
    0xff, 0xff, 0xff, 0xff, 0xf0, 0xee, 0xee, 0xff,
    0xbd, 0xb7, 0xb3, 0xff, 0xae, 0xa6, 0xa2, 0xff,
    0xae, 0xa6, 0xa2, 0xff, 0xae, 0xa6, 0xa2, 0xff,
    0xae, 0xa6, 0xa2, 0xff, 0xae, 0xa6, 0xa2, 0xff,
    0xae, 0xa6, 0xa2, 0xff, 0xae, 0xa6, 0xa2, 0xff,
    0xae, 0xa6, 0xa2, 0xff, 0xae, 0xa6, 0xa2, 0xff,
    0xae, 0xa6, 0xa2, 0xff, 0xae, 0xa6, 0xa2, 0xff,
    0xae, 0xa6, 0xa2, 0xff, 0xae, 0xa6, 0xa2, 0xff,
    0xae, 0xa6, 0xa2, 0xff, 0xae, 0xa6, 0xa2, 0xff,
    0xae, 0xa6, 0xa2, 0xff, 0xae, 0xa6, 0xa2, 0xff,
    0xae, 0xa6, 0xa2, 0xff, 0xae, 0xa6, 0xa2, 0xff,
    0xae, 0xa6, 0xa2, 0xff, 0xae, 0xa6, 0xa2, 0xff,
    0xae, 0xa6, 0xa2, 0xff, 0xbd, 0xb7, 0xb3, 0xff,
    0xeb, 0xe9, 0xe8, 0xff, 0xff, 0xff, 0xff, 0xff,
    0xff, 0xff, 0xff, 0xff, 0xff, 0xff, 0xff, 0xff,
    0xff, 0xff, 0xff, 0xff, 0xff, 0xff, 0xff, 0xff,
    0xff, 0xff, 0xff, 0xff, 0xb6, 0xb1, 0xae, 0xff,
    0x8a, 0x82, 0x7d, 0xff, 0x8a, 0x82, 0x7d, 0xff,
    0x8a, 0x82, 0x7d, 0xff, 0x8a, 0x82, 0x7d, 0xff,
    0x8a, 0x82, 0x7d, 0xff, 0x8a, 0x82, 0x7d, 0xff,
    0x8a, 0x82, 0x7d, 0xff, 0x00, 0x00, 0x00, 0x00,
    0x00, 0x00, 0x00, 0x00, 0x00, 0x00, 0x00, 0x00,
    0x00, 0x00, 0x00, 0x00, 0x00, 0x00, 0x00, 0x00,
    0x00, 0x00, 0x00, 0x00, 0x00, 0x00, 0x00, 0x00,
    0x00, 0x00, 0x00, 0x00, 0x00, 0x00, 0x00, 0x00,
    0x00, 0x00, 0x00, 0x00, 0x00, 0x00, 0x00, 0x00,
    0x00, 0x00, 0x00, 0x00, 0x00, 0x00, 0x00, 0x00,
    0x00, 0x00, 0x00, 0x00, 0x8a, 0x82, 0x7d, 0xff,
    0x8a, 0x82, 0x7d, 0xff, 0x8a, 0x82, 0x7d, 0xff,
    0x8a, 0x82, 0x7d, 0xff, 0x8a, 0x82, 0x7d, 0xff,
    0x8a, 0x82, 0x7d, 0xff, 0xa7, 0xa1, 0x9e, 0xff,
    0xff, 0xff, 0xff, 0xff, 0xff, 0xff, 0xff, 0xff,
    0xff, 0xff, 0xff, 0xff, 0xff, 0xff, 0xff, 0xff,
    0xff, 0xff, 0xff, 0xff, 0xff, 0xff, 0xff, 0xff,
    0xd7, 0xd3, 0xd1, 0xff, 0xae, 0xa6, 0xa2, 0xff,
    0xae, 0xa6, 0xa2, 0xff, 0xae, 0xa6, 0xa2, 0xff,
    0xae, 0xa6, 0xa2, 0xff, 0xae, 0xa6, 0xa2, 0xff,
    0xae, 0xa6, 0xa2, 0xff, 0xae, 0xa6, 0xa2, 0xff,
    0xae, 0xa6, 0xa2, 0xff, 0xae, 0xa6, 0xa2, 0xff,
    0xae, 0xa6, 0xa2, 0xff, 0xae, 0xa6, 0xa2, 0xff,
    0xae, 0xa6, 0xa2, 0xff, 0xae, 0xa6, 0xa2, 0xff,
    0xae, 0xa6, 0xa2, 0xff, 0xae, 0xa6, 0xa2, 0xff,
    0xae, 0xa6, 0xa2, 0xff, 0xae, 0xa6, 0xa2, 0xff,
    0xae, 0xa6, 0xa2, 0xff, 0xae, 0xa6, 0xa2, 0xff,
    0xae, 0xa6, 0xa2, 0xff, 0xae, 0xa6, 0xa2, 0xff,
    0xae, 0xa6, 0xa2, 0xff, 0xae, 0xa6, 0xa2, 0xff,
    0xae, 0xa6, 0xa2, 0xff, 0xae, 0xa6, 0xa2, 0xff,
    0xae, 0xa6, 0xa2, 0xff, 0xd7, 0xd3, 0xd1, 0xff,
    0xff, 0xff, 0xff, 0xff, 0xff, 0xff, 0xff, 0xff,
    0xff, 0xff, 0xff, 0xff, 0xff, 0xff, 0xff, 0xff,
    0xff, 0xff, 0xff, 0xff, 0xff, 0xff, 0xff, 0xff,
    0xb6, 0xb1, 0xae, 0xff, 0x8a, 0x82, 0x7d, 0xff,
    0x8a, 0x82, 0x7d, 0xff, 0x8a, 0x82, 0x7d, 0xff,
    0x8a, 0x82, 0x7d, 0xff, 0x8a, 0x82, 0x7d, 0xff,
    0x8a, 0x82, 0x7d, 0xff, 0x00, 0x00, 0x00, 0x00,
    0x00, 0x00, 0x00, 0x00, 0x00, 0x00, 0x00, 0x00,
    0x00, 0x00, 0x00, 0x00, 0x00, 0x00, 0x00, 0x00,
    0x00, 0x00, 0x00, 0x00, 0x00, 0x00, 0x00, 0x00,
    0x00, 0x00, 0x00, 0x00, 0x00, 0x00, 0x00, 0x00,
    0x00, 0x00, 0x00, 0x00, 0x00, 0x00, 0x00, 0x00,
    0x00, 0x00, 0x00, 0x00, 0x00, 0x00, 0x00, 0x00,
    0x00, 0x00, 0x00, 0x00, 0x8a, 0x82, 0x7d, 0xff,
    0x8a, 0x82, 0x7d, 0xff, 0x8a, 0x82, 0x7d, 0xff,
    0x8a, 0x82, 0x7d, 0xff, 0x8a, 0x82, 0x7d, 0xff,
    0xa0, 0x99, 0x95, 0xff, 0xf8, 0xf7, 0xf7, 0xff,
    0xff, 0xff, 0xff, 0xff, 0xff, 0xff, 0xff, 0xff,
    0xff, 0xff, 0xff, 0xff, 0xff, 0xff, 0xff, 0xff,
    0xfa, 0xf9, 0xf9, 0xff, 0xc2, 0xbc, 0xb9, 0xff,
    0xae, 0xa6, 0xa2, 0xff, 0xae, 0xa6, 0xa2, 0xff,
    0xae, 0xa6, 0xa2, 0xff, 0xae, 0xa6, 0xa2, 0xff,
    0xae, 0xa6, 0xa2, 0xff, 0xae, 0xa6, 0xa2, 0xff,
    0xae, 0xa6, 0xa2, 0xff, 0xae, 0xa6, 0xa2, 0xff,
    0xae, 0xa6, 0xa2, 0xff, 0xa6, 0x9d, 0x99, 0xff,
    0x9b, 0x91, 0x8d, 0xff, 0x95, 0x8c, 0x86, 0xff,
    0x8d, 0x83, 0x7d, 0xff, 0x8d, 0x83, 0x7d, 0xff,
    0x8d, 0x83, 0x7d, 0xff, 0x8d, 0x83, 0x7d, 0xff,
    0x95, 0x8c, 0x86, 0xff, 0x9b, 0x91, 0x8d, 0xff,
    0xa6, 0x9d, 0x99, 0xff, 0xae, 0xa6, 0xa2, 0xff,
    0xae, 0xa6, 0xa2, 0xff, 0xae, 0xa6, 0xa2, 0xff,
    0xae, 0xa6, 0xa2, 0xff, 0xae, 0xa6, 0xa2, 0xff,
    0xae, 0xa6, 0xa2, 0xff, 0xae, 0xa6, 0xa2, 0xff,
    0xae, 0xa6, 0xa2, 0xff, 0xae, 0xa6, 0xa2, 0xff,
    0xc2, 0xbc, 0xb9, 0xff, 0xfa, 0xf9, 0xf9, 0xff,
    0xff, 0xff, 0xff, 0xff, 0xff, 0xff, 0xff, 0xff,
    0xff, 0xff, 0xff, 0xff, 0xff, 0xff, 0xff, 0xff,
    0xf8, 0xf7, 0xf7, 0xff, 0xa0, 0x99, 0x95, 0xff,
    0x8a, 0x82, 0x7d, 0xff, 0x8a, 0x82, 0x7d, 0xff,
    0x8a, 0x82, 0x7d, 0xff, 0x8a, 0x82, 0x7d, 0xff,
    0x8a, 0x82, 0x7d, 0xff, 0x00, 0x00, 0x00, 0x00,
    0x00, 0x00, 0x00, 0x00, 0x00, 0x00, 0x00, 0x00,
    0x00, 0x00, 0x00, 0x00, 0x00, 0x00, 0x00, 0x00,
    0x00, 0x00, 0x00, 0x00, 0x00, 0x00, 0x00, 0x00,
    0x00, 0x00, 0x00, 0x00, 0x00, 0x00, 0x00, 0x00,
    0x00, 0x00, 0x00, 0x00, 0x00, 0x00, 0x00, 0x00,
    0x00, 0x00, 0x00, 0x00, 0x00, 0x00, 0x00, 0x00,
    0x00, 0x00, 0x00, 0x00, 0x8a, 0x82, 0x7d, 0xaf,
    0x8a, 0x82, 0x7d, 0xff, 0x8a, 0x82, 0x7d, 0xff,
    0x8a, 0x82, 0x7d, 0xff, 0x91, 0x8a, 0x85, 0xff,
    0xe9, 0xe8, 0xe7, 0xff, 0xff, 0xff, 0xff, 0xff,
    0xff, 0xff, 0xff, 0xff, 0xff, 0xff, 0xff, 0xff,
    0xff, 0xff, 0xff, 0xff, 0xfa, 0xf9, 0xf9, 0xff,
    0xbd, 0xb7, 0xb3, 0xff, 0xae, 0xa6, 0xa2, 0xff,
    0xae, 0xa6, 0xa2, 0xff, 0xae, 0xa6, 0xa2, 0xff,
    0xae, 0xa6, 0xa2, 0xff, 0xae, 0xa6, 0xa2, 0xff,
    0xae, 0xa6, 0xa2, 0xff, 0xae, 0xa6, 0xa2, 0xff,
    0xa9, 0xa0, 0x9c, 0xff, 0x98, 0x8f, 0x8a, 0xff,
    0x88, 0x7d, 0x77, 0xff, 0x82, 0x77, 0x71, 0xff,
    0x82, 0x77, 0x71, 0xff, 0x82, 0x77, 0x71, 0xff,
    0x82, 0x77, 0x71, 0xff, 0x82, 0x77, 0x71, 0xff,
    0x82, 0x77, 0x71, 0xff, 0x82, 0x77, 0x71, 0xff,
    0x82, 0x77, 0x71, 0xff, 0x82, 0x77, 0x71, 0xff,
    0x82, 0x77, 0x71, 0xff, 0x88, 0x7d, 0x77, 0xff,
    0x95, 0x8c, 0x86, 0xff, 0xa9, 0xa0, 0x9c, 0xff,
    0xae, 0xa6, 0xa2, 0xff, 0xae, 0xa6, 0xa2, 0xff,
    0xae, 0xa6, 0xa2, 0xff, 0xae, 0xa6, 0xa2, 0xff,
    0xae, 0xa6, 0xa2, 0xff, 0xae, 0xa6, 0xa2, 0xff,
    0xae, 0xa6, 0xa2, 0xff, 0xbd, 0xb7, 0xb3, 0xff,
    0xfa, 0xf9, 0xf9, 0xff, 0xff, 0xff, 0xff, 0xff,
    0xff, 0xff, 0xff, 0xff, 0xff, 0xff, 0xff, 0xff,
    0xff, 0xff, 0xff, 0xff, 0xf0, 0xef, 0xef, 0xff,
    0x91, 0x8a, 0x85, 0xff, 0x8a, 0x82, 0x7d, 0xff,
    0x8a, 0x82, 0x7d, 0xff, 0x8a, 0x82, 0x7d, 0xff,
    0x8a, 0x82, 0x7d, 0xaf, 0x00, 0x00, 0x00, 0x00,
    0x00, 0x00, 0x00, 0x00, 0x00, 0x00, 0x00, 0x00,
    0x00, 0x00, 0x00, 0x00, 0x00, 0x00, 0x00, 0x00,
    0x00, 0x00, 0x00, 0x00, 0x00, 0x00, 0x00, 0x00,
    0x00, 0x00, 0x00, 0x00, 0x00, 0x00, 0x00, 0x00,
    0x00, 0x00, 0x00, 0x00, 0x00, 0x00, 0x00, 0x00,
    0x00, 0x00, 0x00, 0x00, 0x00, 0x00, 0x00, 0x00,
    0x00, 0x00, 0x00, 0x00, 0x8a, 0x82, 0x7d, 0x40,
    0x8a, 0x82, 0x7d, 0xff, 0x8a, 0x82, 0x7d, 0xff,
    0x8a, 0x82, 0x7d, 0xff, 0xda, 0xd8, 0xd6, 0xff,
    0xff, 0xff, 0xff, 0xff, 0xff, 0xff, 0xff, 0xff,
    0xff, 0xff, 0xff, 0xff, 0xff, 0xff, 0xff, 0xff,
    0xfa, 0xf9, 0xf9, 0xff, 0xbd, 0xb7, 0xb3, 0xff,
    0xae, 0xa6, 0xa2, 0xff, 0xae, 0xa6, 0xa2, 0xff,
    0xae, 0xa6, 0xa2, 0xff, 0xae, 0xa6, 0xa2, 0xff,
    0xae, 0xa6, 0xa2, 0xff, 0xae, 0xa6, 0xa2, 0xff,
    0xab, 0xa3, 0x9f, 0xff, 0x93, 0x89, 0x83, 0xff,
    0x82, 0x77, 0x71, 0xff, 0x82, 0x77, 0x71, 0xff,
    0x82, 0x77, 0x71, 0xff, 0x82, 0x77, 0x71, 0xff,
    0x82, 0x77, 0x71, 0xff, 0x82, 0x77, 0x71, 0xff,
    0x82, 0x77, 0x71, 0xff, 0x82, 0x77, 0x71, 0xff,
    0x82, 0x77, 0x71, 0xff, 0x82, 0x77, 0x71, 0xff,
    0x82, 0x77, 0x71, 0xff, 0x82, 0x77, 0x71, 0xff,
    0x82, 0x77, 0x71, 0xff, 0x82, 0x77, 0x71, 0xff,
    0x82, 0x77, 0x71, 0xff, 0x82, 0x77, 0x71, 0xff,
    0x93, 0x89, 0x83, 0xff, 0xab, 0xa3, 0x9f, 0xff,
    0xae, 0xa6, 0xa2, 0xff, 0xae, 0xa6, 0xa2, 0xff,
    0xae, 0xa6, 0xa2, 0xff, 0xae, 0xa6, 0xa2, 0xff,
    0xae, 0xa6, 0xa2, 0xff, 0xae, 0xa6, 0xa2, 0xff,
    0xbd, 0xb7, 0xb3, 0xff, 0xfa, 0xf9, 0xf9, 0xff,
    0xff, 0xff, 0xff, 0xff, 0xff, 0xff, 0xff, 0xff,
    0xff, 0xff, 0xff, 0xff, 0xff, 0xff, 0xff, 0xff,
    0xda, 0xd8, 0xd6, 0xff, 0x8a, 0x82, 0x7d, 0xff,
    0x8a, 0x82, 0x7d, 0xff, 0x8a, 0x82, 0x7d, 0xff,
    0x8a, 0x82, 0x7d, 0x40, 0x00, 0x00, 0x00, 0x00,
    0x00, 0x00, 0x00, 0x00, 0x00, 0x00, 0x00, 0x00,
    0x00, 0x00, 0x00, 0x00, 0x00, 0x00, 0x00, 0x00,
    0x00, 0x00, 0x00, 0x00, 0x00, 0x00, 0x00, 0x00,
    0x00, 0x00, 0x00, 0x00, 0x00, 0x00, 0x00, 0x00,
    0x00, 0x00, 0x00, 0x00, 0x00, 0x00, 0x00, 0x00,
    0x00, 0x00, 0x00, 0x00, 0x00, 0x00, 0x00, 0x00,
    0x00, 0x00, 0x00, 0x00, 0x00, 0x00, 0x00, 0x00,
    0x8a, 0x82, 0x7d, 0x80, 0x8a, 0x82, 0x7d, 0xff,
    0xa7, 0xa1, 0x9e, 0xff, 0xff, 0xff, 0xff, 0xff,
    0xff, 0xff, 0xff, 0xff, 0xff, 0xff, 0xff, 0xff,
    0xff, 0xff, 0xff, 0xff, 0xff, 0xff, 0xff, 0xff,
    0xc7, 0xc2, 0xbf, 0xff, 0xae, 0xa6, 0xa2, 0xff,
    0xae, 0xa6, 0xa2, 0xff, 0xae, 0xa6, 0xa2, 0xff,
    0xae, 0xa6, 0xa2, 0xff, 0xae, 0xa6, 0xa2, 0xff,
    0xae, 0xa6, 0xa2, 0xff, 0xa0, 0x97, 0x93, 0xff,
    0x85, 0x7a, 0x74, 0xff, 0x82, 0x77, 0x71, 0xff,
    0x82, 0x77, 0x71, 0xff, 0x82, 0x77, 0x71, 0xff,
    0x82, 0x77, 0x71, 0xff, 0x82, 0x77, 0x71, 0xff,
    0x82, 0x77, 0x71, 0xff, 0x82, 0x77, 0x71, 0xff,
    0x82, 0x77, 0x71, 0xff, 0x82, 0x77, 0x71, 0xff,
    0x82, 0x77, 0x71, 0xff, 0x82, 0x77, 0x71, 0xff,
    0x82, 0x77, 0x71, 0xff, 0x82, 0x77, 0x71, 0xff,
    0x82, 0x77, 0x71, 0xff, 0x82, 0x77, 0x71, 0xff,
    0x82, 0x77, 0x71, 0xff, 0x82, 0x77, 0x71, 0xff,
    0x82, 0x77, 0x71, 0xff, 0x85, 0x7a, 0x74, 0xff,
    0xa0, 0x97, 0x93, 0xff, 0xae, 0xa6, 0xa2, 0xff,
    0xae, 0xa6, 0xa2, 0xff, 0xae, 0xa6, 0xa2, 0xff,
    0xae, 0xa6, 0xa2, 0xff, 0xae, 0xa6, 0xa2, 0xff,
    0xae, 0xa6, 0xa2, 0xff, 0xc2, 0xbc, 0xb9, 0xff,
    0xff, 0xff, 0xff, 0xff, 0xff, 0xff, 0xff, 0xff,
    0xff, 0xff, 0xff, 0xff, 0xff, 0xff, 0xff, 0xff,
    0xff, 0xff, 0xff, 0xff, 0xaf, 0xa9, 0xa6, 0xff,
    0x8a, 0x82, 0x7d, 0xff, 0x8a, 0x82, 0x7d, 0x80,
    0x00, 0x00, 0x00, 0x00, 0x00, 0x00, 0x00, 0x00,
    0x00, 0x00, 0x00, 0x00, 0x00, 0x00, 0x00, 0x00,
    0x00, 0x00, 0x00, 0x00, 0x00, 0x00, 0x00, 0x00,
    0x00, 0x00, 0x00, 0x00, 0x00, 0x00, 0x00, 0x00,
    0x00, 0x00, 0x00, 0x00, 0x00, 0x00, 0x00, 0x00,
    0x00, 0x00, 0x00, 0x00, 0x00, 0x00, 0x00, 0x00,
    0x00, 0x00, 0x00, 0x00, 0x00, 0x00, 0x00, 0x00,
    0x00, 0x00, 0x00, 0x00, 0x00, 0x00, 0x00, 0x00,
    0x00, 0x00, 0x00, 0x00, 0x8a, 0x82, 0x7d, 0xbf,
    0xf0, 0xef, 0xef, 0xff, 0xff, 0xff, 0xff, 0xff,
    0xff, 0xff, 0xff, 0xff, 0xff, 0xff, 0xff, 0xff,
    0xff, 0xff, 0xff, 0xff, 0xd7, 0xd3, 0xd1, 0xff,
    0xae, 0xa6, 0xa2, 0xff, 0xae, 0xa6, 0xa2, 0xff,
    0xae, 0xa6, 0xa2, 0xff, 0xae, 0xa6, 0xa2, 0xff,
    0xae, 0xa6, 0xa2, 0xff, 0xae, 0xa6, 0xa2, 0xff,
    0x95, 0x8c, 0x86, 0xff, 0x82, 0x77, 0x71, 0xff,
    0x82, 0x77, 0x71, 0xff, 0x82, 0x77, 0x71, 0xff,
    0x82, 0x77, 0x71, 0xff, 0x82, 0x77, 0x71, 0xff,
    0x82, 0x77, 0x71, 0xff, 0x82, 0x77, 0x71, 0xff,
    0x82, 0x77, 0x71, 0xff, 0x82, 0x77, 0x71, 0xff,
    0x82, 0x77, 0x71, 0xff, 0x82, 0x77, 0x71, 0xff,
    0x82, 0x77, 0x71, 0xff, 0x82, 0x77, 0x71, 0xff,
    0x82, 0x77, 0x71, 0xff, 0x82, 0x77, 0x71, 0xff,
    0x82, 0x77, 0x71, 0xff, 0x82, 0x77, 0x71, 0xff,
    0x82, 0x77, 0x71, 0xff, 0x82, 0x77, 0x71, 0xff,
    0x82, 0x77, 0x71, 0xff, 0x82, 0x77, 0x71, 0xff,
    0x82, 0x77, 0x71, 0xff, 0x95, 0x8c, 0x86, 0xff,
    0xae, 0xa6, 0xa2, 0xff, 0xae, 0xa6, 0xa2, 0xff,
    0xae, 0xa6, 0xa2, 0xff, 0xae, 0xa6, 0xa2, 0xff,
    0xae, 0xa6, 0xa2, 0xff, 0xae, 0xa6, 0xa2, 0xff,
    0xd7, 0xd3, 0xd1, 0xff, 0xff, 0xff, 0xff, 0xff,
    0xff, 0xff, 0xff, 0xff, 0xff, 0xff, 0xff, 0xff,
    0xff, 0xff, 0xff, 0xff, 0xf0, 0xef, 0xef, 0xff,
    0x8a, 0x82, 0x7d, 0xbf, 0x00, 0x00, 0x00, 0x00,
    0x00, 0x00, 0x00, 0x00, 0x00, 0x00, 0x00, 0x00,
    0x00, 0x00, 0x00, 0x00, 0x00, 0x00, 0x00, 0x00,
    0x00, 0x00, 0x00, 0x00, 0x00, 0x00, 0x00, 0x00,
    0x00, 0x00, 0x00, 0x00, 0x00, 0x00, 0x00, 0x00,
    0x00, 0x00, 0x00, 0x00, 0x00, 0x00, 0x00, 0x00,
    0x00, 0x00, 0x00, 0x00, 0x00, 0x00, 0x00, 0x00,
    0x00, 0x00, 0x00, 0x00, 0x00, 0x00, 0x00, 0x00,
    0x00, 0x00, 0x00, 0x00, 0x00, 0x00, 0x00, 0x00,
    0x00, 0x00, 0x00, 0x00, 0xf4, 0xf3, 0xf3, 0x6a,
    0xff, 0xff, 0xff, 0xff, 0xff, 0xff, 0xff, 0xff,
    0xff, 0xff, 0xff, 0xff, 0xff, 0xff, 0xff, 0xff,
    0xf0, 0xee, 0xee, 0xff, 0xae, 0xa6, 0xa2, 0xff,
    0xae, 0xa6, 0xa2, 0xff, 0xae, 0xa6, 0xa2, 0xff,
    0xae, 0xa6, 0xa2, 0xff, 0xae, 0xa6, 0xa2, 0xff,
    0xae, 0xa6, 0xa2, 0xff, 0x93, 0x89, 0x83, 0xff,
    0x82, 0x77, 0x71, 0xff, 0x82, 0x77, 0x71, 0xff,
    0x82, 0x77, 0x71, 0xff, 0x82, 0x77, 0x71, 0xff,
    0x82, 0x77, 0x71, 0xff, 0x82, 0x77, 0x71, 0xff,
    0x82, 0x77, 0x71, 0xff, 0x82, 0x77, 0x71, 0xff,
    0x82, 0x77, 0x71, 0xff, 0x82, 0x77, 0x71, 0xff,
    0x82, 0x77, 0x71, 0xff, 0x82, 0x77, 0x71, 0xff,
    0x82, 0x77, 0x71, 0xff, 0x82, 0x77, 0x71, 0xff,
    0x82, 0x77, 0x71, 0xff, 0x82, 0x77, 0x71, 0xff,
    0x82, 0x77, 0x71, 0xff, 0x82, 0x77, 0x71, 0xff,
    0x82, 0x77, 0x71, 0xff, 0x82, 0x77, 0x71, 0xff,
    0x82, 0x77, 0x71, 0xff, 0x82, 0x77, 0x71, 0xff,
    0x82, 0x77, 0x71, 0xff, 0x82, 0x77, 0x71, 0xff,
    0x93, 0x89, 0x83, 0xff, 0xae, 0xa6, 0xa2, 0xff,
    0xae, 0xa6, 0xa2, 0xff, 0xae, 0xa6, 0xa2, 0xff,
    0xae, 0xa6, 0xa2, 0xff, 0xae, 0xa6, 0xa2, 0xff,
    0xae, 0xa6, 0xa2, 0xff, 0xf0, 0xee, 0xee, 0xff,
    0xff, 0xff, 0xff, 0xff, 0xff, 0xff, 0xff, 0xff,
    0xff, 0xff, 0xff, 0xff, 0xff, 0xff, 0xff, 0xff,
    0xf8, 0xf8, 0xf7, 0x88, 0x00, 0x00, 0x00, 0x00,
    0x00, 0x00, 0x00, 0x00, 0x00, 0x00, 0x00, 0x00,
    0x00, 0x00, 0x00, 0x00, 0x00, 0x00, 0x00, 0x00,
    0x00, 0x00, 0x00, 0x00, 0x00, 0x00, 0x00, 0x00,
    0x00, 0x00, 0x00, 0x00, 0x00, 0x00, 0x00, 0x00,
    0x00, 0x00, 0x00, 0x00, 0x00, 0x00, 0x00, 0x00,
    0x00, 0x00, 0x00, 0x00, 0x00, 0x00, 0x00, 0x00,
    0x00, 0x00, 0x00, 0x00, 0x00, 0x00, 0x00, 0x00,
    0x00, 0x00, 0x00, 0x00, 0x00, 0x00, 0x00, 0x00,
    0x00, 0x00, 0x00, 0x00, 0xff, 0xff, 0xff, 0xdf,
    0xff, 0xff, 0xff, 0xff, 0xff, 0xff, 0xff, 0xff,
    0xff, 0xff, 0xff, 0xff, 0xff, 0xff, 0xff, 0xff,
    0xc2, 0xbc, 0xb9, 0xff, 0xae, 0xa6, 0xa2, 0xff,
    0xae, 0xa6, 0xa2, 0xff, 0xae, 0xa6, 0xa2, 0xff,
    0xae, 0xa6, 0xa2, 0xff, 0xae, 0xa6, 0xa2, 0xff,
    0x98, 0x8f, 0x8a, 0xff, 0x82, 0x77, 0x71, 0xff,
    0x82, 0x77, 0x71, 0xff, 0x82, 0x77, 0x71, 0xff,
    0x82, 0x77, 0x71, 0xff, 0x82, 0x77, 0x71, 0xff,
    0x82, 0x77, 0x71, 0xff, 0x82, 0x77, 0x71, 0xff,
    0x82, 0x77, 0x71, 0xff, 0x82, 0x77, 0x71, 0xff,
    0x82, 0x77, 0x71, 0xff, 0x82, 0x77, 0x71, 0xff,
    0x6e, 0x65, 0x60, 0xff, 0x6e, 0x65, 0x60, 0xff,
    0x6e, 0x65, 0x60, 0xff, 0x6e, 0x65, 0x60, 0xff,
    0x7d, 0x72, 0x6d, 0xff, 0x82, 0x77, 0x71, 0xff,
    0x82, 0x77, 0x71, 0xff, 0x82, 0x77, 0x71, 0xff,
    0x82, 0x77, 0x71, 0xff, 0x82, 0x77, 0x71, 0xff,
    0x82, 0x77, 0x71, 0xff, 0x82, 0x77, 0x71, 0xff,
    0x82, 0x77, 0x71, 0xff, 0x82, 0x77, 0x71, 0xff,
    0x82, 0x77, 0x71, 0xff, 0x95, 0x8c, 0x86, 0xff,
    0xae, 0xa6, 0xa2, 0xff, 0xae, 0xa6, 0xa2, 0xff,
    0xae, 0xa6, 0xa2, 0xff, 0xae, 0xa6, 0xa2, 0xff,
    0xae, 0xa6, 0xa2, 0xff, 0xbd, 0xb7, 0xb3, 0xff,
    0xff, 0xff, 0xff, 0xff, 0xff, 0xff, 0xff, 0xff,
    0xff, 0xff, 0xff, 0xff, 0xff, 0xff, 0xff, 0xff,
    0xff, 0xff, 0xff, 0xef, 0x00, 0x00, 0x00, 0x00,
    0x00, 0x00, 0x00, 0x00, 0x00, 0x00, 0x00, 0x00,
    0x00, 0x00, 0x00, 0x00, 0x00, 0x00, 0x00, 0x00,
    0x00, 0x00, 0x00, 0x00, 0x00, 0x00, 0x00, 0x00,
    0x00, 0x00, 0x00, 0x00, 0x00, 0x00, 0x00, 0x00,
    0x00, 0x00, 0x00, 0x00, 0x00, 0x00, 0x00, 0x00,
    0x00, 0x00, 0x00, 0x00, 0x00, 0x00, 0x00, 0x00,
    0x00, 0x00, 0x00, 0x00, 0x00, 0x00, 0x00, 0x00,
    0x00, 0x00, 0x00, 0x00, 0x00, 0x00, 0x00, 0x00,
    0xff, 0xff, 0xff, 0x60, 0xff, 0xff, 0xff, 0xff,
    0xff, 0xff, 0xff, 0xff, 0xff, 0xff, 0xff, 0xff,
    0xff, 0xff, 0xff, 0xff, 0xe1, 0xde, 0xdc, 0xff,
    0xae, 0xa6, 0xa2, 0xff, 0xae, 0xa6, 0xa2, 0xff,
    0xae, 0xa6, 0xa2, 0xff, 0xae, 0xa6, 0xa2, 0xff,
    0xae, 0xa6, 0xa2, 0xff, 0xa0, 0x97, 0x93, 0xff,
    0x82, 0x77, 0x71, 0xff, 0x82, 0x77, 0x71, 0xff,
    0x82, 0x77, 0x71, 0xff, 0x82, 0x77, 0x71, 0xff,
    0x82, 0x77, 0x71, 0xff, 0x82, 0x77, 0x71, 0xff,
    0x82, 0x77, 0x71, 0xff, 0x82, 0x77, 0x71, 0xff,
    0x82, 0x77, 0x71, 0xff, 0x63, 0x5b, 0x57, 0xff,
    0x45, 0x40, 0x3d, 0xff, 0x30, 0x2d, 0x2c, 0xff,
    0x30, 0x2d, 0x2c, 0xff, 0x30, 0x2d, 0x2c, 0xff,
    0x30, 0x2d, 0x2c, 0xff, 0x30, 0x2d, 0x2c, 0xff,
    0x30, 0x2d, 0x2c, 0xff, 0x3f, 0x3b, 0x39, 0xff,
    0x63, 0x5b, 0x57, 0xff, 0x82, 0x77, 0x71, 0xff,
    0x82, 0x77, 0x71, 0xff, 0x82, 0x77, 0x71, 0xff,
    0x82, 0x77, 0x71, 0xff, 0x82, 0x77, 0x71, 0xff,
    0x82, 0x77, 0x71, 0xff, 0x82, 0x77, 0x71, 0xff,
    0x82, 0x77, 0x71, 0xff, 0x82, 0x77, 0x71, 0xff,
    0xa0, 0x97, 0x93, 0xff, 0xae, 0xa6, 0xa2, 0xff,
    0xae, 0xa6, 0xa2, 0xff, 0xae, 0xa6, 0xa2, 0xff,
    0xae, 0xa6, 0xa2, 0xff, 0xae, 0xa6, 0xa2, 0xff,
    0xe1, 0xde, 0xdc, 0xff, 0xff, 0xff, 0xff, 0xff,
    0xff, 0xff, 0xff, 0xff, 0xff, 0xff, 0xff, 0xff,
    0xff, 0xff, 0xff, 0xff, 0xff, 0xff, 0xff, 0x60,
    0x00, 0x00, 0x00, 0x00, 0x00, 0x00, 0x00, 0x00,
    0x00, 0x00, 0x00, 0x00, 0x00, 0x00, 0x00, 0x00,
    0x00, 0x00, 0x00, 0x00, 0x00, 0x00, 0x00, 0x00,
    0x00, 0x00, 0x00, 0x00, 0x00, 0x00, 0x00, 0x00,
    0x00, 0x00, 0x00, 0x00, 0x00, 0x00, 0x00, 0x00,
    0x00, 0x00, 0x00, 0x00, 0x00, 0x00, 0x00, 0x00,
    0x00, 0x00, 0x00, 0x00, 0x00, 0x00, 0x00, 0x00,
    0x00, 0x00, 0x00, 0x00, 0x00, 0x00, 0x00, 0x00,
    0xff, 0xff, 0xff, 0xaf, 0xff, 0xff, 0xff, 0xff,
    0xff, 0xff, 0xff, 0xff, 0xff, 0xff, 0xff, 0xff,
    0xff, 0xff, 0xff, 0xff, 0xbd, 0xb7, 0xb3, 0xff,
    0xae, 0xa6, 0xa2, 0xff, 0xae, 0xa6, 0xa2, 0xff,
    0xae, 0xa6, 0xa2, 0xff, 0xae, 0xa6, 0xa2, 0xff,
    0xab, 0xa3, 0x9f, 0xff, 0x85, 0x7a, 0x74, 0xff,
    0x82, 0x77, 0x71, 0xff, 0x82, 0x77, 0x71, 0xff,
    0x82, 0x77, 0x71, 0xff, 0x82, 0x77, 0x71, 0xff,
    0x82, 0x77, 0x71, 0xff, 0x82, 0x77, 0x71, 0xff,
    0x82, 0x77, 0x71, 0xff, 0x6e, 0x65, 0x60, 0xff,
    0x3a, 0x36, 0x35, 0xff, 0x30, 0x2d, 0x2c, 0xff,
    0x30, 0x2d, 0x2c, 0xff, 0x30, 0x2d, 0x2c, 0xff,
    0x30, 0x2d, 0x2c, 0xff, 0x30, 0x2d, 0x2c, 0xff,
    0x30, 0x2d, 0x2c, 0xff, 0x30, 0x2d, 0x2c, 0xff,
    0x30, 0x2d, 0x2c, 0xff, 0x30, 0x2d, 0x2c, 0xff,
    0x30, 0x2d, 0x2c, 0xff, 0x3a, 0x36, 0x35, 0xff,
    0x6e, 0x65, 0x60, 0xff, 0x82, 0x77, 0x71, 0xff,
    0x82, 0x77, 0x71, 0xff, 0x82, 0x77, 0x71, 0xff,
    0x82, 0x77, 0x71, 0xff, 0x82, 0x77, 0x71, 0xff,
    0x82, 0x77, 0x71, 0xff, 0x82, 0x77, 0x71, 0xff,
    0x85, 0x7a, 0x74, 0xff, 0xab, 0xa3, 0x9f, 0xff,
    0xae, 0xa6, 0xa2, 0xff, 0xae, 0xa6, 0xa2, 0xff,
    0xae, 0xa6, 0xa2, 0xff, 0xae, 0xa6, 0xa2, 0xff,
    0xb8, 0xb1, 0xae, 0xff, 0xff, 0xff, 0xff, 0xff,
    0xff, 0xff, 0xff, 0xff, 0xff, 0xff, 0xff, 0xff,
    0xff, 0xff, 0xff, 0xff, 0xff, 0xff, 0xff, 0xbf,
    0x00, 0x00, 0x00, 0x00, 0x00, 0x00, 0x00, 0x00,
    0x00, 0x00, 0x00, 0x00, 0x00, 0x00, 0x00, 0x00,
    0x00, 0x00, 0x00, 0x00, 0x00, 0x00, 0x00, 0x00,
    0x00, 0x00, 0x00, 0x00, 0x00, 0x00, 0x00, 0x00,
    0x00, 0x00, 0x00, 0x00, 0x00, 0x00, 0x00, 0x00,
    0x00, 0x00, 0x00, 0x00, 0x00, 0x00, 0x00, 0x00,
    0x00, 0x00, 0x00, 0x00, 0x00, 0x00, 0x00, 0x00,
    0x00, 0x00, 0x00, 0x00, 0xff, 0xff, 0xff, 0x10,
    0xff, 0xff, 0xff, 0xff, 0xff, 0xff, 0xff, 0xff,
    0xff, 0xff, 0xff, 0xff, 0xff, 0xff, 0xff, 0xff,
    0xeb, 0xe9, 0xe8, 0xff, 0xae, 0xa6, 0xa2, 0xff,
    0xae, 0xa6, 0xa2, 0xff, 0xae, 0xa6, 0xa2, 0xff,
    0xae, 0xa6, 0xa2, 0xff, 0xae, 0xa6, 0xa2, 0xff,
    0x98, 0x8f, 0x8a, 0xff, 0x82, 0x77, 0x71, 0xff,
    0x82, 0x77, 0x71, 0xff, 0x82, 0x77, 0x71, 0xff,
    0x82, 0x77, 0x71, 0xff, 0x82, 0x77, 0x71, 0xff,
    0x82, 0x77, 0x71, 0xff, 0x82, 0x77, 0x71, 0xff,
    0x63, 0x5b, 0x57, 0xff, 0x30, 0x2d, 0x2c, 0xff,
    0x30, 0x2d, 0x2c, 0xff, 0x30, 0x2d, 0x2c, 0xff,
    0x30, 0x2d, 0x2c, 0xff, 0x30, 0x2d, 0x2c, 0xff,
    0x30, 0x2d, 0x2c, 0xff, 0x30, 0x2d, 0x2c, 0xff,
    0x30, 0x2d, 0x2c, 0xff, 0x30, 0x2d, 0x2c, 0xff,
    0x30, 0x2d, 0x2c, 0xff, 0x30, 0x2d, 0x2c, 0xff,
    0x30, 0x2d, 0x2c, 0xff, 0x30, 0x2d, 0x2c, 0xff,
    0x30, 0x2d, 0x2c, 0xff, 0x5e, 0x57, 0x53, 0xff,
    0x82, 0x77, 0x71, 0xff, 0x82, 0x77, 0x71, 0xff,
    0x82, 0x77, 0x71, 0xff, 0x82, 0x77, 0x71, 0xff,
    0x82, 0x77, 0x71, 0xff, 0x82, 0x77, 0x71, 0xff,
    0x82, 0x77, 0x71, 0xff, 0x93, 0x89, 0x83, 0xff,
    0xae, 0xa6, 0xa2, 0xff, 0xae, 0xa6, 0xa2, 0xff,
    0xae, 0xa6, 0xa2, 0xff, 0xae, 0xa6, 0xa2, 0xff,
    0xae, 0xa6, 0xa2, 0xff, 0xeb, 0xe9, 0xe8, 0xff,
    0xff, 0xff, 0xff, 0xff, 0xff, 0xff, 0xff, 0xff,
    0xff, 0xff, 0xff, 0xff, 0xff, 0xff, 0xff, 0xff,
    0xff, 0xff, 0xff, 0x20, 0x00, 0x00, 0x00, 0x00,
    0x00, 0x00, 0x00, 0x00, 0x00, 0x00, 0x00, 0x00,
    0x00, 0x00, 0x00, 0x00, 0x00, 0x00, 0x00, 0x00,
    0x00, 0x00, 0x00, 0x00, 0x00, 0x00, 0x00, 0x00,
    0x00, 0x00, 0x00, 0x00, 0x00, 0x00, 0x00, 0x00,
    0x00, 0x00, 0x00, 0x00, 0x8a, 0x82, 0x7d, 0x20,
    0x8a, 0x82, 0x7d, 0x8f, 0x8a, 0x82, 0x7d, 0xbf,
    0x8a, 0x82, 0x7d, 0xbf, 0xb6, 0xb1, 0xae, 0xff,
    0xff, 0xff, 0xff, 0xff, 0xff, 0xff, 0xff, 0xff,
    0xff, 0xff, 0xff, 0xff, 0xff, 0xff, 0xff, 0xff,
    0xcc, 0xc7, 0xc5, 0xff, 0xae, 0xa6, 0xa2, 0xff,
    0xae, 0xa6, 0xa2, 0xff, 0xae, 0xa6, 0xa2, 0xff,
    0xae, 0xa6, 0xa2, 0xff, 0xab, 0xa3, 0x9f, 0xff,
    0x82, 0x77, 0x71, 0xff, 0x82, 0x77, 0x71, 0xff,
    0x82, 0x77, 0x71, 0xff, 0x82, 0x77, 0x71, 0xff,
    0x82, 0x77, 0x71, 0xff, 0x82, 0x77, 0x71, 0xff,
    0x82, 0x77, 0x71, 0xff, 0x63, 0x5b, 0x57, 0xff,
    0x30, 0x2d, 0x2c, 0xff, 0x30, 0x2d, 0x2c, 0xff,
    0x30, 0x2d, 0x2c, 0xff, 0x30, 0x2d, 0x2c, 0xff,
    0x30, 0x2d, 0x2c, 0xff, 0x30, 0x2d, 0x2c, 0xff,
    0x30, 0x2d, 0x2c, 0xff, 0x30, 0x2d, 0x2c, 0xff,
    0x30, 0x2d, 0x2c, 0xff, 0x30, 0x2d, 0x2c, 0xff,
    0x30, 0x2d, 0x2c, 0xff, 0x30, 0x2d, 0x2c, 0xff,
    0x30, 0x2d, 0x2c, 0xff, 0x30, 0x2d, 0x2c, 0xff,
    0x30, 0x2d, 0x2c, 0xff, 0x30, 0x2d, 0x2c, 0xff,
    0x5e, 0x57, 0x53, 0xff, 0x82, 0x77, 0x71, 0xff,
    0x82, 0x77, 0x71, 0xff, 0x82, 0x77, 0x71, 0xff,
    0x82, 0x77, 0x71, 0xff, 0x82, 0x77, 0x71, 0xff,
    0x82, 0x77, 0x71, 0xff, 0x82, 0x77, 0x71, 0xff,
    0xa9, 0xa0, 0x9c, 0xff, 0xae, 0xa6, 0xa2, 0xff,
    0xae, 0xa6, 0xa2, 0xff, 0xae, 0xa6, 0xa2, 0xff,
    0xae, 0xa6, 0xa2, 0xff, 0xcc, 0xc7, 0xc5, 0xff,
    0xff, 0xff, 0xff, 0xff, 0xff, 0xff, 0xff, 0xff,
    0xff, 0xff, 0xff, 0xff, 0xff, 0xff, 0xff, 0xff,
    0xbd, 0xb9, 0xb6, 0xff, 0x8a, 0x82, 0x7d, 0xbf,
    0x8a, 0x82, 0x7d, 0xbf, 0x8a, 0x82, 0x7d, 0x8f,
    0x8a, 0x82, 0x7d, 0x20, 0x00, 0x00, 0x00, 0x00,
    0x00, 0x00, 0x00, 0x00, 0x00, 0x00, 0x00, 0x00,
    0x00, 0x00, 0x00, 0x00, 0x00, 0x00, 0x00, 0x00,
    0x8a, 0x82, 0x7d, 0x8f, 0x8a, 0x82, 0x7d, 0xff,
    0x8a, 0x82, 0x7d, 0xff, 0x8a, 0x82, 0x7d, 0xff,
    0x8a, 0x82, 0x7d, 0xff, 0xd3, 0xd0, 0xce, 0xff,
    0xff, 0xff, 0xff, 0xff, 0xff, 0xff, 0xff, 0xff,
    0xff, 0xff, 0xff, 0xff, 0xff, 0xff, 0xff, 0xff,
    0xb3, 0xac, 0xa8, 0xff, 0xae, 0xa6, 0xa2, 0xff,
    0xae, 0xa6, 0xa2, 0xff, 0xae, 0xa6, 0xa2, 0xff,
    0xae, 0xa6, 0xa2, 0xff, 0x98, 0x8f, 0x8a, 0xff,
    0x82, 0x77, 0x71, 0xff, 0x82, 0x77, 0x71, 0xff,
    0x82, 0x77, 0x71, 0xff, 0x82, 0x77, 0x71, 0xff,
    0x82, 0x77, 0x71, 0xff, 0x82, 0x77, 0x71, 0xff,
    0x6e, 0x65, 0x60, 0xff, 0x30, 0x2d, 0x2c, 0xff,
    0x30, 0x2d, 0x2c, 0xff, 0x30, 0x2d, 0x2c, 0xff,
    0x30, 0x2d, 0x2c, 0xff, 0x30, 0x2d, 0x2c, 0xff,
    0x30, 0x2d, 0x2c, 0xff, 0x30, 0x2d, 0x2c, 0xff,
    0x30, 0x2d, 0x2c, 0xff, 0x30, 0x2d, 0x2c, 0xff,
    0x30, 0x2d, 0x2c, 0xff, 0x30, 0x2d, 0x2c, 0xff,
    0x30, 0x2d, 0x2c, 0xff, 0x30, 0x2d, 0x2c, 0xff,
    0x30, 0x2d, 0x2c, 0xff, 0x30, 0x2d, 0x2c, 0xff,
    0x30, 0x2d, 0x2c, 0xff, 0x30, 0x2d, 0x2c, 0xff,
    0x30, 0x2d, 0x2c, 0xff, 0x6e, 0x65, 0x60, 0xff,
    0x82, 0x77, 0x71, 0xff, 0x82, 0x77, 0x71, 0xff,
    0x82, 0x77, 0x71, 0xff, 0x82, 0x77, 0x71, 0xff,
    0x82, 0x77, 0x71, 0xff, 0x82, 0x77, 0x71, 0xff,
    0x98, 0x8f, 0x8a, 0xff, 0xae, 0xa6, 0xa2, 0xff,
    0xae, 0xa6, 0xa2, 0xff, 0xae, 0xa6, 0xa2, 0xff,
    0xae, 0xa6, 0xa2, 0xff, 0xb3, 0xac, 0xa8, 0xff,
    0xff, 0xff, 0xff, 0xff, 0xff, 0xff, 0xff, 0xff,
    0xff, 0xff, 0xff, 0xff, 0xff, 0xff, 0xff, 0xff,
    0xda, 0xd8, 0xd6, 0xff, 0x8a, 0x82, 0x7d, 0xff,
    0x8a, 0x82, 0x7d, 0xff, 0x8a, 0x82, 0x7d, 0xff,
    0x8a, 0x82, 0x7d, 0xff, 0x8a, 0x82, 0x7d, 0x8f,
    0x00, 0x00, 0x00, 0x00, 0x00, 0x00, 0x00, 0x00,
    0x00, 0x00, 0x00, 0x00, 0x8a, 0x82, 0x7d, 0x9f,
    0x8a, 0x82, 0x7d, 0xff, 0x8a, 0x82, 0x7d, 0xff,
    0x8a, 0x82, 0x7d, 0xff, 0x8a, 0x82, 0x7d, 0xff,
    0x8a, 0x82, 0x7d, 0xff, 0xf0, 0xef, 0xef, 0xff,
    0xff, 0xff, 0xff, 0xff, 0xff, 0xff, 0xff, 0xff,
    0xff, 0xff, 0xff, 0xff, 0xf0, 0xee, 0xee, 0xff,
    0xae, 0xa6, 0xa2, 0xff, 0xae, 0xa6, 0xa2, 0xff,
    0xae, 0xa6, 0xa2, 0xff, 0xae, 0xa6, 0xa2, 0xff,
    0xae, 0xa6, 0xa2, 0xff, 0x88, 0x7d, 0x77, 0xff,
    0x82, 0x77, 0x71, 0xff, 0x82, 0x77, 0x71, 0xff,
    0x82, 0x77, 0x71, 0xff, 0x82, 0x77, 0x71, 0xff,
    0x82, 0x77, 0x71, 0xff, 0x82, 0x77, 0x71, 0xff,
    0x3a, 0x36, 0x35, 0xff, 0x30, 0x2d, 0x2c, 0xff,
    0x30, 0x2d, 0x2c, 0xff, 0x30, 0x2d, 0x2c, 0xff,
    0x30, 0x2d, 0x2c, 0xff, 0x30, 0x2d, 0x2c, 0xff,
    0x30, 0x2d, 0x2c, 0xff, 0x30, 0x2d, 0x2c, 0xff,
    0x30, 0x2d, 0x2c, 0xff, 0x30, 0x2d, 0x2c, 0xff,
    0x30, 0x2d, 0x2c, 0xff, 0x30, 0x2d, 0x2c, 0xff,
    0x30, 0x2d, 0x2c, 0xff, 0x30, 0x2d, 0x2c, 0xff,
    0x30, 0x2d, 0x2c, 0xff, 0x30, 0x2d, 0x2c, 0xff,
    0x30, 0x2d, 0x2c, 0xff, 0x30, 0x2d, 0x2c, 0xff,
    0x30, 0x2d, 0x2c, 0xff, 0x3a, 0x36, 0x35, 0xff,
    0x82, 0x77, 0x71, 0xff, 0x82, 0x77, 0x71, 0xff,
    0x82, 0x77, 0x71, 0xff, 0x82, 0x77, 0x71, 0xff,
    0x82, 0x77, 0x71, 0xff, 0x82, 0x77, 0x71, 0xff,
    0x88, 0x7d, 0x77, 0xff, 0xae, 0xa6, 0xa2, 0xff,
    0xae, 0xa6, 0xa2, 0xff, 0xae, 0xa6, 0xa2, 0xff,
    0xae, 0xa6, 0xa2, 0xff, 0xae, 0xa6, 0xa2, 0xff,
    0xeb, 0xe9, 0xe8, 0xff, 0xff, 0xff, 0xff, 0xff,
    0xff, 0xff, 0xff, 0xff, 0xff, 0xff, 0xff, 0xff,
    0xf0, 0xef, 0xef, 0xff, 0x8a, 0x82, 0x7d, 0xff,
    0x8a, 0x82, 0x7d, 0xff, 0x8a, 0x82, 0x7d, 0xff,
    0x8a, 0x82, 0x7d, 0xff, 0x8a, 0x82, 0x7d, 0xff,
    0x8a, 0x82, 0x7d, 0x9f, 0x00, 0x00, 0x00, 0x00,
    0x8a, 0x82, 0x7d, 0x40, 0x8a, 0x82, 0x7d, 0xff,
    0x8a, 0x82, 0x7d, 0xff, 0x8a, 0x82, 0x7d, 0xff,
    0x8a, 0x82, 0x7d, 0xff, 0x8a, 0x82, 0x7d, 0xff,
    0x8a, 0x82, 0x7d, 0xff, 0xff, 0xff, 0xff, 0xff,
    0xff, 0xff, 0xff, 0xff, 0xff, 0xff, 0xff, 0xff,
    0xff, 0xff, 0xff, 0xff, 0xdc, 0xd8, 0xd6, 0xff,
    0xae, 0xa6, 0xa2, 0xff, 0xae, 0xa6, 0xa2, 0xff,
    0xae, 0xa6, 0xa2, 0xff, 0xae, 0xa6, 0xa2, 0xff,
    0xa9, 0xa0, 0x9c, 0xff, 0x82, 0x77, 0x71, 0xff,
    0x82, 0x77, 0x71, 0xff, 0x82, 0x77, 0x71, 0xff,
    0x82, 0x77, 0x71, 0xff, 0x82, 0x77, 0x71, 0xff,
    0x82, 0x77, 0x71, 0xff, 0x63, 0x5b, 0x57, 0xff,
    0x30, 0x2d, 0x2c, 0xff, 0x30, 0x2d, 0x2c, 0xff,
    0x30, 0x2d, 0x2c, 0xff, 0x30, 0x2d, 0x2c, 0xff,
    0x30, 0x2d, 0x2c, 0xff, 0x30, 0x2d, 0x2c, 0xff,
    0x30, 0x2d, 0x2c, 0xff, 0x30, 0x2d, 0x2c, 0xff,
    0x30, 0x2d, 0x2c, 0xff, 0x30, 0x2d, 0x2c, 0xff,
    0x30, 0x2d, 0x2c, 0xff, 0x30, 0x2d, 0x2c, 0xff,
    0x30, 0x2d, 0x2c, 0xff, 0x30, 0x2d, 0x2c, 0xff,
    0x30, 0x2d, 0x2c, 0xff, 0x30, 0x2d, 0x2c, 0xff,
    0x30, 0x2d, 0x2c, 0xff, 0x30, 0x2d, 0x2c, 0xff,
    0x30, 0x2d, 0x2c, 0xff, 0x30, 0x2d, 0x2c, 0xff,
    0x63, 0x5b, 0x57, 0xff, 0x82, 0x77, 0x71, 0xff,
    0x82, 0x77, 0x71, 0xff, 0x82, 0x77, 0x71, 0xff,
    0x82, 0x77, 0x71, 0xff, 0x82, 0x77, 0x71, 0xff,
    0x82, 0x77, 0x71, 0xff, 0xa6, 0x9d, 0x99, 0xff,
    0xae, 0xa6, 0xa2, 0xff, 0xae, 0xa6, 0xa2, 0xff,
    0xae, 0xa6, 0xa2, 0xff, 0xae, 0xa6, 0xa2, 0xff,
    0xd7, 0xd3, 0xd1, 0xff, 0xff, 0xff, 0xff, 0xff,
    0xff, 0xff, 0xff, 0xff, 0xff, 0xff, 0xff, 0xff,
    0xff, 0xff, 0xff, 0xff, 0x91, 0x8a, 0x85, 0xff,
    0x8a, 0x82, 0x7d, 0xff, 0x8a, 0x82, 0x7d, 0xff,
    0x8a, 0x82, 0x7d, 0xff, 0x8a, 0x82, 0x7d, 0xff,
    0x8a, 0x82, 0x7d, 0xff, 0x8a, 0x82, 0x7d, 0x40,
    0x8a, 0x82, 0x7d, 0xaf, 0x8a, 0x82, 0x7d, 0xff,
    0x8a, 0x82, 0x7d, 0xff, 0x8a, 0x82, 0x7d, 0xff,
    0x8a, 0x82, 0x7d, 0xff, 0x8a, 0x82, 0x7d, 0xff,
    0xa7, 0xa1, 0x9e, 0xff, 0xff, 0xff, 0xff, 0xff,
    0xff, 0xff, 0xff, 0xff, 0xff, 0xff, 0xff, 0xff,
    0xff, 0xff, 0xff, 0xff, 0xd1, 0xcd, 0xcb, 0xff,
    0xae, 0xa6, 0xa2, 0xff, 0xae, 0xa6, 0xa2, 0xff,
    0xae, 0xa6, 0xa2, 0xff, 0xae, 0xa6, 0xa2, 0xff,
    0x9e, 0x94, 0x90, 0xff, 0x82, 0x77, 0x71, 0xff,
    0x82, 0x77, 0x71, 0xff, 0x82, 0x77, 0x71, 0xff,
    0x82, 0x77, 0x71, 0xff, 0x82, 0x77, 0x71, 0xff,
    0x82, 0x77, 0x71, 0xff, 0x4a, 0x44, 0x42, 0xff,
    0x30, 0x2d, 0x2c, 0xff, 0x30, 0x2d, 0x2c, 0xff,
    0x30, 0x2d, 0x2c, 0xff, 0x30, 0x2d, 0x2c, 0xff,
    0x30, 0x2d, 0x2c, 0xff, 0x30, 0x2d, 0x2c, 0xff,
    0x30, 0x2d, 0x2c, 0xff, 0x30, 0x2d, 0x2c, 0xff,
    0x30, 0x2d, 0x2c, 0xff, 0x30, 0x2d, 0x2c, 0xff,
    0x30, 0x2d, 0x2c, 0xff, 0x30, 0x2d, 0x2c, 0xff,
    0x30, 0x2d, 0x2c, 0xff, 0x30, 0x2d, 0x2c, 0xff,
    0x30, 0x2d, 0x2c, 0xff, 0x30, 0x2d, 0x2c, 0xff,
    0x30, 0x2d, 0x2c, 0xff, 0x30, 0x2d, 0x2c, 0xff,
    0x30, 0x2d, 0x2c, 0xff, 0x30, 0x2d, 0x2c, 0xff,
    0x3f, 0x3b, 0x39, 0xff, 0x82, 0x77, 0x71, 0xff,
    0x82, 0x77, 0x71, 0xff, 0x82, 0x77, 0x71, 0xff,
    0x82, 0x77, 0x71, 0xff, 0x82, 0x77, 0x71, 0xff,
    0x82, 0x77, 0x71, 0xff, 0x9b, 0x91, 0x8d, 0xff,
    0xae, 0xa6, 0xa2, 0xff, 0xae, 0xa6, 0xa2, 0xff,
    0xae, 0xa6, 0xa2, 0xff, 0xae, 0xa6, 0xa2, 0xff,
    0xcc, 0xc7, 0xc5, 0xff, 0xff, 0xff, 0xff, 0xff,
    0xff, 0xff, 0xff, 0xff, 0xff, 0xff, 0xff, 0xff,
    0xff, 0xff, 0xff, 0xff, 0xa7, 0xa1, 0x9e, 0xff,
    0x8a, 0x82, 0x7d, 0xff, 0x8a, 0x82, 0x7d, 0xff,
    0x8a, 0x82, 0x7d, 0xff, 0x8a, 0x82, 0x7d, 0xff,
    0x8a, 0x82, 0x7d, 0xff, 0x8a, 0x82, 0x7d, 0xaf,
    0x8a, 0x82, 0x7d, 0xff, 0x8a, 0x82, 0x7d, 0xff,
    0x8a, 0x82, 0x7d, 0xff, 0x8a, 0x82, 0x7d, 0xff,
    0x8a, 0x82, 0x7d, 0xff, 0x8a, 0x82, 0x7d, 0xff,
    0xa7, 0xa1, 0x9e, 0xff, 0xff, 0xff, 0xff, 0xff,
    0xff, 0xff, 0xff, 0xff, 0xff, 0xff, 0xff, 0xff,
    0xff, 0xff, 0xff, 0xff, 0xc2, 0xbc, 0xb9, 0xff,
    0xae, 0xa6, 0xa2, 0xff, 0xae, 0xa6, 0xa2, 0xff,
    0xae, 0xa6, 0xa2, 0xff, 0xae, 0xa6, 0xa2, 0xff,
    0x98, 0x8f, 0x8a, 0xff, 0x82, 0x77, 0x71, 0xff,
    0x82, 0x77, 0x71, 0xff, 0x82, 0x77, 0x71, 0xff,
    0x82, 0x77, 0x71, 0xff, 0x82, 0x77, 0x71, 0xff,
    0x82, 0x77, 0x71, 0xff, 0x30, 0x2d, 0x2c, 0xff,
    0x30, 0x2d, 0x2c, 0xff, 0x30, 0x2d, 0x2c, 0xff,
    0x30, 0x2d, 0x2c, 0xff, 0x30, 0x2d, 0x2c, 0xff,
    0x30, 0x2d, 0x2c, 0xff, 0x30, 0x2d, 0x2c, 0xff,
    0x30, 0x2d, 0x2c, 0xff, 0x30, 0x2d, 0x2c, 0xff,
    0x30, 0x2d, 0x2c, 0xff, 0x30, 0x2d, 0x2c, 0xff,
    0x30, 0x2d, 0x2c, 0xff, 0x30, 0x2d, 0x2c, 0xff,
    0x30, 0x2d, 0x2c, 0xff, 0x30, 0x2d, 0x2c, 0xff,
    0x30, 0x2d, 0x2c, 0xff, 0x30, 0x2d, 0x2c, 0xff,
    0x30, 0x2d, 0x2c, 0xff, 0x30, 0x2d, 0x2c, 0xff,
    0x30, 0x2d, 0x2c, 0xff, 0x30, 0x2d, 0x2c, 0xff,
    0x30, 0x2d, 0x2c, 0xff, 0x82, 0x77, 0x71, 0xff,
    0x82, 0x77, 0x71, 0xff, 0x82, 0x77, 0x71, 0xff,
    0x82, 0x77, 0x71, 0xff, 0x82, 0x77, 0x71, 0xff,
    0x82, 0x77, 0x71, 0xff, 0x98, 0x8f, 0x8a, 0xff,
    0xae, 0xa6, 0xa2, 0xff, 0xae, 0xa6, 0xa2, 0xff,
    0xae, 0xa6, 0xa2, 0xff, 0xae, 0xa6, 0xa2, 0xff,
    0xc2, 0xbc, 0xb9, 0xff, 0xff, 0xff, 0xff, 0xff,
    0xff, 0xff, 0xff, 0xff, 0xff, 0xff, 0xff, 0xff,
    0xff, 0xff, 0xff, 0xff, 0xaf, 0xa9, 0xa6, 0xff,
    0x8a, 0x82, 0x7d, 0xff, 0x8a, 0x82, 0x7d, 0xff,
    0x8a, 0x82, 0x7d, 0xff, 0x8a, 0x82, 0x7d, 0xff,
    0x8a, 0x82, 0x7d, 0xff, 0x8a, 0x82, 0x7d, 0xff,
    0x8a, 0x82, 0x7d, 0xff, 0x8a, 0x82, 0x7d, 0xff,
    0x8a, 0x82, 0x7d, 0xff, 0x8a, 0x82, 0x7d, 0xff,
    0x8a, 0x82, 0x7d, 0xff, 0x8a, 0x82, 0x7d, 0xff,
    0xaf, 0xa9, 0xa6, 0xff, 0xff, 0xff, 0xff, 0xff,
    0xff, 0xff, 0xff, 0xff, 0xff, 0xff, 0xff, 0xff,
    0xff, 0xff, 0xff, 0xff, 0xc2, 0xbc, 0xb9, 0xff,
    0xae, 0xa6, 0xa2, 0xff, 0xae, 0xa6, 0xa2, 0xff,
    0xae, 0xa6, 0xa2, 0xff, 0xae, 0xa6, 0xa2, 0xff,
    0x90, 0x86, 0x80, 0xff, 0x82, 0x77, 0x71, 0xff,
    0x82, 0x77, 0x71, 0xff, 0x82, 0x77, 0x71, 0xff,
    0x82, 0x77, 0x71, 0xff, 0x82, 0x77, 0x71, 0xff,
    0x73, 0x69, 0x64, 0xff, 0x30, 0x2d, 0x2c, 0xff,
    0x30, 0x2d, 0x2c, 0xff, 0x30, 0x2d, 0x2c, 0xff,
    0x30, 0x2d, 0x2c, 0xff, 0x30, 0x2d, 0x2c, 0xff,
    0x30, 0x2d, 0x2c, 0xff, 0x30, 0x2d, 0x2c, 0xff,
    0x30, 0x2d, 0x2c, 0xff, 0x30, 0x2d, 0x2c, 0xff,
    0x30, 0x2d, 0x2c, 0xff, 0x30, 0x2d, 0x2c, 0xff,
    0x30, 0x2d, 0x2c, 0xff, 0x30, 0x2d, 0x2c, 0xff,
    0x30, 0x2d, 0x2c, 0xff, 0x30, 0x2d, 0x2c, 0xff,
    0x30, 0x2d, 0x2c, 0xff, 0x30, 0x2d, 0x2c, 0xff,
    0x30, 0x2d, 0x2c, 0xff, 0x30, 0x2d, 0x2c, 0xff,
    0x30, 0x2d, 0x2c, 0xff, 0x30, 0x2d, 0x2c, 0xff,
    0x30, 0x2d, 0x2c, 0xff, 0x6e, 0x65, 0x60, 0xff,
    0x82, 0x77, 0x71, 0xff, 0x82, 0x77, 0x71, 0xff,
    0x82, 0x77, 0x71, 0xff, 0x82, 0x77, 0x71, 0xff,
    0x82, 0x77, 0x71, 0xff, 0x8d, 0x83, 0x7d, 0xff,
    0xae, 0xa6, 0xa2, 0xff, 0xae, 0xa6, 0xa2, 0xff,
    0xae, 0xa6, 0xa2, 0xff, 0xae, 0xa6, 0xa2, 0xff,
    0xc2, 0xbc, 0xb9, 0xff, 0xff, 0xff, 0xff, 0xff,
    0xff, 0xff, 0xff, 0xff, 0xff, 0xff, 0xff, 0xff,
    0xff, 0xff, 0xff, 0xff, 0xc5, 0xc1, 0xbe, 0xff,
    0x8a, 0x82, 0x7d, 0xff, 0x8a, 0x82, 0x7d, 0xff,
    0x8a, 0x82, 0x7d, 0xff, 0x8a, 0x82, 0x7d, 0xff,
    0x8a, 0x82, 0x7d, 0xff, 0x8a, 0x82, 0x7d, 0xff,
    0x8a, 0x82, 0x7d, 0xff, 0x8a, 0x82, 0x7d, 0xff,
    0x8a, 0x82, 0x7d, 0xff, 0x8a, 0x82, 0x7d, 0xff,
    0x8a, 0x82, 0x7d, 0xff, 0x8a, 0x82, 0x7d, 0xff,
    0xc5, 0xc1, 0xbe, 0xff, 0xff, 0xff, 0xff, 0xff,
    0xff, 0xff, 0xff, 0xff, 0xff, 0xff, 0xff, 0xff,
    0xff, 0xff, 0xff, 0xff, 0xc2, 0xbc, 0xb9, 0xff,
    0xae, 0xa6, 0xa2, 0xff, 0xae, 0xa6, 0xa2, 0xff,
    0xae, 0xa6, 0xa2, 0xff, 0xae, 0xa6, 0xa2, 0xff,
    0x8d, 0x83, 0x7d, 0xff, 0x82, 0x77, 0x71, 0xff,
    0x82, 0x77, 0x71, 0xff, 0x82, 0x77, 0x71, 0xff,
    0x82, 0x77, 0x71, 0xff, 0x82, 0x77, 0x71, 0xff,
    0x6e, 0x65, 0x60, 0xff, 0x30, 0x2d, 0x2c, 0xff,
    0x30, 0x2d, 0x2c, 0xff, 0x30, 0x2d, 0x2c, 0xff,
    0x30, 0x2d, 0x2c, 0xff, 0x30, 0x2d, 0x2c, 0xff,
    0x30, 0x2d, 0x2c, 0xff, 0x30, 0x2d, 0x2c, 0xff,
    0x30, 0x2d, 0x2c, 0xff, 0x30, 0x2d, 0x2c, 0xff,
    0x30, 0x2d, 0x2c, 0xff, 0x30, 0x2d, 0x2c, 0xff,
    0x30, 0x2d, 0x2c, 0xff, 0x30, 0x2d, 0x2c, 0xff,
    0x30, 0x2d, 0x2c, 0xff, 0x30, 0x2d, 0x2c, 0xff,
    0x30, 0x2d, 0x2c, 0xff, 0x30, 0x2d, 0x2c, 0xff,
    0x30, 0x2d, 0x2c, 0xff, 0x30, 0x2d, 0x2c, 0xff,
    0x30, 0x2d, 0x2c, 0xff, 0x30, 0x2d, 0x2c, 0xff,
    0x30, 0x2d, 0x2c, 0xff, 0x6e, 0x65, 0x60, 0xff,
    0x82, 0x77, 0x71, 0xff, 0x82, 0x77, 0x71, 0xff,
    0x82, 0x77, 0x71, 0xff, 0x82, 0x77, 0x71, 0xff,
    0x82, 0x77, 0x71, 0xff, 0x8d, 0x83, 0x7d, 0xff,
    0xae, 0xa6, 0xa2, 0xff, 0xae, 0xa6, 0xa2, 0xff,
    0xae, 0xa6, 0xa2, 0xff, 0xae, 0xa6, 0xa2, 0xff,
    0xae, 0xa6, 0xa2, 0xff, 0xff, 0xff, 0xff, 0xff,
    0xff, 0xff, 0xff, 0xff, 0xff, 0xff, 0xff, 0xff,
    0xff, 0xff, 0xff, 0xff, 0xc5, 0xc1, 0xbe, 0xff,
    0x8a, 0x82, 0x7d, 0xff, 0x8a, 0x82, 0x7d, 0xff,
    0x8a, 0x82, 0x7d, 0xff, 0x8a, 0x82, 0x7d, 0xff,
    0x8a, 0x82, 0x7d, 0xff, 0x8a, 0x82, 0x7d, 0xff,
    0x8a, 0x82, 0x7d, 0xff, 0x8a, 0x82, 0x7d, 0xff,
    0x8a, 0x82, 0x7d, 0xff, 0x8a, 0x82, 0x7d, 0xff,
    0x8a, 0x82, 0x7d, 0xff, 0x8a, 0x82, 0x7d, 0xff,
    0xc5, 0xc1, 0xbe, 0xff, 0xff, 0xff, 0xff, 0xff,
    0xff, 0xff, 0xff, 0xff, 0xff, 0xff, 0xff, 0xff,
    0xff, 0xff, 0xff, 0xff, 0xc2, 0xbc, 0xb9, 0xff,
    0xae, 0xa6, 0xa2, 0xff, 0xae, 0xa6, 0xa2, 0xff,
    0xae, 0xa6, 0xa2, 0xff, 0xae, 0xa6, 0xa2, 0xff,
    0x8d, 0x83, 0x7d, 0xff, 0x82, 0x77, 0x71, 0xff,
    0x82, 0x77, 0x71, 0xff, 0x82, 0x77, 0x71, 0xff,
    0x82, 0x77, 0x71, 0xff, 0x82, 0x77, 0x71, 0xff,
    0x6e, 0x65, 0x60, 0xff, 0x30, 0x2d, 0x2c, 0xff,
    0x30, 0x2d, 0x2c, 0xff, 0x30, 0x2d, 0x2c, 0xff,
    0x30, 0x2d, 0x2c, 0xff, 0x30, 0x2d, 0x2c, 0xff,
    0x30, 0x2d, 0x2c, 0xff, 0x30, 0x2d, 0x2c, 0xff,
    0x30, 0x2d, 0x2c, 0xff, 0x30, 0x2d, 0x2c, 0xff,
    0x30, 0x2d, 0x2c, 0xff, 0x30, 0x2d, 0x2c, 0xff,
    0x30, 0x2d, 0x2c, 0xff, 0x30, 0x2d, 0x2c, 0xff,
    0x30, 0x2d, 0x2c, 0xff, 0x30, 0x2d, 0x2c, 0xff,
    0x30, 0x2d, 0x2c, 0xff, 0x30, 0x2d, 0x2c, 0xff,
    0x30, 0x2d, 0x2c, 0xff, 0x30, 0x2d, 0x2c, 0xff,
    0x30, 0x2d, 0x2c, 0xff, 0x30, 0x2d, 0x2c, 0xff,
    0x30, 0x2d, 0x2c, 0xff, 0x6e, 0x65, 0x60, 0xff,
    0x82, 0x77, 0x71, 0xff, 0x82, 0x77, 0x71, 0xff,
    0x82, 0x77, 0x71, 0xff, 0x82, 0x77, 0x71, 0xff,
    0x82, 0x77, 0x71, 0xff, 0x8d, 0x83, 0x7d, 0xff,
    0xae, 0xa6, 0xa2, 0xff, 0xae, 0xa6, 0xa2, 0xff,
    0xae, 0xa6, 0xa2, 0xff, 0xae, 0xa6, 0xa2, 0xff,
    0xae, 0xa6, 0xa2, 0xff, 0xff, 0xff, 0xff, 0xff,
    0xff, 0xff, 0xff, 0xff, 0xff, 0xff, 0xff, 0xff,
    0xff, 0xff, 0xff, 0xff, 0xc5, 0xc1, 0xbe, 0xff,
    0x8a, 0x82, 0x7d, 0xff, 0x8a, 0x82, 0x7d, 0xff,
    0x8a, 0x82, 0x7d, 0xff, 0x8a, 0x82, 0x7d, 0xff,
    0x8a, 0x82, 0x7d, 0xff, 0x8a, 0x82, 0x7d, 0xff,
    0x8a, 0x82, 0x7d, 0xff, 0x8a, 0x82, 0x7d, 0xff,
    0x8a, 0x82, 0x7d, 0xff, 0x8a, 0x82, 0x7d, 0xff,
    0x8a, 0x82, 0x7d, 0xff, 0x8a, 0x82, 0x7d, 0xff,
    0xaf, 0xa9, 0xa6, 0xff, 0xff, 0xff, 0xff, 0xff,
    0xff, 0xff, 0xff, 0xff, 0xff, 0xff, 0xff, 0xff,
    0xff, 0xff, 0xff, 0xff, 0xc2, 0xbc, 0xb9, 0xff,
    0xae, 0xa6, 0xa2, 0xff, 0xae, 0xa6, 0xa2, 0xff,
    0xae, 0xa6, 0xa2, 0xff, 0xae, 0xa6, 0xa2, 0xff,
    0x90, 0x86, 0x80, 0xff, 0x82, 0x77, 0x71, 0xff,
    0x82, 0x77, 0x71, 0xff, 0x82, 0x77, 0x71, 0xff,
    0x82, 0x77, 0x71, 0xff, 0x82, 0x77, 0x71, 0xff,
    0x73, 0x69, 0x64, 0xff, 0x30, 0x2d, 0x2c, 0xff,
    0x30, 0x2d, 0x2c, 0xff, 0x30, 0x2d, 0x2c, 0xff,
    0x30, 0x2d, 0x2c, 0xff, 0x30, 0x2d, 0x2c, 0xff,
    0x30, 0x2d, 0x2c, 0xff, 0x30, 0x2d, 0x2c, 0xff,
    0x30, 0x2d, 0x2c, 0xff, 0x30, 0x2d, 0x2c, 0xff,
    0x30, 0x2d, 0x2c, 0xff, 0x30, 0x2d, 0x2c, 0xff,
    0x30, 0x2d, 0x2c, 0xff, 0x30, 0x2d, 0x2c, 0xff,
    0x30, 0x2d, 0x2c, 0xff, 0x30, 0x2d, 0x2c, 0xff,
    0x30, 0x2d, 0x2c, 0xff, 0x30, 0x2d, 0x2c, 0xff,
    0x30, 0x2d, 0x2c, 0xff, 0x30, 0x2d, 0x2c, 0xff,
    0x30, 0x2d, 0x2c, 0xff, 0x30, 0x2d, 0x2c, 0xff,
    0x30, 0x2d, 0x2c, 0xff, 0x6e, 0x65, 0x60, 0xff,
    0x82, 0x77, 0x71, 0xff, 0x82, 0x77, 0x71, 0xff,
    0x82, 0x77, 0x71, 0xff, 0x82, 0x77, 0x71, 0xff,
    0x82, 0x77, 0x71, 0xff, 0x8d, 0x83, 0x7d, 0xff,
    0xae, 0xa6, 0xa2, 0xff, 0xae, 0xa6, 0xa2, 0xff,
    0xae, 0xa6, 0xa2, 0xff, 0xae, 0xa6, 0xa2, 0xff,
    0xc2, 0xbc, 0xb9, 0xff, 0xff, 0xff, 0xff, 0xff,
    0xff, 0xff, 0xff, 0xff, 0xff, 0xff, 0xff, 0xff,
    0xff, 0xff, 0xff, 0xff, 0xc5, 0xc1, 0xbe, 0xff,
    0x8a, 0x82, 0x7d, 0xff, 0x8a, 0x82, 0x7d, 0xff,
    0x8a, 0x82, 0x7d, 0xff, 0x8a, 0x82, 0x7d, 0xff,
    0x8a, 0x82, 0x7d, 0xff, 0x8a, 0x82, 0x7d, 0xff,
    0x8a, 0x82, 0x7d, 0xff, 0x8a, 0x82, 0x7d, 0xff,
    0x8a, 0x82, 0x7d, 0xff, 0x8a, 0x82, 0x7d, 0xff,
    0x8a, 0x82, 0x7d, 0xff, 0x8a, 0x82, 0x7d, 0xff,
    0xa7, 0xa1, 0x9e, 0xff, 0xff, 0xff, 0xff, 0xff,
    0xff, 0xff, 0xff, 0xff, 0xff, 0xff, 0xff, 0xff,
    0xff, 0xff, 0xff, 0xff, 0xc2, 0xbc, 0xb9, 0xff,
    0xae, 0xa6, 0xa2, 0xff, 0xae, 0xa6, 0xa2, 0xff,
    0xae, 0xa6, 0xa2, 0xff, 0xae, 0xa6, 0xa2, 0xff,
    0x98, 0x8f, 0x8a, 0xff, 0x82, 0x77, 0x71, 0xff,
    0x82, 0x77, 0x71, 0xff, 0x82, 0x77, 0x71, 0xff,
    0x82, 0x77, 0x71, 0xff, 0x82, 0x77, 0x71, 0xff,
    0x82, 0x77, 0x71, 0xff, 0x30, 0x2d, 0x2c, 0xff,
    0x30, 0x2d, 0x2c, 0xff, 0x30, 0x2d, 0x2c, 0xff,
    0x30, 0x2d, 0x2c, 0xff, 0x30, 0x2d, 0x2c, 0xff,
    0x30, 0x2d, 0x2c, 0xff, 0x30, 0x2d, 0x2c, 0xff,
    0x30, 0x2d, 0x2c, 0xff, 0x30, 0x2d, 0x2c, 0xff,
    0x30, 0x2d, 0x2c, 0xff, 0x30, 0x2d, 0x2c, 0xff,
    0x30, 0x2d, 0x2c, 0xff, 0x30, 0x2d, 0x2c, 0xff,
    0x30, 0x2d, 0x2c, 0xff, 0x30, 0x2d, 0x2c, 0xff,
    0x30, 0x2d, 0x2c, 0xff, 0x30, 0x2d, 0x2c, 0xff,
    0x30, 0x2d, 0x2c, 0xff, 0x30, 0x2d, 0x2c, 0xff,
    0x30, 0x2d, 0x2c, 0xff, 0x30, 0x2d, 0x2c, 0xff,
    0x30, 0x2d, 0x2c, 0xff, 0x82, 0x77, 0x71, 0xff,
    0x82, 0x77, 0x71, 0xff, 0x82, 0x77, 0x71, 0xff,
    0x82, 0x77, 0x71, 0xff, 0x82, 0x77, 0x71, 0xff,
    0x82, 0x77, 0x71, 0xff, 0x98, 0x8f, 0x8a, 0xff,
    0xae, 0xa6, 0xa2, 0xff, 0xae, 0xa6, 0xa2, 0xff,
    0xae, 0xa6, 0xa2, 0xff, 0xae, 0xa6, 0xa2, 0xff,
    0xc2, 0xbc, 0xb9, 0xff, 0xff, 0xff, 0xff, 0xff,
    0xff, 0xff, 0xff, 0xff, 0xff, 0xff, 0xff, 0xff,
    0xff, 0xff, 0xff, 0xff, 0xa7, 0xa1, 0x9e, 0xff,
    0x8a, 0x82, 0x7d, 0xff, 0x8a, 0x82, 0x7d, 0xff,
    0x8a, 0x82, 0x7d, 0xff, 0x8a, 0x82, 0x7d, 0xff,
    0x8a, 0x82, 0x7d, 0xff, 0x8a, 0x82, 0x7d, 0xff,
    0x8a, 0x82, 0x7d, 0xaf, 0x8a, 0x82, 0x7d, 0xff,
    0x8a, 0x82, 0x7d, 0xff, 0x8a, 0x82, 0x7d, 0xff,
    0x8a, 0x82, 0x7d, 0xff, 0x8a, 0x82, 0x7d, 0xff,
    0xa0, 0x99, 0x95, 0xff, 0xff, 0xff, 0xff, 0xff,
    0xff, 0xff, 0xff, 0xff, 0xff, 0xff, 0xff, 0xff,
    0xff, 0xff, 0xff, 0xff, 0xd1, 0xcd, 0xcb, 0xff,
    0xae, 0xa6, 0xa2, 0xff, 0xae, 0xa6, 0xa2, 0xff,
    0xae, 0xa6, 0xa2, 0xff, 0xae, 0xa6, 0xa2, 0xff,
    0x9e, 0x94, 0x90, 0xff, 0x82, 0x77, 0x71, 0xff,
    0x82, 0x77, 0x71, 0xff, 0x82, 0x77, 0x71, 0xff,
    0x82, 0x77, 0x71, 0xff, 0x82, 0x77, 0x71, 0xff,
    0x82, 0x77, 0x71, 0xff, 0x4a, 0x44, 0x42, 0xff,
    0x30, 0x2d, 0x2c, 0xff, 0x30, 0x2d, 0x2c, 0xff,
    0x30, 0x2d, 0x2c, 0xff, 0x30, 0x2d, 0x2c, 0xff,
    0x30, 0x2d, 0x2c, 0xff, 0x30, 0x2d, 0x2c, 0xff,
    0x30, 0x2d, 0x2c, 0xff, 0x30, 0x2d, 0x2c, 0xff,
    0x30, 0x2d, 0x2c, 0xff, 0x30, 0x2d, 0x2c, 0xff,
    0x30, 0x2d, 0x2c, 0xff, 0x30, 0x2d, 0x2c, 0xff,
    0x30, 0x2d, 0x2c, 0xff, 0x30, 0x2d, 0x2c, 0xff,
    0x30, 0x2d, 0x2c, 0xff, 0x30, 0x2d, 0x2c, 0xff,
    0x30, 0x2d, 0x2c, 0xff, 0x30, 0x2d, 0x2c, 0xff,
    0x30, 0x2d, 0x2c, 0xff, 0x30, 0x2d, 0x2c, 0xff,
    0x4a, 0x44, 0x42, 0xff, 0x82, 0x77, 0x71, 0xff,
    0x82, 0x77, 0x71, 0xff, 0x82, 0x77, 0x71, 0xff,
    0x82, 0x77, 0x71, 0xff, 0x82, 0x77, 0x71, 0xff,
    0x82, 0x77, 0x71, 0xff, 0x9e, 0x94, 0x90, 0xff,
    0xae, 0xa6, 0xa2, 0xff, 0xae, 0xa6, 0xa2, 0xff,
    0xae, 0xa6, 0xa2, 0xff, 0xae, 0xa6, 0xa2, 0xff,
    0xcc, 0xc7, 0xc5, 0xff, 0xff, 0xff, 0xff, 0xff,
    0xff, 0xff, 0xff, 0xff, 0xff, 0xff, 0xff, 0xff,
    0xff, 0xff, 0xff, 0xff, 0xa7, 0xa1, 0x9e, 0xff,
    0x8a, 0x82, 0x7d, 0xff, 0x8a, 0x82, 0x7d, 0xff,
    0x8a, 0x82, 0x7d, 0xff, 0x8a, 0x82, 0x7d, 0xff,
    0x8a, 0x82, 0x7d, 0xff, 0x8a, 0x82, 0x7d, 0xaf,
    0x8a, 0x82, 0x7d, 0x50, 0x8a, 0x82, 0x7d, 0xff,
    0x8a, 0x82, 0x7d, 0xff, 0x8a, 0x82, 0x7d, 0xff,
    0x8a, 0x82, 0x7d, 0xff, 0x8a, 0x82, 0x7d, 0xff,
    0x8a, 0x82, 0x7d, 0xff, 0xff, 0xff, 0xff, 0xff,
    0xff, 0xff, 0xff, 0xff, 0xff, 0xff, 0xff, 0xff,
    0xff, 0xff, 0xff, 0xff, 0xdc, 0xd8, 0xd6, 0xff,
    0xae, 0xa6, 0xa2, 0xff, 0xae, 0xa6, 0xa2, 0xff,
    0xae, 0xa6, 0xa2, 0xff, 0xae, 0xa6, 0xa2, 0xff,
    0xa9, 0xa0, 0x9c, 0xff, 0x82, 0x77, 0x71, 0xff,
    0x82, 0x77, 0x71, 0xff, 0x82, 0x77, 0x71, 0xff,
    0x82, 0x77, 0x71, 0xff, 0x82, 0x77, 0x71, 0xff,
    0x82, 0x77, 0x71, 0xff, 0x68, 0x60, 0x5b, 0xff,
    0x30, 0x2d, 0x2c, 0xff, 0x30, 0x2d, 0x2c, 0xff,
    0x30, 0x2d, 0x2c, 0xff, 0x30, 0x2d, 0x2c, 0xff,
    0x30, 0x2d, 0x2c, 0xff, 0x30, 0x2d, 0x2c, 0xff,
    0x30, 0x2d, 0x2c, 0xff, 0x30, 0x2d, 0x2c, 0xff,
    0x30, 0x2d, 0x2c, 0xff, 0x30, 0x2d, 0x2c, 0xff,
    0x30, 0x2d, 0x2c, 0xff, 0x30, 0x2d, 0x2c, 0xff,
    0x30, 0x2d, 0x2c, 0xff, 0x30, 0x2d, 0x2c, 0xff,
    0x30, 0x2d, 0x2c, 0xff, 0x30, 0x2d, 0x2c, 0xff,
    0x30, 0x2d, 0x2c, 0xff, 0x30, 0x2d, 0x2c, 0xff,
    0x30, 0x2d, 0x2c, 0xff, 0x30, 0x2d, 0x2c, 0xff,
    0x63, 0x5b, 0x57, 0xff, 0x82, 0x77, 0x71, 0xff,
    0x82, 0x77, 0x71, 0xff, 0x82, 0x77, 0x71, 0xff,
    0x82, 0x77, 0x71, 0xff, 0x82, 0x77, 0x71, 0xff,
    0x82, 0x77, 0x71, 0xff, 0xa6, 0x9d, 0x99, 0xff,
    0xae, 0xa6, 0xa2, 0xff, 0xae, 0xa6, 0xa2, 0xff,
    0xae, 0xa6, 0xa2, 0xff, 0xae, 0xa6, 0xa2, 0xff,
    0xdc, 0xd8, 0xd6, 0xff, 0xff, 0xff, 0xff, 0xff,
    0xff, 0xff, 0xff, 0xff, 0xff, 0xff, 0xff, 0xff,
    0xff, 0xff, 0xff, 0xff, 0x91, 0x8a, 0x85, 0xff,
    0x8a, 0x82, 0x7d, 0xff, 0x8a, 0x82, 0x7d, 0xff,
    0x8a, 0x82, 0x7d, 0xff, 0x8a, 0x82, 0x7d, 0xff,
    0x8a, 0x82, 0x7d, 0xff, 0x8a, 0x82, 0x7d, 0x50,
    0x00, 0x00, 0x00, 0x00, 0x8a, 0x82, 0x7d, 0x9f,
    0x8a, 0x82, 0x7d, 0xff, 0x8a, 0x82, 0x7d, 0xff,
    0x8a, 0x82, 0x7d, 0xff, 0x8a, 0x82, 0x7d, 0xff,
    0x8a, 0x82, 0x7d, 0xff, 0xe9, 0xe8, 0xe7, 0xff,
    0xff, 0xff, 0xff, 0xff, 0xff, 0xff, 0xff, 0xff,
    0xff, 0xff, 0xff, 0xff, 0xf0, 0xee, 0xee, 0xff,
    0xae, 0xa6, 0xa2, 0xff, 0xae, 0xa6, 0xa2, 0xff,
    0xae, 0xa6, 0xa2, 0xff, 0xae, 0xa6, 0xa2, 0xff,
    0xae, 0xa6, 0xa2, 0xff, 0x8a, 0x80, 0x7a, 0xff,
    0x82, 0x77, 0x71, 0xff, 0x82, 0x77, 0x71, 0xff,
    0x82, 0x77, 0x71, 0xff, 0x82, 0x77, 0x71, 0xff,
    0x82, 0x77, 0x71, 0xff, 0x82, 0x77, 0x71, 0xff,
    0x3f, 0x3b, 0x39, 0xff, 0x30, 0x2d, 0x2c, 0xff,
    0x30, 0x2d, 0x2c, 0xff, 0x30, 0x2d, 0x2c, 0xff,
    0x30, 0x2d, 0x2c, 0xff, 0x30, 0x2d, 0x2c, 0xff,
    0x30, 0x2d, 0x2c, 0xff, 0x30, 0x2d, 0x2c, 0xff,
    0x30, 0x2d, 0x2c, 0xff, 0x30, 0x2d, 0x2c, 0xff,
    0x30, 0x2d, 0x2c, 0xff, 0x30, 0x2d, 0x2c, 0xff,
    0x30, 0x2d, 0x2c, 0xff, 0x30, 0x2d, 0x2c, 0xff,
    0x30, 0x2d, 0x2c, 0xff, 0x30, 0x2d, 0x2c, 0xff,
    0x30, 0x2d, 0x2c, 0xff, 0x30, 0x2d, 0x2c, 0xff,
    0x30, 0x2d, 0x2c, 0xff, 0x3a, 0x36, 0x35, 0xff,
    0x82, 0x77, 0x71, 0xff, 0x82, 0x77, 0x71, 0xff,
    0x82, 0x77, 0x71, 0xff, 0x82, 0x77, 0x71, 0xff,
    0x82, 0x77, 0x71, 0xff, 0x82, 0x77, 0x71, 0xff,
    0x88, 0x7d, 0x77, 0xff, 0xae, 0xa6, 0xa2, 0xff,
    0xae, 0xa6, 0xa2, 0xff, 0xae, 0xa6, 0xa2, 0xff,
    0xae, 0xa6, 0xa2, 0xff, 0xae, 0xa6, 0xa2, 0xff,
    0xeb, 0xe9, 0xe8, 0xff, 0xff, 0xff, 0xff, 0xff,
    0xff, 0xff, 0xff, 0xff, 0xff, 0xff, 0xff, 0xff,
    0xf0, 0xef, 0xef, 0xff, 0x8a, 0x82, 0x7d, 0xff,
    0x8a, 0x82, 0x7d, 0xff, 0x8a, 0x82, 0x7d, 0xff,
    0x8a, 0x82, 0x7d, 0xff, 0x8a, 0x82, 0x7d, 0xff,
    0x8a, 0x82, 0x7d, 0x9f, 0x00, 0x00, 0x00, 0x00,
    0x00, 0x00, 0x00, 0x00, 0x8a, 0x82, 0x7d, 0x10,
    0x8a, 0x82, 0x7d, 0x9f, 0x8a, 0x82, 0x7d, 0xff,
    0x8a, 0x82, 0x7d, 0xff, 0x8a, 0x82, 0x7d, 0xff,
    0x8a, 0x82, 0x7d, 0xff, 0xd3, 0xd0, 0xce, 0xff,
    0xff, 0xff, 0xff, 0xff, 0xff, 0xff, 0xff, 0xff,
    0xff, 0xff, 0xff, 0xff, 0xff, 0xff, 0xff, 0xff,
    0xb8, 0xb1, 0xae, 0xff, 0xae, 0xa6, 0xa2, 0xff,
    0xae, 0xa6, 0xa2, 0xff, 0xae, 0xa6, 0xa2, 0xff,
    0xae, 0xa6, 0xa2, 0xff, 0x9b, 0x91, 0x8d, 0xff,
    0x82, 0x77, 0x71, 0xff, 0x82, 0x77, 0x71, 0xff,
    0x82, 0x77, 0x71, 0xff, 0x82, 0x77, 0x71, 0xff,
    0x82, 0x77, 0x71, 0xff, 0x82, 0x77, 0x71, 0xff,
    0x73, 0x69, 0x64, 0xff, 0x30, 0x2d, 0x2c, 0xff,
    0x30, 0x2d, 0x2c, 0xff, 0x30, 0x2d, 0x2c, 0xff,
    0x30, 0x2d, 0x2c, 0xff, 0x30, 0x2d, 0x2c, 0xff,
    0x30, 0x2d, 0x2c, 0xff, 0x30, 0x2d, 0x2c, 0xff,
    0x30, 0x2d, 0x2c, 0xff, 0x30, 0x2d, 0x2c, 0xff,
    0x30, 0x2d, 0x2c, 0xff, 0x30, 0x2d, 0x2c, 0xff,
    0x30, 0x2d, 0x2c, 0xff, 0x30, 0x2d, 0x2c, 0xff,
    0x30, 0x2d, 0x2c, 0xff, 0x30, 0x2d, 0x2c, 0xff,
    0x30, 0x2d, 0x2c, 0xff, 0x30, 0x2d, 0x2c, 0xff,
    0x30, 0x2d, 0x2c, 0xff, 0x6e, 0x65, 0x60, 0xff,
    0x82, 0x77, 0x71, 0xff, 0x82, 0x77, 0x71, 0xff,
    0x82, 0x77, 0x71, 0xff, 0x82, 0x77, 0x71, 0xff,
    0x82, 0x77, 0x71, 0xff, 0x82, 0x77, 0x71, 0xff,
    0x98, 0x8f, 0x8a, 0xff, 0xae, 0xa6, 0xa2, 0xff,
    0xae, 0xa6, 0xa2, 0xff, 0xae, 0xa6, 0xa2, 0xff,
    0xae, 0xa6, 0xa2, 0xff, 0xb3, 0xac, 0xa8, 0xff,
    0xff, 0xff, 0xff, 0xff, 0xff, 0xff, 0xff, 0xff,
    0xff, 0xff, 0xff, 0xff, 0xff, 0xff, 0xff, 0xff,
    0xda, 0xd8, 0xd6, 0xff, 0x8a, 0x82, 0x7d, 0xff,
    0x8a, 0x82, 0x7d, 0xff, 0x8a, 0x82, 0x7d, 0xff,
    0x8a, 0x82, 0x7d, 0xff, 0x8a, 0x82, 0x7d, 0x9f,
    0x8a, 0x82, 0x7d, 0x10, 0x00, 0x00, 0x00, 0x00,
    0x00, 0x00, 0x00, 0x00, 0x00, 0x00, 0x00, 0x00,
    0x00, 0x00, 0x00, 0x00, 0x8a, 0x82, 0x7d, 0x40,
    0x8a, 0x82, 0x7d, 0x9f, 0x8a, 0x82, 0x7d, 0xbf,
    0x8a, 0x82, 0x7d, 0xdf, 0xb6, 0xb1, 0xae, 0xff,
    0xff, 0xff, 0xff, 0xff, 0xff, 0xff, 0xff, 0xff,
    0xff, 0xff, 0xff, 0xff, 0xff, 0xff, 0xff, 0xff,
    0xcc, 0xc7, 0xc5, 0xff, 0xae, 0xa6, 0xa2, 0xff,
    0xae, 0xa6, 0xa2, 0xff, 0xae, 0xa6, 0xa2, 0xff,
    0xae, 0xa6, 0xa2, 0xff, 0xab, 0xa3, 0x9f, 0xff,
    0x85, 0x7a, 0x74, 0xff, 0x82, 0x77, 0x71, 0xff,
    0x82, 0x77, 0x71, 0xff, 0x82, 0x77, 0x71, 0xff,
    0x82, 0x77, 0x71, 0xff, 0x82, 0x77, 0x71, 0xff,
    0x82, 0x77, 0x71, 0xff, 0x63, 0x5b, 0x57, 0xff,
    0x30, 0x2d, 0x2c, 0xff, 0x30, 0x2d, 0x2c, 0xff,
    0x30, 0x2d, 0x2c, 0xff, 0x30, 0x2d, 0x2c, 0xff,
    0x30, 0x2d, 0x2c, 0xff, 0x30, 0x2d, 0x2c, 0xff,
    0x30, 0x2d, 0x2c, 0xff, 0x30, 0x2d, 0x2c, 0xff,
    0x30, 0x2d, 0x2c, 0xff, 0x30, 0x2d, 0x2c, 0xff,
    0x30, 0x2d, 0x2c, 0xff, 0x30, 0x2d, 0x2c, 0xff,
    0x30, 0x2d, 0x2c, 0xff, 0x30, 0x2d, 0x2c, 0xff,
    0x30, 0x2d, 0x2c, 0xff, 0x30, 0x2d, 0x2c, 0xff,
    0x63, 0x5b, 0x57, 0xff, 0x82, 0x77, 0x71, 0xff,
    0x82, 0x77, 0x71, 0xff, 0x82, 0x77, 0x71, 0xff,
    0x82, 0x77, 0x71, 0xff, 0x82, 0x77, 0x71, 0xff,
    0x82, 0x77, 0x71, 0xff, 0x82, 0x77, 0x71, 0xff,
    0xa9, 0xa0, 0x9c, 0xff, 0xae, 0xa6, 0xa2, 0xff,
    0xae, 0xa6, 0xa2, 0xff, 0xae, 0xa6, 0xa2, 0xff,
    0xae, 0xa6, 0xa2, 0xff, 0xcc, 0xc7, 0xc5, 0xff,
    0xff, 0xff, 0xff, 0xff, 0xff, 0xff, 0xff, 0xff,
    0xff, 0xff, 0xff, 0xff, 0xff, 0xff, 0xff, 0xff,
    0xb6, 0xb1, 0xae, 0xff, 0x8a, 0x82, 0x7d, 0xdf,
    0x8a, 0x82, 0x7d, 0xbf, 0x8a, 0x82, 0x7d, 0x9f,
    0x8a, 0x82, 0x7d, 0x40, 0x00, 0x00, 0x00, 0x00,
    0x00, 0x00, 0x00, 0x00, 0x00, 0x00, 0x00, 0x00,
    0x00, 0x00, 0x00, 0x00, 0x00, 0x00, 0x00, 0x00,
    0x00, 0x00, 0x00, 0x00, 0x00, 0x00, 0x00, 0x00,
    0x00, 0x00, 0x00, 0x00, 0x00, 0x00, 0x00, 0x00,
    0x00, 0x00, 0x00, 0x00, 0xff, 0xff, 0xff, 0x10,
    0xff, 0xff, 0xff, 0xff, 0xff, 0xff, 0xff, 0xff,
    0xff, 0xff, 0xff, 0xff, 0xff, 0xff, 0xff, 0xff,
    0xf0, 0xee, 0xee, 0xff, 0xae, 0xa6, 0xa2, 0xff,
    0xae, 0xa6, 0xa2, 0xff, 0xae, 0xa6, 0xa2, 0xff,
    0xae, 0xa6, 0xa2, 0xff, 0xae, 0xa6, 0xa2, 0xff,
    0x98, 0x8f, 0x8a, 0xff, 0x82, 0x77, 0x71, 0xff,
    0x82, 0x77, 0x71, 0xff, 0x82, 0x77, 0x71, 0xff,
    0x82, 0x77, 0x71, 0xff, 0x82, 0x77, 0x71, 0xff,
    0x82, 0x77, 0x71, 0xff, 0x82, 0x77, 0x71, 0xff,
    0x63, 0x5b, 0x57, 0xff, 0x30, 0x2d, 0x2c, 0xff,
    0x30, 0x2d, 0x2c, 0xff, 0x30, 0x2d, 0x2c, 0xff,
    0x30, 0x2d, 0x2c, 0xff, 0x30, 0x2d, 0x2c, 0xff,
    0x30, 0x2d, 0x2c, 0xff, 0x30, 0x2d, 0x2c, 0xff,
    0x30, 0x2d, 0x2c, 0xff, 0x30, 0x2d, 0x2c, 0xff,
    0x30, 0x2d, 0x2c, 0xff, 0x30, 0x2d, 0x2c, 0xff,
    0x30, 0x2d, 0x2c, 0xff, 0x30, 0x2d, 0x2c, 0xff,
    0x30, 0x2d, 0x2c, 0xff, 0x63, 0x5b, 0x57, 0xff,
    0x82, 0x77, 0x71, 0xff, 0x82, 0x77, 0x71, 0xff,
    0x82, 0x77, 0x71, 0xff, 0x82, 0x77, 0x71, 0xff,
    0x82, 0x77, 0x71, 0xff, 0x82, 0x77, 0x71, 0xff,
    0x82, 0x77, 0x71, 0xff, 0x95, 0x8c, 0x86, 0xff,
    0xae, 0xa6, 0xa2, 0xff, 0xae, 0xa6, 0xa2, 0xff,
    0xae, 0xa6, 0xa2, 0xff, 0xae, 0xa6, 0xa2, 0xff,
    0xae, 0xa6, 0xa2, 0xff, 0xeb, 0xe9, 0xe8, 0xff,
    0xff, 0xff, 0xff, 0xff, 0xff, 0xff, 0xff, 0xff,
    0xff, 0xff, 0xff, 0xff, 0xff, 0xff, 0xff, 0xff,
    0xff, 0xff, 0xff, 0x10, 0x00, 0x00, 0x00, 0x00,
    0x00, 0x00, 0x00, 0x00, 0x00, 0x00, 0x00, 0x00,
    0x00, 0x00, 0x00, 0x00, 0x00, 0x00, 0x00, 0x00,
    0x00, 0x00, 0x00, 0x00, 0x00, 0x00, 0x00, 0x00,
    0x00, 0x00, 0x00, 0x00, 0x00, 0x00, 0x00, 0x00,
    0x00, 0x00, 0x00, 0x00, 0x00, 0x00, 0x00, 0x00,
    0x00, 0x00, 0x00, 0x00, 0x00, 0x00, 0x00, 0x00,
    0x00, 0x00, 0x00, 0x00, 0x00, 0x00, 0x00, 0x00,
    0xff, 0xff, 0xff, 0xaf, 0xff, 0xff, 0xff, 0xff,
    0xff, 0xff, 0xff, 0xff, 0xff, 0xff, 0xff, 0xff,
    0xff, 0xff, 0xff, 0xff, 0xc2, 0xbc, 0xb9, 0xff,
    0xae, 0xa6, 0xa2, 0xff, 0xae, 0xa6, 0xa2, 0xff,
    0xae, 0xa6, 0xa2, 0xff, 0xae, 0xa6, 0xa2, 0xff,
    0xab, 0xa3, 0x9f, 0xff, 0x88, 0x7d, 0x77, 0xff,
    0x82, 0x77, 0x71, 0xff, 0x82, 0x77, 0x71, 0xff,
    0x82, 0x77, 0x71, 0xff, 0x82, 0x77, 0x71, 0xff,
    0x82, 0x77, 0x71, 0xff, 0x82, 0x77, 0x71, 0xff,
    0x82, 0x77, 0x71, 0xff, 0x73, 0x69, 0x64, 0xff,
    0x3f, 0x3b, 0x39, 0xff, 0x30, 0x2d, 0x2c, 0xff,
    0x30, 0x2d, 0x2c, 0xff, 0x30, 0x2d, 0x2c, 0xff,
    0x30, 0x2d, 0x2c, 0xff, 0x30, 0x2d, 0x2c, 0xff,
    0x30, 0x2d, 0x2c, 0xff, 0x30, 0x2d, 0x2c, 0xff,
    0x30, 0x2d, 0x2c, 0xff, 0x30, 0x2d, 0x2c, 0xff,
    0x30, 0x2d, 0x2c, 0xff, 0x3f, 0x3b, 0x39, 0xff,
    0x6e, 0x65, 0x60, 0xff, 0x82, 0x77, 0x71, 0xff,
    0x82, 0x77, 0x71, 0xff, 0x82, 0x77, 0x71, 0xff,
    0x82, 0x77, 0x71, 0xff, 0x82, 0x77, 0x71, 0xff,
    0x82, 0x77, 0x71, 0xff, 0x82, 0x77, 0x71, 0xff,
    0x85, 0x7a, 0x74, 0xff, 0xab, 0xa3, 0x9f, 0xff,
    0xae, 0xa6, 0xa2, 0xff, 0xae, 0xa6, 0xa2, 0xff,
    0xae, 0xa6, 0xa2, 0xff, 0xae, 0xa6, 0xa2, 0xff,
    0xb8, 0xb1, 0xae, 0xff, 0xff, 0xff, 0xff, 0xff,
    0xff, 0xff, 0xff, 0xff, 0xff, 0xff, 0xff, 0xff,
    0xff, 0xff, 0xff, 0xff, 0xff, 0xff, 0xff, 0xbf,
    0x00, 0x00, 0x00, 0x00, 0x00, 0x00, 0x00, 0x00,
    0x00, 0x00, 0x00, 0x00, 0x00, 0x00, 0x00, 0x00,
    0x00, 0x00, 0x00, 0x00, 0x00, 0x00, 0x00, 0x00,
    0x00, 0x00, 0x00, 0x00, 0x00, 0x00, 0x00, 0x00,
    0x00, 0x00, 0x00, 0x00, 0x00, 0x00, 0x00, 0x00,
    0x00, 0x00, 0x00, 0x00, 0x00, 0x00, 0x00, 0x00,
    0x00, 0x00, 0x00, 0x00, 0x00, 0x00, 0x00, 0x00,
    0x00, 0x00, 0x00, 0x00, 0x00, 0x00, 0x00, 0x00,
    0xff, 0xff, 0xff, 0x50, 0xff, 0xff, 0xff, 0xff,
    0xff, 0xff, 0xff, 0xff, 0xff, 0xff, 0xff, 0xff,
    0xff, 0xff, 0xff, 0xff, 0xeb, 0xe9, 0xe8, 0xff,
    0xae, 0xa6, 0xa2, 0xff, 0xae, 0xa6, 0xa2, 0xff,
    0xae, 0xa6, 0xa2, 0xff, 0xae, 0xa6, 0xa2, 0xff,
    0xae, 0xa6, 0xa2, 0xff, 0xa3, 0x9a, 0x96, 0xff,
    0x82, 0x77, 0x71, 0xff, 0x82, 0x77, 0x71, 0xff,
    0x82, 0x77, 0x71, 0xff, 0x82, 0x77, 0x71, 0xff,
    0x82, 0x77, 0x71, 0xff, 0x82, 0x77, 0x71, 0xff,
    0x82, 0x77, 0x71, 0xff, 0x82, 0x77, 0x71, 0xff,
    0x82, 0x77, 0x71, 0xff, 0x68, 0x60, 0x5b, 0xff,
    0x4a, 0x44, 0x42, 0xff, 0x30, 0x2d, 0x2c, 0xff,
    0x30, 0x2d, 0x2c, 0xff, 0x30, 0x2d, 0x2c, 0xff,
    0x30, 0x2d, 0x2c, 0xff, 0x30, 0x2d, 0x2c, 0xff,
    0x30, 0x2d, 0x2c, 0xff, 0x4a, 0x44, 0x42, 0xff,
    0x63, 0x5b, 0x57, 0xff, 0x82, 0x77, 0x71, 0xff,
    0x82, 0x77, 0x71, 0xff, 0x82, 0x77, 0x71, 0xff,
    0x82, 0x77, 0x71, 0xff, 0x82, 0x77, 0x71, 0xff,
    0x82, 0x77, 0x71, 0xff, 0x82, 0x77, 0x71, 0xff,
    0x82, 0x77, 0x71, 0xff, 0x82, 0x77, 0x71, 0xff,
    0xa0, 0x97, 0x93, 0xff, 0xae, 0xa6, 0xa2, 0xff,
    0xae, 0xa6, 0xa2, 0xff, 0xae, 0xa6, 0xa2, 0xff,
    0xae, 0xa6, 0xa2, 0xff, 0xae, 0xa6, 0xa2, 0xff,
    0xe1, 0xde, 0xdc, 0xff, 0xff, 0xff, 0xff, 0xff,
    0xff, 0xff, 0xff, 0xff, 0xff, 0xff, 0xff, 0xff,
    0xff, 0xff, 0xff, 0xff, 0xff, 0xff, 0xff, 0x60,
    0x00, 0x00, 0x00, 0x00, 0x00, 0x00, 0x00, 0x00,
    0x00, 0x00, 0x00, 0x00, 0x00, 0x00, 0x00, 0x00,
    0x00, 0x00, 0x00, 0x00, 0x00, 0x00, 0x00, 0x00,
    0x00, 0x00, 0x00, 0x00, 0x00, 0x00, 0x00, 0x00,
    0x00, 0x00, 0x00, 0x00, 0x00, 0x00, 0x00, 0x00,
    0x00, 0x00, 0x00, 0x00, 0x00, 0x00, 0x00, 0x00,
    0x00, 0x00, 0x00, 0x00, 0x00, 0x00, 0x00, 0x00,
    0x00, 0x00, 0x00, 0x00, 0x00, 0x00, 0x00, 0x00,
    0x00, 0x00, 0x00, 0x00, 0xff, 0xff, 0xff, 0xdf,
    0xff, 0xff, 0xff, 0xff, 0xff, 0xff, 0xff, 0xff,
    0xff, 0xff, 0xff, 0xff, 0xff, 0xff, 0xff, 0xff,
    0xc2, 0xbc, 0xb9, 0xff, 0xae, 0xa6, 0xa2, 0xff,
    0xae, 0xa6, 0xa2, 0xff, 0xae, 0xa6, 0xa2, 0xff,
    0xae, 0xa6, 0xa2, 0xff, 0xae, 0xa6, 0xa2, 0xff,
    0x9e, 0x94, 0x90, 0xff, 0x82, 0x77, 0x71, 0xff,
    0x82, 0x77, 0x71, 0xff, 0x82, 0x77, 0x71, 0xff,
    0x82, 0x77, 0x71, 0xff, 0x82, 0x77, 0x71, 0xff,
    0x82, 0x77, 0x71, 0xff, 0x82, 0x77, 0x71, 0xff,
    0x82, 0x77, 0x71, 0xff, 0x82, 0x77, 0x71, 0xff,
    0x82, 0x77, 0x71, 0xff, 0x82, 0x77, 0x71, 0xff,
    0x73, 0x69, 0x64, 0xff, 0x6e, 0x65, 0x60, 0xff,
    0x6e, 0x65, 0x60, 0xff, 0x73, 0x69, 0x64, 0xff,
    0x82, 0x77, 0x71, 0xff, 0x82, 0x77, 0x71, 0xff,
    0x82, 0x77, 0x71, 0xff, 0x82, 0x77, 0x71, 0xff,
    0x82, 0x77, 0x71, 0xff, 0x82, 0x77, 0x71, 0xff,
    0x82, 0x77, 0x71, 0xff, 0x82, 0x77, 0x71, 0xff,
    0x82, 0x77, 0x71, 0xff, 0x82, 0x77, 0x71, 0xff,
    0x82, 0x77, 0x71, 0xff, 0x98, 0x8f, 0x8a, 0xff,
    0xae, 0xa6, 0xa2, 0xff, 0xae, 0xa6, 0xa2, 0xff,
    0xae, 0xa6, 0xa2, 0xff, 0xae, 0xa6, 0xa2, 0xff,
    0xae, 0xa6, 0xa2, 0xff, 0xc2, 0xbc, 0xb9, 0xff,
    0xff, 0xff, 0xff, 0xff, 0xff, 0xff, 0xff, 0xff,
    0xff, 0xff, 0xff, 0xff, 0xff, 0xff, 0xff, 0xff,
    0xff, 0xff, 0xff, 0xdf, 0x00, 0x00, 0x00, 0x00,
    0x00, 0x00, 0x00, 0x00, 0x00, 0x00, 0x00, 0x00,
    0x00, 0x00, 0x00, 0x00, 0x00, 0x00, 0x00, 0x00,
    0x00, 0x00, 0x00, 0x00, 0x00, 0x00, 0x00, 0x00,
    0x00, 0x00, 0x00, 0x00, 0x00, 0x00, 0x00, 0x00,
    0x00, 0x00, 0x00, 0x00, 0x00, 0x00, 0x00, 0x00,
    0x00, 0x00, 0x00, 0x00, 0x00, 0x00, 0x00, 0x00,
    0x00, 0x00, 0x00, 0x00, 0x00, 0x00, 0x00, 0x00,
    0x00, 0x00, 0x00, 0x00, 0x00, 0x00, 0x00, 0x00,
    0x00, 0x00, 0x00, 0x00, 0xf4, 0xf3, 0xf3, 0x6a,
    0xff, 0xff, 0xff, 0xff, 0xff, 0xff, 0xff, 0xff,
    0xff, 0xff, 0xff, 0xff, 0xff, 0xff, 0xff, 0xff,
    0xf5, 0xf4, 0xf3, 0xff, 0xae, 0xa6, 0xa2, 0xff,
    0xae, 0xa6, 0xa2, 0xff, 0xae, 0xa6, 0xa2, 0xff,
    0xae, 0xa6, 0xa2, 0xff, 0xae, 0xa6, 0xa2, 0xff,
    0xae, 0xa6, 0xa2, 0xff, 0x93, 0x89, 0x83, 0xff,
    0x82, 0x77, 0x71, 0xff, 0x82, 0x77, 0x71, 0xff,
    0x82, 0x77, 0x71, 0xff, 0x82, 0x77, 0x71, 0xff,
    0x82, 0x77, 0x71, 0xff, 0x82, 0x77, 0x71, 0xff,
    0x82, 0x77, 0x71, 0xff, 0x82, 0x77, 0x71, 0xff,
    0x82, 0x77, 0x71, 0xff, 0x82, 0x77, 0x71, 0xff,
    0x82, 0x77, 0x71, 0xff, 0x82, 0x77, 0x71, 0xff,
    0x82, 0x77, 0x71, 0xff, 0x82, 0x77, 0x71, 0xff,
    0x82, 0x77, 0x71, 0xff, 0x82, 0x77, 0x71, 0xff,
    0x82, 0x77, 0x71, 0xff, 0x82, 0x77, 0x71, 0xff,
    0x82, 0x77, 0x71, 0xff, 0x82, 0x77, 0x71, 0xff,
    0x82, 0x77, 0x71, 0xff, 0x82, 0x77, 0x71, 0xff,
    0x82, 0x77, 0x71, 0xff, 0x82, 0x77, 0x71, 0xff,
    0x93, 0x89, 0x83, 0xff, 0xae, 0xa6, 0xa2, 0xff,
    0xae, 0xa6, 0xa2, 0xff, 0xae, 0xa6, 0xa2, 0xff,
    0xae, 0xa6, 0xa2, 0xff, 0xae, 0xa6, 0xa2, 0xff,
    0xae, 0xa6, 0xa2, 0xff, 0xf0, 0xee, 0xee, 0xff,
    0xff, 0xff, 0xff, 0xff, 0xff, 0xff, 0xff, 0xff,
    0xff, 0xff, 0xff, 0xff, 0xff, 0xff, 0xff, 0xff,
    0xf4, 0xf3, 0xf3, 0x6a, 0x00, 0x00, 0x00, 0x00,
    0x00, 0x00, 0x00, 0x00, 0x00, 0x00, 0x00, 0x00,
    0x00, 0x00, 0x00, 0x00, 0x00, 0x00, 0x00, 0x00,
    0x00, 0x00, 0x00, 0x00, 0x00, 0x00, 0x00, 0x00,
    0x00, 0x00, 0x00, 0x00, 0x00, 0x00, 0x00, 0x00,
    0x00, 0x00, 0x00, 0x00, 0x00, 0x00, 0x00, 0x00,
    0x00, 0x00, 0x00, 0x00, 0x00, 0x00, 0x00, 0x00,
    0x00, 0x00, 0x00, 0x00, 0x00, 0x00, 0x00, 0x00,
    0x00, 0x00, 0x00, 0x00, 0x00, 0x00, 0x00, 0x00,
    0x00, 0x00, 0x00, 0x00, 0x8a, 0x82, 0x7d, 0x9f,
    0xf0, 0xef, 0xef, 0xff, 0xff, 0xff, 0xff, 0xff,
    0xff, 0xff, 0xff, 0xff, 0xff, 0xff, 0xff, 0xff,
    0xff, 0xff, 0xff, 0xff, 0xdc, 0xd8, 0xd6, 0xff,
    0xae, 0xa6, 0xa2, 0xff, 0xae, 0xa6, 0xa2, 0xff,
    0xae, 0xa6, 0xa2, 0xff, 0xae, 0xa6, 0xa2, 0xff,
    0xae, 0xa6, 0xa2, 0xff, 0xae, 0xa6, 0xa2, 0xff,
    0x9e, 0x94, 0x90, 0xff, 0x82, 0x77, 0x71, 0xff,
    0x82, 0x77, 0x71, 0xff, 0x82, 0x77, 0x71, 0xff,
    0x82, 0x77, 0x71, 0xff, 0x82, 0x77, 0x71, 0xff,
    0x82, 0x77, 0x71, 0xff, 0x82, 0x77, 0x71, 0xff,
    0x82, 0x77, 0x71, 0xff, 0x82, 0x77, 0x71, 0xff,
    0x82, 0x77, 0x71, 0xff, 0x82, 0x77, 0x71, 0xff,
    0x82, 0x77, 0x71, 0xff, 0x82, 0x77, 0x71, 0xff,
    0x82, 0x77, 0x71, 0xff, 0x82, 0x77, 0x71, 0xff,
    0x82, 0x77, 0x71, 0xff, 0x82, 0x77, 0x71, 0xff,
    0x82, 0x77, 0x71, 0xff, 0x82, 0x77, 0x71, 0xff,
    0x82, 0x77, 0x71, 0xff, 0x82, 0x77, 0x71, 0xff,
    0x82, 0x77, 0x71, 0xff, 0x98, 0x8f, 0x8a, 0xff,
    0xae, 0xa6, 0xa2, 0xff, 0xae, 0xa6, 0xa2, 0xff,
    0xae, 0xa6, 0xa2, 0xff, 0xae, 0xa6, 0xa2, 0xff,
    0xae, 0xa6, 0xa2, 0xff, 0xae, 0xa6, 0xa2, 0xff,
    0xd7, 0xd3, 0xd1, 0xff, 0xff, 0xff, 0xff, 0xff,
    0xff, 0xff, 0xff, 0xff, 0xff, 0xff, 0xff, 0xff,
    0xff, 0xff, 0xff, 0xff, 0xf0, 0xef, 0xef, 0xff,
    0x8a, 0x82, 0x7d, 0x9f, 0x00, 0x00, 0x00, 0x00,
    0x00, 0x00, 0x00, 0x00, 0x00, 0x00, 0x00, 0x00,
    0x00, 0x00, 0x00, 0x00, 0x00, 0x00, 0x00, 0x00,
    0x00, 0x00, 0x00, 0x00, 0x00, 0x00, 0x00, 0x00,
    0x00, 0x00, 0x00, 0x00, 0x00, 0x00, 0x00, 0x00,
    0x00, 0x00, 0x00, 0x00, 0x00, 0x00, 0x00, 0x00,
    0x00, 0x00, 0x00, 0x00, 0x00, 0x00, 0x00, 0x00,
    0x00, 0x00, 0x00, 0x00, 0x00, 0x00, 0x00, 0x00,
    0x00, 0x00, 0x00, 0x00, 0x00, 0x00, 0x00, 0x00,
    0x8a, 0x82, 0x7d, 0x70, 0x8a, 0x82, 0x7d, 0xff,
    0xa7, 0xa1, 0x9e, 0xff, 0xff, 0xff, 0xff, 0xff,
    0xff, 0xff, 0xff, 0xff, 0xff, 0xff, 0xff, 0xff,
    0xff, 0xff, 0xff, 0xff, 0xff, 0xff, 0xff, 0xff,
    0xcc, 0xc7, 0xc5, 0xff, 0xae, 0xa6, 0xa2, 0xff,
    0xae, 0xa6, 0xa2, 0xff, 0xae, 0xa6, 0xa2, 0xff,
    0xae, 0xa6, 0xa2, 0xff, 0xae, 0xa6, 0xa2, 0xff,
    0xae, 0xa6, 0xa2, 0xff, 0xa3, 0x9a, 0x96, 0xff,
    0x88, 0x7d, 0x77, 0xff, 0x82, 0x77, 0x71, 0xff,
    0x82, 0x77, 0x71, 0xff, 0x82, 0x77, 0x71, 0xff,
    0x82, 0x77, 0x71, 0xff, 0x82, 0x77, 0x71, 0xff,
    0x82, 0x77, 0x71, 0xff, 0x82, 0x77, 0x71, 0xff,
    0x82, 0x77, 0x71, 0xff, 0x82, 0x77, 0x71, 0xff,
    0x82, 0x77, 0x71, 0xff, 0x82, 0x77, 0x71, 0xff,
    0x82, 0x77, 0x71, 0xff, 0x82, 0x77, 0x71, 0xff,
    0x82, 0x77, 0x71, 0xff, 0x82, 0x77, 0x71, 0xff,
    0x82, 0x77, 0x71, 0xff, 0x82, 0x77, 0x71, 0xff,
    0x82, 0x77, 0x71, 0xff, 0x88, 0x7d, 0x77, 0xff,
    0xa3, 0x9a, 0x96, 0xff, 0xae, 0xa6, 0xa2, 0xff,
    0xae, 0xa6, 0xa2, 0xff, 0xae, 0xa6, 0xa2, 0xff,
    0xae, 0xa6, 0xa2, 0xff, 0xae, 0xa6, 0xa2, 0xff,
    0xae, 0xa6, 0xa2, 0xff, 0xc7, 0xc2, 0xbf, 0xff,
    0xff, 0xff, 0xff, 0xff, 0xff, 0xff, 0xff, 0xff,
    0xff, 0xff, 0xff, 0xff, 0xff, 0xff, 0xff, 0xff,
    0xff, 0xff, 0xff, 0xff, 0xa7, 0xa1, 0x9e, 0xff,
    0x8a, 0x82, 0x7d, 0xff, 0x8a, 0x82, 0x7d, 0x70,
    0x00, 0x00, 0x00, 0x00, 0x00, 0x00, 0x00, 0x00,
    0x00, 0x00, 0x00, 0x00, 0x00, 0x00, 0x00, 0x00,
    0x00, 0x00, 0x00, 0x00, 0x00, 0x00, 0x00, 0x00,
    0x00, 0x00, 0x00, 0x00, 0x00, 0x00, 0x00, 0x00,
    0x00, 0x00, 0x00, 0x00, 0x00, 0x00, 0x00, 0x00,
    0x00, 0x00, 0x00, 0x00, 0x00, 0x00, 0x00, 0x00,
    0x00, 0x00, 0x00, 0x00, 0x00, 0x00, 0x00, 0x00,
    0x00, 0x00, 0x00, 0x00, 0x8a, 0x82, 0x7d, 0x20,
    0x8a, 0x82, 0x7d, 0xff, 0x8a, 0x82, 0x7d, 0xff,
    0x8a, 0x82, 0x7d, 0xff, 0xcc, 0xc8, 0xc6, 0xff,
    0xff, 0xff, 0xff, 0xff, 0xff, 0xff, 0xff, 0xff,
    0xff, 0xff, 0xff, 0xff, 0xff, 0xff, 0xff, 0xff,
    0xff, 0xff, 0xff, 0xff, 0xbd, 0xb7, 0xb3, 0xff,
    0xae, 0xa6, 0xa2, 0xff, 0xae, 0xa6, 0xa2, 0xff,
    0xae, 0xa6, 0xa2, 0xff, 0xae, 0xa6, 0xa2, 0xff,
    0xae, 0xa6, 0xa2, 0xff, 0xae, 0xa6, 0xa2, 0xff,
    0xab, 0xa3, 0x9f, 0xff, 0x98, 0x8f, 0x8a, 0xff,
    0x85, 0x7a, 0x74, 0xff, 0x82, 0x77, 0x71, 0xff,
    0x82, 0x77, 0x71, 0xff, 0x82, 0x77, 0x71, 0xff,
    0x82, 0x77, 0x71, 0xff, 0x82, 0x77, 0x71, 0xff,
    0x82, 0x77, 0x71, 0xff, 0x82, 0x77, 0x71, 0xff,
    0x82, 0x77, 0x71, 0xff, 0x82, 0x77, 0x71, 0xff,
    0x82, 0x77, 0x71, 0xff, 0x82, 0x77, 0x71, 0xff,
    0x82, 0x77, 0x71, 0xff, 0x82, 0x77, 0x71, 0xff,
    0x82, 0x77, 0x71, 0xff, 0x85, 0x7a, 0x74, 0xff,
    0x98, 0x8f, 0x8a, 0xff, 0xab, 0xa3, 0x9f, 0xff,
    0xae, 0xa6, 0xa2, 0xff, 0xae, 0xa6, 0xa2, 0xff,
    0xae, 0xa6, 0xa2, 0xff, 0xae, 0xa6, 0xa2, 0xff,
    0xae, 0xa6, 0xa2, 0xff, 0xae, 0xa6, 0xa2, 0xff,
    0xbd, 0xb7, 0xb3, 0xff, 0xfa, 0xf9, 0xf9, 0xff,
    0xff, 0xff, 0xff, 0xff, 0xff, 0xff, 0xff, 0xff,
    0xff, 0xff, 0xff, 0xff, 0xff, 0xff, 0xff, 0xff,
    0xda, 0xd8, 0xd6, 0xff, 0x8a, 0x82, 0x7d, 0xff,
    0x8a, 0x82, 0x7d, 0xff, 0x8a, 0x82, 0x7d, 0xff,
    0x8a, 0x82, 0x7d, 0x20, 0x00, 0x00, 0x00, 0x00,
    0x00, 0x00, 0x00, 0x00, 0x00, 0x00, 0x00, 0x00,
    0x00, 0x00, 0x00, 0x00, 0x00, 0x00, 0x00, 0x00,
    0x00, 0x00, 0x00, 0x00, 0x00, 0x00, 0x00, 0x00,
    0x00, 0x00, 0x00, 0x00, 0x00, 0x00, 0x00, 0x00,
    0x00, 0x00, 0x00, 0x00, 0x00, 0x00, 0x00, 0x00,
    0x00, 0x00, 0x00, 0x00, 0x00, 0x00, 0x00, 0x00,
    0x00, 0x00, 0x00, 0x00, 0x8a, 0x82, 0x7d, 0x9f,
    0x8a, 0x82, 0x7d, 0xff, 0x8a, 0x82, 0x7d, 0xff,
    0x8a, 0x82, 0x7d, 0xff, 0x91, 0x8a, 0x85, 0xff,
    0xe9, 0xe8, 0xe7, 0xff, 0xff, 0xff, 0xff, 0xff,
    0xff, 0xff, 0xff, 0xff, 0xff, 0xff, 0xff, 0xff,
    0xff, 0xff, 0xff, 0xff, 0xfa, 0xf9, 0xf9, 0xff,
    0xbd, 0xb7, 0xb3, 0xff, 0xae, 0xa6, 0xa2, 0xff,
    0xae, 0xa6, 0xa2, 0xff, 0xae, 0xa6, 0xa2, 0xff,
    0xae, 0xa6, 0xa2, 0xff, 0xae, 0xa6, 0xa2, 0xff,
    0xae, 0xa6, 0xa2, 0xff, 0xae, 0xa6, 0xa2, 0xff,
    0xab, 0xa3, 0x9f, 0xff, 0x9b, 0x91, 0x8d, 0xff,
    0x8a, 0x80, 0x7a, 0xff, 0x82, 0x77, 0x71, 0xff,
    0x82, 0x77, 0x71, 0xff, 0x82, 0x77, 0x71, 0xff,
    0x82, 0x77, 0x71, 0xff, 0x82, 0x77, 0x71, 0xff,
    0x82, 0x77, 0x71, 0xff, 0x82, 0x77, 0x71, 0xff,
    0x82, 0x77, 0x71, 0xff, 0x82, 0x77, 0x71, 0xff,
    0x82, 0x77, 0x71, 0xff, 0x8a, 0x80, 0x7a, 0xff,
    0x98, 0x8f, 0x8a, 0xff, 0xab, 0xa3, 0x9f, 0xff,
    0xae, 0xa6, 0xa2, 0xff, 0xae, 0xa6, 0xa2, 0xff,
    0xae, 0xa6, 0xa2, 0xff, 0xae, 0xa6, 0xa2, 0xff,
    0xae, 0xa6, 0xa2, 0xff, 0xae, 0xa6, 0xa2, 0xff,
    0xae, 0xa6, 0xa2, 0xff, 0xbd, 0xb7, 0xb3, 0xff,
    0xfa, 0xf9, 0xf9, 0xff, 0xff, 0xff, 0xff, 0xff,
    0xff, 0xff, 0xff, 0xff, 0xff, 0xff, 0xff, 0xff,
    0xff, 0xff, 0xff, 0xff, 0xe9, 0xe8, 0xe7, 0xff,
    0x91, 0x8a, 0x85, 0xff, 0x8a, 0x82, 0x7d, 0xff,
    0x8a, 0x82, 0x7d, 0xff, 0x8a, 0x82, 0x7d, 0xff,
    0x8a, 0x82, 0x7d, 0x9f, 0x00, 0x00, 0x00, 0x00,
    0x00, 0x00, 0x00, 0x00, 0x00, 0x00, 0x00, 0x00,
    0x00, 0x00, 0x00, 0x00, 0x00, 0x00, 0x00, 0x00,
    0x00, 0x00, 0x00, 0x00, 0x00, 0x00, 0x00, 0x00,
    0x00, 0x00, 0x00, 0x00, 0x00, 0x00, 0x00, 0x00,
    0x00, 0x00, 0x00, 0x00, 0x00, 0x00, 0x00, 0x00,
    0x00, 0x00, 0x00, 0x00, 0x00, 0x00, 0x00, 0x00,
    0x00, 0x00, 0x00, 0x00, 0x8a, 0x82, 0x7d, 0xef,
    0x8a, 0x82, 0x7d, 0xff, 0x8a, 0x82, 0x7d, 0xff,
    0x8a, 0x82, 0x7d, 0xff, 0x8a, 0x82, 0x7d, 0xff,
    0xa0, 0x99, 0x95, 0xff, 0xf8, 0xf7, 0xf7, 0xff,
    0xff, 0xff, 0xff, 0xff, 0xff, 0xff, 0xff, 0xff,
    0xff, 0xff, 0xff, 0xff, 0xff, 0xff, 0xff, 0xff,
    0xff, 0xff, 0xff, 0xff, 0xcc, 0xc7, 0xc5, 0xff,
    0xae, 0xa6, 0xa2, 0xff, 0xae, 0xa6, 0xa2, 0xff,
    0xae, 0xa6, 0xa2, 0xff, 0xae, 0xa6, 0xa2, 0xff,
    0xae, 0xa6, 0xa2, 0xff, 0xae, 0xa6, 0xa2, 0xff,
    0xae, 0xa6, 0xa2, 0xff, 0xae, 0xa6, 0xa2, 0xff,
    0xae, 0xa6, 0xa2, 0xff, 0xa9, 0xa0, 0x9c, 0xff,
    0xa0, 0x97, 0x93, 0xff, 0x98, 0x8f, 0x8a, 0xff,
    0x90, 0x86, 0x80, 0xff, 0x8d, 0x83, 0x7d, 0xff,
    0x8d, 0x83, 0x7d, 0xff, 0x90, 0x86, 0x80, 0xff,
    0x98, 0x8f, 0x8a, 0xff, 0x9e, 0x94, 0x90, 0xff,
    0xa9, 0xa0, 0x9c, 0xff, 0xae, 0xa6, 0xa2, 0xff,
    0xae, 0xa6, 0xa2, 0xff, 0xae, 0xa6, 0xa2, 0xff,
    0xae, 0xa6, 0xa2, 0xff, 0xae, 0xa6, 0xa2, 0xff,
    0xae, 0xa6, 0xa2, 0xff, 0xae, 0xa6, 0xa2, 0xff,
    0xae, 0xa6, 0xa2, 0xff, 0xae, 0xa6, 0xa2, 0xff,
    0xc7, 0xc2, 0xbf, 0xff, 0xfa, 0xf9, 0xf9, 0xff,
    0xff, 0xff, 0xff, 0xff, 0xff, 0xff, 0xff, 0xff,
    0xff, 0xff, 0xff, 0xff, 0xff, 0xff, 0xff, 0xff,
    0xf8, 0xf7, 0xf7, 0xff, 0xa0, 0x99, 0x95, 0xff,
    0x8a, 0x82, 0x7d, 0xff, 0x8a, 0x82, 0x7d, 0xff,
    0x8a, 0x82, 0x7d, 0xff, 0x8a, 0x82, 0x7d, 0xff,
    0x8a, 0x82, 0x7d, 0xef, 0x00, 0x00, 0x00, 0x00,
    0x00, 0x00, 0x00, 0x00, 0x00, 0x00, 0x00, 0x00,
    0x00, 0x00, 0x00, 0x00, 0x00, 0x00, 0x00, 0x00,
    0x00, 0x00, 0x00, 0x00, 0x00, 0x00, 0x00, 0x00,
    0x00, 0x00, 0x00, 0x00, 0x00, 0x00, 0x00, 0x00,
    0x00, 0x00, 0x00, 0x00, 0x00, 0x00, 0x00, 0x00,
    0x00, 0x00, 0x00, 0x00, 0x00, 0x00, 0x00, 0x00,
    0x00, 0x00, 0x00, 0x00, 0x8a, 0x82, 0x7d, 0xff,
    0x8a, 0x82, 0x7d, 0xff, 0x8a, 0x82, 0x7d, 0xff,
    0x8a, 0x82, 0x7d, 0xff, 0x8a, 0x82, 0x7d, 0xff,
    0x8a, 0x82, 0x7d, 0xff, 0xa0, 0x99, 0x95, 0xff,
    0xf8, 0xf7, 0xf7, 0xff, 0xff, 0xff, 0xff, 0xff,
    0xff, 0xff, 0xff, 0xff, 0xff, 0xff, 0xff, 0xff,
    0xff, 0xff, 0xff, 0xff, 0xff, 0xff, 0xff, 0xff,
    0xdc, 0xd8, 0xd6, 0xff, 0xae, 0xa6, 0xa2, 0xff,
    0xae, 0xa6, 0xa2, 0xff, 0xae, 0xa6, 0xa2, 0xff,
    0xae, 0xa6, 0xa2, 0xff, 0xae, 0xa6, 0xa2, 0xff,
    0xae, 0xa6, 0xa2, 0xff, 0xae, 0xa6, 0xa2, 0xff,
    0xae, 0xa6, 0xa2, 0xff, 0xae, 0xa6, 0xa2, 0xff,
    0xae, 0xa6, 0xa2, 0xff, 0xae, 0xa6, 0xa2, 0xff,
    0xae, 0xa6, 0xa2, 0xff, 0xae, 0xa6, 0xa2, 0xff,
    0xae, 0xa6, 0xa2, 0xff, 0xae, 0xa6, 0xa2, 0xff,
    0xae, 0xa6, 0xa2, 0xff, 0xae, 0xa6, 0xa2, 0xff,
    0xae, 0xa6, 0xa2, 0xff, 0xae, 0xa6, 0xa2, 0xff,
    0xae, 0xa6, 0xa2, 0xff, 0xae, 0xa6, 0xa2, 0xff,
    0xae, 0xa6, 0xa2, 0xff, 0xae, 0xa6, 0xa2, 0xff,
    0xae, 0xa6, 0xa2, 0xff, 0xae, 0xa6, 0xa2, 0xff,
    0xae, 0xa6, 0xa2, 0xff, 0xdc, 0xd8, 0xd6, 0xff,
    0xff, 0xff, 0xff, 0xff, 0xff, 0xff, 0xff, 0xff,
    0xff, 0xff, 0xff, 0xff, 0xff, 0xff, 0xff, 0xff,
    0xff, 0xff, 0xff, 0xff, 0xff, 0xff, 0xff, 0xff,
    0xa0, 0x99, 0x95, 0xff, 0x8a, 0x82, 0x7d, 0xff,
    0x8a, 0x82, 0x7d, 0xff, 0x8a, 0x82, 0x7d, 0xff,
    0x8a, 0x82, 0x7d, 0xff, 0x8a, 0x82, 0x7d, 0xff,
    0x8a, 0x82, 0x7d, 0xff, 0x00, 0x00, 0x00, 0x00,
    0x00, 0x00, 0x00, 0x00, 0x00, 0x00, 0x00, 0x00,
    0x00, 0x00, 0x00, 0x00, 0x00, 0x00, 0x00, 0x00,
    0x00, 0x00, 0x00, 0x00, 0x00, 0x00, 0x00, 0x00,
    0x00, 0x00, 0x00, 0x00, 0x00, 0x00, 0x00, 0x00,
    0x00, 0x00, 0x00, 0x00, 0x00, 0x00, 0x00, 0x00,
    0x00, 0x00, 0x00, 0x00, 0x00, 0x00, 0x00, 0x00,
    0x00, 0x00, 0x00, 0x00, 0x8a, 0x82, 0x7d, 0xef,
    0x8a, 0x82, 0x7d, 0xff, 0x8a, 0x82, 0x7d, 0xff,
    0x8a, 0x82, 0x7d, 0xff, 0x8a, 0x82, 0x7d, 0xff,
    0x8a, 0x82, 0x7d, 0xff, 0x8a, 0x82, 0x7d, 0xff,
    0xa7, 0xa1, 0x9e, 0xff, 0xf8, 0xf7, 0xf7, 0xff,
    0xff, 0xff, 0xff, 0xff, 0xff, 0xff, 0xff, 0xff,
    0xff, 0xff, 0xff, 0xff, 0xff, 0xff, 0xff, 0xff,
    0xff, 0xff, 0xff, 0xff, 0xf5, 0xf4, 0xf3, 0xff,
    0xc2, 0xbc, 0xb9, 0xff, 0xae, 0xa6, 0xa2, 0xff,
    0xae, 0xa6, 0xa2, 0xff, 0xae, 0xa6, 0xa2, 0xff,
    0xae, 0xa6, 0xa2, 0xff, 0xae, 0xa6, 0xa2, 0xff,
    0xae, 0xa6, 0xa2, 0xff, 0xae, 0xa6, 0xa2, 0xff,
    0xae, 0xa6, 0xa2, 0xff, 0xae, 0xa6, 0xa2, 0xff,
    0xae, 0xa6, 0xa2, 0xff, 0xae, 0xa6, 0xa2, 0xff,
    0xae, 0xa6, 0xa2, 0xff, 0xae, 0xa6, 0xa2, 0xff,
    0xae, 0xa6, 0xa2, 0xff, 0xae, 0xa6, 0xa2, 0xff,
    0xae, 0xa6, 0xa2, 0xff, 0xae, 0xa6, 0xa2, 0xff,
    0xae, 0xa6, 0xa2, 0xff, 0xae, 0xa6, 0xa2, 0xff,
    0xae, 0xa6, 0xa2, 0xff, 0xae, 0xa6, 0xa2, 0xff,
    0xae, 0xa6, 0xa2, 0xff, 0xc2, 0xbc, 0xb9, 0xff,
    0xf0, 0xee, 0xee, 0xff, 0xff, 0xff, 0xff, 0xff,
    0xff, 0xff, 0xff, 0xff, 0xff, 0xff, 0xff, 0xff,
    0xff, 0xff, 0xff, 0xff, 0xff, 0xff, 0xff, 0xff,
    0xff, 0xff, 0xff, 0xff, 0xb6, 0xb1, 0xae, 0xff,
    0x8a, 0x82, 0x7d, 0xff, 0x8a, 0x82, 0x7d, 0xff,
    0x8a, 0x82, 0x7d, 0xff, 0x8a, 0x82, 0x7d, 0xff,
    0x8a, 0x82, 0x7d, 0xff, 0x8a, 0x82, 0x7d, 0xff,
    0x8a, 0x82, 0x7d, 0xef, 0x00, 0x00, 0x00, 0x00,
    0x00, 0x00, 0x00, 0x00, 0x00, 0x00, 0x00, 0x00,
    0x00, 0x00, 0x00, 0x00, 0x00, 0x00, 0x00, 0x00,
    0x00, 0x00, 0x00, 0x00, 0x00, 0x00, 0x00, 0x00,
    0x00, 0x00, 0x00, 0x00, 0x00, 0x00, 0x00, 0x00,
    0x00, 0x00, 0x00, 0x00, 0x00, 0x00, 0x00, 0x00,
    0x00, 0x00, 0x00, 0x00, 0x00, 0x00, 0x00, 0x00,
    0x00, 0x00, 0x00, 0x00, 0x8a, 0x82, 0x7d, 0xaf,
    0x8a, 0x82, 0x7d, 0xff, 0x8a, 0x82, 0x7d, 0xff,
    0x8a, 0x82, 0x7d, 0xff, 0x8a, 0x82, 0x7d, 0xff,
    0x8a, 0x82, 0x7d, 0xff, 0x8a, 0x82, 0x7d, 0xff,
    0x8a, 0x82, 0x7d, 0xff, 0xa0, 0x99, 0x95, 0xff,
    0xf8, 0xf7, 0xf7, 0xff, 0xff, 0xff, 0xff, 0xff,
    0xff, 0xff, 0xff, 0xff, 0xff, 0xff, 0xff, 0xff,
    0xff, 0xff, 0xff, 0xff, 0xff, 0xff, 0xff, 0xff,
    0xff, 0xff, 0xff, 0xff, 0xeb, 0xe9, 0xe8, 0xff,
    0xc2, 0xbc, 0xb9, 0xff, 0xae, 0xa6, 0xa2, 0xff,
    0xae, 0xa6, 0xa2, 0xff, 0xae, 0xa6, 0xa2, 0xff,
    0xae, 0xa6, 0xa2, 0xff, 0xae, 0xa6, 0xa2, 0xff,
    0xae, 0xa6, 0xa2, 0xff, 0xae, 0xa6, 0xa2, 0xff,
    0xae, 0xa6, 0xa2, 0xff, 0xae, 0xa6, 0xa2, 0xff,
    0xae, 0xa6, 0xa2, 0xff, 0xae, 0xa6, 0xa2, 0xff,
    0xae, 0xa6, 0xa2, 0xff, 0xae, 0xa6, 0xa2, 0xff,
    0xae, 0xa6, 0xa2, 0xff, 0xae, 0xa6, 0xa2, 0xff,
    0xae, 0xa6, 0xa2, 0xff, 0xae, 0xa6, 0xa2, 0xff,
    0xae, 0xa6, 0xa2, 0xff, 0xbd, 0xb7, 0xb3, 0xff,
    0xeb, 0xe9, 0xe8, 0xff, 0xff, 0xff, 0xff, 0xff,
    0xff, 0xff, 0xff, 0xff, 0xff, 0xff, 0xff, 0xff,
    0xff, 0xff, 0xff, 0xff, 0xff, 0xff, 0xff, 0xff,
    0xff, 0xff, 0xff, 0xff, 0xf8, 0xf7, 0xf7, 0xff,
    0xa0, 0x99, 0x95, 0xff, 0x8a, 0x82, 0x7d, 0xff,
    0x8a, 0x82, 0x7d, 0xff, 0x8a, 0x82, 0x7d, 0xff,
    0x8a, 0x82, 0x7d, 0xff, 0x8a, 0x82, 0x7d, 0xff,
    0x8a, 0x82, 0x7d, 0xff, 0x8a, 0x82, 0x7d, 0xff,
    0x8a, 0x82, 0x7d, 0xaf, 0x00, 0x00, 0x00, 0x00,
    0x00, 0x00, 0x00, 0x00, 0x00, 0x00, 0x00, 0x00,
    0x00, 0x00, 0x00, 0x00, 0x00, 0x00, 0x00, 0x00,
    0x00, 0x00, 0x00, 0x00, 0x00, 0x00, 0x00, 0x00,
    0x00, 0x00, 0x00, 0x00, 0x00, 0x00, 0x00, 0x00,
    0x00, 0x00, 0x00, 0x00, 0x00, 0x00, 0x00, 0x00,
    0x00, 0x00, 0x00, 0x00, 0x00, 0x00, 0x00, 0x00,
    0x00, 0x00, 0x00, 0x00, 0x8a, 0x82, 0x7d, 0x40,
    0x8a, 0x82, 0x7d, 0xff, 0x8a, 0x82, 0x7d, 0xff,
    0x8a, 0x82, 0x7d, 0xff, 0x8a, 0x82, 0x7d, 0xff,
    0x8a, 0x82, 0x7d, 0xff, 0x8a, 0x82, 0x7d, 0xff,
    0x8a, 0x82, 0x7d, 0xff, 0x8a, 0x82, 0x7d, 0xff,
    0xa0, 0x99, 0x95, 0xff, 0xe9, 0xe8, 0xe7, 0xff,
    0xff, 0xff, 0xff, 0xff, 0xff, 0xff, 0xff, 0xff,
    0xff, 0xff, 0xff, 0xff, 0xff, 0xff, 0xff, 0xff,
    0xff, 0xff, 0xff, 0xff, 0xff, 0xff, 0xff, 0xff,
    0xff, 0xff, 0xff, 0xff, 0xf0, 0xee, 0xee, 0xff,
    0xcc, 0xc7, 0xc5, 0xff, 0xb8, 0xb1, 0xae, 0xff,
    0xae, 0xa6, 0xa2, 0xff, 0xae, 0xa6, 0xa2, 0xff,
    0xae, 0xa6, 0xa2, 0xff, 0xae, 0xa6, 0xa2, 0xff,
    0xae, 0xa6, 0xa2, 0xff, 0xae, 0xa6, 0xa2, 0xff,
    0xae, 0xa6, 0xa2, 0xff, 0xae, 0xa6, 0xa2, 0xff,
    0xae, 0xa6, 0xa2, 0xff, 0xae, 0xa6, 0xa2, 0xff,
    0xae, 0xa6, 0xa2, 0xff, 0xae, 0xa6, 0xa2, 0xff,
    0xb8, 0xb1, 0xae, 0xff, 0xcc, 0xc7, 0xc5, 0xff,
    0xf0, 0xee, 0xee, 0xff, 0xff, 0xff, 0xff, 0xff,
    0xff, 0xff, 0xff, 0xff, 0xff, 0xff, 0xff, 0xff,
    0xff, 0xff, 0xff, 0xff, 0xff, 0xff, 0xff, 0xff,
    0xff, 0xff, 0xff, 0xff, 0xff, 0xff, 0xff, 0xff,
    0xe9, 0xe8, 0xe7, 0xff, 0xa0, 0x99, 0x95, 0xff,
    0x8a, 0x82, 0x7d, 0xff, 0x8a, 0x82, 0x7d, 0xff,
    0x8a, 0x82, 0x7d, 0xff, 0x8a, 0x82, 0x7d, 0xff,
    0x8a, 0x82, 0x7d, 0xff, 0x8a, 0x82, 0x7d, 0xff,
    0x8a, 0x82, 0x7d, 0xff, 0x8a, 0x82, 0x7d, 0xff,
    0x8a, 0x82, 0x7d, 0x40, 0x00, 0x00, 0x00, 0x00,
    0x00, 0x00, 0x00, 0x00, 0x00, 0x00, 0x00, 0x00,
    0x00, 0x00, 0x00, 0x00, 0x00, 0x00, 0x00, 0x00,
    0x00, 0x00, 0x00, 0x00, 0x00, 0x00, 0x00, 0x00,
    0x00, 0x00, 0x00, 0x00, 0x00, 0x00, 0x00, 0x00,
    0x00, 0x00, 0x00, 0x00, 0x00, 0x00, 0x00, 0x00,
    0x00, 0x00, 0x00, 0x00, 0x00, 0x00, 0x00, 0x00,
    0x00, 0x00, 0x00, 0x00, 0x00, 0x00, 0x00, 0x00,
    0x8a, 0x82, 0x7d, 0x8f, 0x8a, 0x82, 0x7d, 0xff,
    0x8a, 0x82, 0x7d, 0xff, 0x8a, 0x82, 0x7d, 0xff,
    0x8a, 0x82, 0x7d, 0xff, 0x8a, 0x82, 0x7d, 0xff,
    0x8a, 0x82, 0x7d, 0xff, 0x8a, 0x82, 0x7d, 0xff,
    0x8a, 0x82, 0x7d, 0xff, 0x91, 0x8a, 0x85, 0xff,
    0xcc, 0xc8, 0xc6, 0xff, 0xff, 0xff, 0xff, 0xff,
    0xff, 0xff, 0xff, 0xff, 0xff, 0xff, 0xff, 0xff,
    0xff, 0xff, 0xff, 0xff, 0xff, 0xff, 0xff, 0xff,
    0xff, 0xff, 0xff, 0xff, 0xff, 0xff, 0xff, 0xff,
    0xff, 0xff, 0xff, 0xff, 0xff, 0xff, 0xff, 0xff,
    0xf0, 0xee, 0xee, 0xff, 0xe1, 0xde, 0xdc, 0xff,
    0xd1, 0xcd, 0xcb, 0xff, 0xc2, 0xbc, 0xb9, 0xff,
    0xc2, 0xbc, 0xb9, 0xff, 0xc2, 0xbc, 0xb9, 0xff,
    0xc2, 0xbc, 0xb9, 0xff, 0xc2, 0xbc, 0xb9, 0xff,
    0xc2, 0xbc, 0xb9, 0xff, 0xd1, 0xcd, 0xcb, 0xff,
    0xdc, 0xd8, 0xd6, 0xff, 0xf0, 0xee, 0xee, 0xff,
    0xff, 0xff, 0xff, 0xff, 0xff, 0xff, 0xff, 0xff,
    0xff, 0xff, 0xff, 0xff, 0xff, 0xff, 0xff, 0xff,
    0xff, 0xff, 0xff, 0xff, 0xff, 0xff, 0xff, 0xff,
    0xff, 0xff, 0xff, 0xff, 0xff, 0xff, 0xff, 0xff,
    0xff, 0xff, 0xff, 0xff, 0xcc, 0xc8, 0xc6, 0xff,
    0x91, 0x8a, 0x85, 0xff, 0x8a, 0x82, 0x7d, 0xff,
    0x8a, 0x82, 0x7d, 0xff, 0x8a, 0x82, 0x7d, 0xff,
    0x8a, 0x82, 0x7d, 0xff, 0x8a, 0x82, 0x7d, 0xff,
    0x8a, 0x82, 0x7d, 0xff, 0x8a, 0x82, 0x7d, 0xff,
    0x8a, 0x82, 0x7d, 0xff, 0x8a, 0x82, 0x7d, 0x8f,
    0x00, 0x00, 0x00, 0x00, 0x00, 0x00, 0x00, 0x00,
    0x00, 0x00, 0x00, 0x00, 0x00, 0x00, 0x00, 0x00,
    0x00, 0x00, 0x00, 0x00, 0x00, 0x00, 0x00, 0x00,
    0x00, 0x00, 0x00, 0x00, 0x00, 0x00, 0x00, 0x00,
    0x00, 0x00, 0x00, 0x00, 0x00, 0x00, 0x00, 0x00,
    0x00, 0x00, 0x00, 0x00, 0x00, 0x00, 0x00, 0x00,
    0x00, 0x00, 0x00, 0x00, 0x00, 0x00, 0x00, 0x00,
    0x00, 0x00, 0x00, 0x00, 0x00, 0x00, 0x00, 0x00,
    0x00, 0x00, 0x00, 0x00, 0x8a, 0x82, 0x7d, 0x9f,
    0x8a, 0x82, 0x7d, 0xff, 0x8a, 0x82, 0x7d, 0xff,
    0x8a, 0x82, 0x7d, 0xff, 0x8a, 0x82, 0x7d, 0xff,
    0x8a, 0x82, 0x7d, 0xff, 0x8a, 0x82, 0x7d, 0xff,
    0x8a, 0x82, 0x7d, 0xff, 0x8a, 0x82, 0x7d, 0xff,
    0x8a, 0x82, 0x7d, 0xff, 0xa7, 0xa1, 0x9e, 0xff,
    0xf0, 0xef, 0xef, 0xff, 0xff, 0xff, 0xff, 0xff,
    0xff, 0xff, 0xff, 0xff, 0xff, 0xff, 0xff, 0xff,
    0xff, 0xff, 0xff, 0xff, 0xff, 0xff, 0xff, 0xff,
    0xff, 0xff, 0xff, 0xff, 0xff, 0xff, 0xff, 0xff,
    0xff, 0xff, 0xff, 0xff, 0xff, 0xff, 0xff, 0xff,
    0xff, 0xff, 0xff, 0xff, 0xff, 0xff, 0xff, 0xff,
    0xff, 0xff, 0xff, 0xff, 0xff, 0xff, 0xff, 0xff,
    0xff, 0xff, 0xff, 0xff, 0xff, 0xff, 0xff, 0xff,
    0xff, 0xff, 0xff, 0xff, 0xff, 0xff, 0xff, 0xff,
    0xff, 0xff, 0xff, 0xff, 0xff, 0xff, 0xff, 0xff,
    0xff, 0xff, 0xff, 0xff, 0xff, 0xff, 0xff, 0xff,
    0xff, 0xff, 0xff, 0xff, 0xff, 0xff, 0xff, 0xff,
    0xff, 0xff, 0xff, 0xff, 0xff, 0xff, 0xff, 0xff,
    0xff, 0xff, 0xff, 0xff, 0xf0, 0xef, 0xef, 0xff,
    0xa7, 0xa1, 0x9e, 0xff, 0x8a, 0x82, 0x7d, 0xff,
    0x8a, 0x82, 0x7d, 0xff, 0x8a, 0x82, 0x7d, 0xff,
    0x8a, 0x82, 0x7d, 0xff, 0x8a, 0x82, 0x7d, 0xff,
    0x8a, 0x82, 0x7d, 0xff, 0x8a, 0x82, 0x7d, 0xff,
    0x8a, 0x82, 0x7d, 0xff, 0x8a, 0x82, 0x7d, 0xff,
    0x8a, 0x82, 0x7d, 0x9f, 0x00, 0x00, 0x00, 0x00,
    0x00, 0x00, 0x00, 0x00, 0x00, 0x00, 0x00, 0x00,
    0x00, 0x00, 0x00, 0x00, 0x00, 0x00, 0x00, 0x00,
    0x00, 0x00, 0x00, 0x00, 0x00, 0x00, 0x00, 0x00,
    0x00, 0x00, 0x00, 0x00, 0x00, 0x00, 0x00, 0x00,
    0x00, 0x00, 0x00, 0x00, 0x00, 0x00, 0x00, 0x00,
    0x00, 0x00, 0x00, 0x00, 0x00, 0x00, 0x00, 0x00,
    0x00, 0x00, 0x00, 0x00, 0x00, 0x00, 0x00, 0x00,
    0x00, 0x00, 0x00, 0x00, 0x00, 0x00, 0x00, 0x00,
    0x00, 0x00, 0x00, 0x00, 0x00, 0x00, 0x00, 0x00,
    0x8a, 0x82, 0x7d, 0x9f, 0x8a, 0x82, 0x7d, 0xff,
    0x8a, 0x82, 0x7d, 0xff, 0x8a, 0x82, 0x7d, 0xff,
    0x8a, 0x82, 0x7d, 0xff, 0x8a, 0x82, 0x7d, 0xff,
    0x8a, 0x82, 0x7d, 0xff, 0x8a, 0x82, 0x7d, 0xff,
    0x8a, 0x82, 0x7d, 0xff, 0x8a, 0x82, 0x7d, 0xff,
    0x8a, 0x82, 0x7d, 0xbf, 0xf4, 0xf3, 0xf3, 0x6a,
    0xff, 0xff, 0xff, 0xdf, 0xff, 0xff, 0xff, 0xff,
    0xff, 0xff, 0xff, 0xff, 0xff, 0xff, 0xff, 0xff,
    0xff, 0xff, 0xff, 0xff, 0xff, 0xff, 0xff, 0xff,
    0xff, 0xff, 0xff, 0xff, 0xff, 0xff, 0xff, 0xff,
    0xff, 0xff, 0xff, 0xff, 0xff, 0xff, 0xff, 0xff,
    0xff, 0xff, 0xff, 0xff, 0xff, 0xff, 0xff, 0xff,
    0xff, 0xff, 0xff, 0xff, 0xff, 0xff, 0xff, 0xff,
    0xff, 0xff, 0xff, 0xff, 0xff, 0xff, 0xff, 0xff,
    0xff, 0xff, 0xff, 0xff, 0xff, 0xff, 0xff, 0xff,
    0xff, 0xff, 0xff, 0xff, 0xff, 0xff, 0xff, 0xff,
    0xff, 0xff, 0xff, 0xff, 0xff, 0xff, 0xff, 0xff,
    0xff, 0xff, 0xff, 0xff, 0xff, 0xff, 0xff, 0xdf,
    0xf4, 0xf3, 0xf3, 0x6a, 0x8a, 0x82, 0x7d, 0xbf,
    0x8a, 0x82, 0x7d, 0xff, 0x8a, 0x82, 0x7d, 0xff,
    0x8a, 0x82, 0x7d, 0xff, 0x8a, 0x82, 0x7d, 0xff,
    0x8a, 0x82, 0x7d, 0xff, 0x8a, 0x82, 0x7d, 0xff,
    0x8a, 0x82, 0x7d, 0xff, 0x8a, 0x82, 0x7d, 0xff,
    0x8a, 0x82, 0x7d, 0xff, 0x8a, 0x82, 0x7d, 0x9f,
    0x00, 0x00, 0x00, 0x00, 0x00, 0x00, 0x00, 0x00,
    0x00, 0x00, 0x00, 0x00, 0x00, 0x00, 0x00, 0x00,
    0x00, 0x00, 0x00, 0x00, 0x00, 0x00, 0x00, 0x00,
    0x00, 0x00, 0x00, 0x00, 0x00, 0x00, 0x00, 0x00,
    0x00, 0x00, 0x00, 0x00, 0x00, 0x00, 0x00, 0x00,
    0x00, 0x00, 0x00, 0x00, 0x00, 0x00, 0x00, 0x00,
    0x00, 0x00, 0x00, 0x00, 0x00, 0x00, 0x00, 0x00,
    0x00, 0x00, 0x00, 0x00, 0x00, 0x00, 0x00, 0x00,
    0x00, 0x00, 0x00, 0x00, 0x00, 0x00, 0x00, 0x00,
    0x00, 0x00, 0x00, 0x00, 0x00, 0x00, 0x00, 0x00,
    0x00, 0x00, 0x00, 0x00, 0x8a, 0x82, 0x7d, 0x8f,
    0x8a, 0x82, 0x7d, 0xff, 0x8a, 0x82, 0x7d, 0xff,
    0x8a, 0x82, 0x7d, 0xff, 0x8a, 0x82, 0x7d, 0xff,
    0x8a, 0x82, 0x7d, 0xff, 0x8a, 0x82, 0x7d, 0xff,
    0x8a, 0x82, 0x7d, 0xff, 0x8a, 0x82, 0x7d, 0x80,
    0x00, 0x00, 0x00, 0x00, 0x00, 0x00, 0x00, 0x00,
    0x00, 0x00, 0x00, 0x00, 0xff, 0xff, 0xff, 0x50,
    0xff, 0xff, 0xff, 0xaf, 0xff, 0xff, 0xff, 0xff,
    0xff, 0xff, 0xff, 0xff, 0xff, 0xff, 0xff, 0xff,
    0xff, 0xff, 0xff, 0xff, 0xff, 0xff, 0xff, 0xff,
    0xff, 0xff, 0xff, 0xff, 0xff, 0xff, 0xff, 0xff,
    0xff, 0xff, 0xff, 0xff, 0xff, 0xff, 0xff, 0xff,
    0xff, 0xff, 0xff, 0xff, 0xff, 0xff, 0xff, 0xff,
    0xff, 0xff, 0xff, 0xff, 0xff, 0xff, 0xff, 0xff,
    0xff, 0xff, 0xff, 0xff, 0xff, 0xff, 0xff, 0xff,
    0xff, 0xff, 0xff, 0xff, 0xff, 0xff, 0xff, 0xff,
    0xff, 0xff, 0xff, 0xff, 0xff, 0xff, 0xff, 0xaf,
    0xff, 0xff, 0xff, 0x50, 0x00, 0x00, 0x00, 0x00,
    0x00, 0x00, 0x00, 0x00, 0x00, 0x00, 0x00, 0x00,
    0x8a, 0x82, 0x7d, 0x80, 0x8a, 0x82, 0x7d, 0xff,
    0x8a, 0x82, 0x7d, 0xff, 0x8a, 0x82, 0x7d, 0xff,
    0x8a, 0x82, 0x7d, 0xff, 0x8a, 0x82, 0x7d, 0xff,
    0x8a, 0x82, 0x7d, 0xff, 0x8a, 0x82, 0x7d, 0xff,
    0x8a, 0x82, 0x7d, 0x8f, 0x00, 0x00, 0x00, 0x00,
    0x00, 0x00, 0x00, 0x00, 0x00, 0x00, 0x00, 0x00,
    0x00, 0x00, 0x00, 0x00, 0x00, 0x00, 0x00, 0x00,
    0x00, 0x00, 0x00, 0x00, 0x00, 0x00, 0x00, 0x00,
    0x00, 0x00, 0x00, 0x00, 0x00, 0x00, 0x00, 0x00,
    0x00, 0x00, 0x00, 0x00, 0x00, 0x00, 0x00, 0x00,
    0x00, 0x00, 0x00, 0x00, 0x00, 0x00, 0x00, 0x00,
    0x00, 0x00, 0x00, 0x00, 0x00, 0x00, 0x00, 0x00,
    0x00, 0x00, 0x00, 0x00, 0x00, 0x00, 0x00, 0x00,
    0x00, 0x00, 0x00, 0x00, 0x00, 0x00, 0x00, 0x00,
    0x00, 0x00, 0x00, 0x00, 0x00, 0x00, 0x00, 0x00,
    0x00, 0x00, 0x00, 0x00, 0x00, 0x00, 0x00, 0x00,
    0x8a, 0x82, 0x7d, 0x40, 0x8a, 0x82, 0x7d, 0xaf,
    0x8a, 0x82, 0x7d, 0xff, 0x8a, 0x82, 0x7d, 0xff,
    0x8a, 0x82, 0x7d, 0xff, 0x8a, 0x82, 0x7d, 0xaf,
    0x8a, 0x82, 0x7d, 0x40, 0x00, 0x00, 0x00, 0x00,
    0x00, 0x00, 0x00, 0x00, 0x00, 0x00, 0x00, 0x00,
    0x00, 0x00, 0x00, 0x00, 0x00, 0x00, 0x00, 0x00,
    0x00, 0x00, 0x00, 0x00, 0xff, 0xff, 0xff, 0x10,
    0xb6, 0xb1, 0xae, 0xff, 0xd3, 0xd0, 0xce, 0xff,
    0xe9, 0xe8, 0xe7, 0xff, 0xff, 0xff, 0xff, 0xff,
    0xff, 0xff, 0xff, 0xff, 0xff, 0xff, 0xff, 0xff,
    0xff, 0xff, 0xff, 0xff, 0xff, 0xff, 0xff, 0xff,
    0xff, 0xff, 0xff, 0xff, 0xff, 0xff, 0xff, 0xff,
    0xff, 0xff, 0xff, 0xff, 0xff, 0xff, 0xff, 0xff,
    0xff, 0xff, 0xff, 0xff, 0xe9, 0xe8, 0xe7, 0xff,
    0xd3, 0xd0, 0xce, 0xff, 0xb6, 0xb1, 0xae, 0xff,
    0xff, 0xff, 0xff, 0x10, 0x00, 0x00, 0x00, 0x00,
    0x00, 0x00, 0x00, 0x00, 0x00, 0x00, 0x00, 0x00,
    0x00, 0x00, 0x00, 0x00, 0x00, 0x00, 0x00, 0x00,
    0x00, 0x00, 0x00, 0x00, 0x8a, 0x82, 0x7d, 0x40,
    0x8a, 0x82, 0x7d, 0xaf, 0x8a, 0x82, 0x7d, 0xff,
    0x8a, 0x82, 0x7d, 0xff, 0x8a, 0x82, 0x7d, 0xff,
    0x8a, 0x82, 0x7d, 0xaf, 0x8a, 0x82, 0x7d, 0x40,
    0x00, 0x00, 0x00, 0x00, 0x00, 0x00, 0x00, 0x00,
    0x00, 0x00, 0x00, 0x00, 0x00, 0x00, 0x00, 0x00,
    0x00, 0x00, 0x00, 0x00, 0x00, 0x00, 0x00, 0x00,
    0x00, 0x00, 0x00, 0x00, 0x00, 0x00, 0x00, 0x00,
    0x00, 0x00, 0x00, 0x00, 0x00, 0x00, 0x00, 0x00,
    0x00, 0x00, 0x00, 0x00, 0x00, 0x00, 0x00, 0x00,
    0x00, 0x00, 0x00, 0x00, 0x00, 0x00, 0x00, 0x00,
    0x00, 0x00, 0x00, 0x00, 0x00, 0x00, 0x00, 0x00,
    0x00, 0x00, 0x00, 0x00, 0x00, 0x00, 0x00, 0x00,
    0x00, 0x00, 0x00, 0x00, 0x00, 0x00, 0x00, 0x00,
    0x00, 0x00, 0x00, 0x00, 0x00, 0x00, 0x00, 0x00,
    0x00, 0x00, 0x00, 0x00, 0x00, 0x00, 0x00, 0x00,
    0x00, 0x00, 0x00, 0x00, 0x00, 0x00, 0x00, 0x00,
    0x00, 0x00, 0x00, 0x00, 0x00, 0x00, 0x00, 0x00,
    0x00, 0x00, 0x00, 0x00, 0x00, 0x00, 0x00, 0x00,
    0x00, 0x00, 0x00, 0x00, 0x00, 0x00, 0x00, 0x00,
    0x00, 0x00, 0x00, 0x00, 0x00, 0x00, 0x00, 0x00,
    0x00, 0x00, 0x00, 0x00, 0x00, 0x00, 0x00, 0x00,
    0x00, 0x00, 0x00, 0x00, 0x00, 0x00, 0x00, 0x00,
    0x8a, 0x82, 0x7d, 0xbf, 0x8a, 0x82, 0x7d, 0xff,
    0x8a, 0x82, 0x7d, 0xff, 0x8a, 0x82, 0x7d, 0xff,
    0xa0, 0x99, 0x95, 0xff, 0xa7, 0xa1, 0x9e, 0xff,
    0xa7, 0xa1, 0x9e, 0xff, 0xc5, 0xc1, 0xbe, 0xff,
    0xc5, 0xc1, 0xbe, 0xff, 0xa7, 0xa1, 0x9e, 0xff,
    0xa7, 0xa1, 0x9e, 0xff, 0xa0, 0x99, 0x95, 0xff,
    0x8a, 0x82, 0x7d, 0xff, 0x8a, 0x82, 0x7d, 0xff,
    0x8a, 0x82, 0x7d, 0xff, 0x8a, 0x82, 0x7d, 0xdf,
    0x00, 0x00, 0x00, 0x00, 0x00, 0x00, 0x00, 0x00,
    0x00, 0x00, 0x00, 0x00, 0x00, 0x00, 0x00, 0x00,
    0x00, 0x00, 0x00, 0x00, 0x00, 0x00, 0x00, 0x00,
    0x00, 0x00, 0x00, 0x00, 0x00, 0x00, 0x00, 0x00,
    0x00, 0x00, 0x00, 0x00, 0x00, 0x00, 0x00, 0x00,
    0x00, 0x00, 0x00, 0x00, 0x00, 0x00, 0x00, 0x00,
    0x00, 0x00, 0x00, 0x00, 0x00, 0x00, 0x00, 0x00,
    0x00, 0x00, 0x00, 0x00, 0x00, 0x00, 0x00, 0x00,
    0x00, 0x00, 0x00, 0x00, 0x00, 0x00, 0x00, 0x00,
    0x00, 0x00, 0x00, 0x00, 0x00, 0x00, 0x00, 0x00,
    0x00, 0x00, 0x00, 0x00, 0x00, 0x00, 0x00, 0x00,
    0x00, 0x00, 0x00, 0x00, 0x00, 0x00, 0x00, 0x00,
    0x00, 0x00, 0x00, 0x00, 0x00, 0x00, 0x00, 0x00,
    0x00, 0x00, 0x00, 0x00, 0x00, 0x00, 0x00, 0x00,
    0x00, 0x00, 0x00, 0x00, 0x00, 0x00, 0x00, 0x00,
    0x00, 0x00, 0x00, 0x00, 0x00, 0x00, 0x00, 0x00,
    0x00, 0x00, 0x00, 0x00, 0x00, 0x00, 0x00, 0x00,
    0x00, 0x00, 0x00, 0x00, 0x00, 0x00, 0x00, 0x00,
    0x00, 0x00, 0x00, 0x00, 0x00, 0x00, 0x00, 0x00,
    0x00, 0x00, 0x00, 0x00, 0x00, 0x00, 0x00, 0x00,
    0x00, 0x00, 0x00, 0x00, 0x00, 0x00, 0x00, 0x00,
    0x00, 0x00, 0x00, 0x00, 0x00, 0x00, 0x00, 0x00,
    0x00, 0x00, 0x00, 0x00, 0x00, 0x00, 0x00, 0x00,
    0x00, 0x00, 0x00, 0x00, 0x00, 0x00, 0x00, 0x00,
    0x00, 0x00, 0x00, 0x00, 0x00, 0x00, 0x00, 0x00,
    0x00, 0x00, 0x00, 0x00, 0x00, 0x00, 0x00, 0x00,
    0x8a, 0x82, 0x7d, 0xbf, 0x8a, 0x82, 0x7d, 0xff,
    0x8a, 0x82, 0x7d, 0xff, 0x8a, 0x82, 0x7d, 0xff,
    0x8a, 0x82, 0x7d, 0xff, 0x8a, 0x82, 0x7d, 0xff,
    0x8a, 0x82, 0x7d, 0xff, 0x8a, 0x82, 0x7d, 0xff,
    0x8a, 0x82, 0x7d, 0xff, 0x8a, 0x82, 0x7d, 0xff,
    0x8a, 0x82, 0x7d, 0xff, 0x8a, 0x82, 0x7d, 0xff,
    0x8a, 0x82, 0x7d, 0xff, 0x8a, 0x82, 0x7d, 0xff,
    0x8a, 0x82, 0x7d, 0xff, 0x8a, 0x82, 0x7d, 0xbf,
    0x00, 0x00, 0x00, 0x00, 0x00, 0x00, 0x00, 0x00,
    0x00, 0x00, 0x00, 0x00, 0x00, 0x00, 0x00, 0x00,
    0x00, 0x00, 0x00, 0x00, 0x00, 0x00, 0x00, 0x00,
    0x00, 0x00, 0x00, 0x00, 0x00, 0x00, 0x00, 0x00,
    0x00, 0x00, 0x00, 0x00, 0x00, 0x00, 0x00, 0x00,
    0x00, 0x00, 0x00, 0x00, 0x00, 0x00, 0x00, 0x00,
    0x00, 0x00, 0x00, 0x00, 0x00, 0x00, 0x00, 0x00,
    0x00, 0x00, 0x00, 0x00, 0x00, 0x00, 0x00, 0x00,
    0x00, 0x00, 0x00, 0x00, 0x00, 0x00, 0x00, 0x00,
    0x00, 0x00, 0x00, 0x00, 0x00, 0x00, 0x00, 0x00,
    0x00, 0x00, 0x00, 0x00, 0x00, 0x00, 0x00, 0x00,
    0x00, 0x00, 0x00, 0x00, 0x00, 0x00, 0x00, 0x00,
    0x00, 0x00, 0x00, 0x00, 0x00, 0x00, 0x00, 0x00,
    0x00, 0x00, 0x00, 0x00, 0x00, 0x00, 0x00, 0x00,
    0x00, 0x00, 0x00, 0x00, 0x00, 0x00, 0x00, 0x00,
    0x00, 0x00, 0x00, 0x00, 0x00, 0x00, 0x00, 0x00,
    0x00, 0x00, 0x00, 0x00, 0x00, 0x00, 0x00, 0x00,
    0x00, 0x00, 0x00, 0x00, 0x00, 0x00, 0x00, 0x00,
    0x00, 0x00, 0x00, 0x00, 0x00, 0x00, 0x00, 0x00,
    0x00, 0x00, 0x00, 0x00, 0x00, 0x00, 0x00, 0x00,
    0x00, 0x00, 0x00, 0x00, 0x00, 0x00, 0x00, 0x00,
    0x00, 0x00, 0x00, 0x00, 0x00, 0x00, 0x00, 0x00,
    0x00, 0x00, 0x00, 0x00, 0x00, 0x00, 0x00, 0x00,
    0x00, 0x00, 0x00, 0x00, 0x00, 0x00, 0x00, 0x00,
    0x00, 0x00, 0x00, 0x00, 0x00, 0x00, 0x00, 0x00,
    0x00, 0x00, 0x00, 0x00, 0x00, 0x00, 0x00, 0x00,
    0x8a, 0x82, 0x7d, 0x8f, 0x8a, 0x82, 0x7d, 0xff,
    0x8a, 0x82, 0x7d, 0xff, 0x8a, 0x82, 0x7d, 0xff,
    0x8a, 0x82, 0x7d, 0xff, 0x8a, 0x82, 0x7d, 0xff,
    0x8a, 0x82, 0x7d, 0xff, 0x8a, 0x82, 0x7d, 0xff,
    0x8a, 0x82, 0x7d, 0xff, 0x8a, 0x82, 0x7d, 0xff,
    0x8a, 0x82, 0x7d, 0xff, 0x8a, 0x82, 0x7d, 0xff,
    0x8a, 0x82, 0x7d, 0xff, 0x8a, 0x82, 0x7d, 0xff,
    0x8a, 0x82, 0x7d, 0xff, 0x8a, 0x82, 0x7d, 0x9f,
    0x00, 0x00, 0x00, 0x00, 0x00, 0x00, 0x00, 0x00,
    0x00, 0x00, 0x00, 0x00, 0x00, 0x00, 0x00, 0x00,
    0x00, 0x00, 0x00, 0x00, 0x00, 0x00, 0x00, 0x00,
    0x00, 0x00, 0x00, 0x00, 0x00, 0x00, 0x00, 0x00,
    0x00, 0x00, 0x00, 0x00, 0x00, 0x00, 0x00, 0x00,
    0x00, 0x00, 0x00, 0x00, 0x00, 0x00, 0x00, 0x00,
    0x00, 0x00, 0x00, 0x00, 0x00, 0x00, 0x00, 0x00,
    0x00, 0x00, 0x00, 0x00, 0x00, 0x00, 0x00, 0x00,
    0x00, 0x00, 0x00, 0x00, 0x00, 0x00, 0x00, 0x00,
    0x00, 0x00, 0x00, 0x00, 0x00, 0x00, 0x00, 0x00,
    0x00, 0x00, 0x00, 0x00, 0x00, 0x00, 0x00, 0x00,
    0x00, 0x00, 0x00, 0x00, 0x00, 0x00, 0x00, 0x00,
    0x00, 0x00, 0x00, 0x00, 0x00, 0x00, 0x00, 0x00,
    0x00, 0x00, 0x00, 0x00, 0x00, 0x00, 0x00, 0x00,
    0x00, 0x00, 0x00, 0x00, 0x00, 0x00, 0x00, 0x00,
    0x00, 0x00, 0x00, 0x00, 0x00, 0x00, 0x00, 0x00,
    0x00, 0x00, 0x00, 0x00, 0x00, 0x00, 0x00, 0x00,
    0x00, 0x00, 0x00, 0x00, 0x00, 0x00, 0x00, 0x00,
    0x00, 0x00, 0x00, 0x00, 0x00, 0x00, 0x00, 0x00,
    0x00, 0x00, 0x00, 0x00, 0x00, 0x00, 0x00, 0x00,
    0x00, 0x00, 0x00, 0x00, 0x00, 0x00, 0x00, 0x00,
    0x00, 0x00, 0x00, 0x00, 0x00, 0x00, 0x00, 0x00,
    0x00, 0x00, 0x00, 0x00, 0x00, 0x00, 0x00, 0x00,
    0x00, 0x00, 0x00, 0x00, 0x00, 0x00, 0x00, 0x00,
    0x00, 0x00, 0x00, 0x00, 0x00, 0x00, 0x00, 0x00,
    0x00, 0x00, 0x00, 0x00, 0x00, 0x00, 0x00, 0x00,
    0x8a, 0x82, 0x7d, 0x20, 0x8a, 0x82, 0x7d, 0xff,
    0x8a, 0x82, 0x7d, 0xff, 0x8a, 0x82, 0x7d, 0xff,
    0x8a, 0x82, 0x7d, 0xff, 0x8a, 0x82, 0x7d, 0xff,
    0x8a, 0x82, 0x7d, 0xff, 0x8a, 0x82, 0x7d, 0xff,
    0x8a, 0x82, 0x7d, 0xff, 0x8a, 0x82, 0x7d, 0xff,
    0x8a, 0x82, 0x7d, 0xff, 0x8a, 0x82, 0x7d, 0xff,
    0x8a, 0x82, 0x7d, 0xff, 0x8a, 0x82, 0x7d, 0xff,
    0x8a, 0x82, 0x7d, 0xff, 0x8a, 0x82, 0x7d, 0x40,
    0x00, 0x00, 0x00, 0x00, 0x00, 0x00, 0x00, 0x00,
    0x00, 0x00, 0x00, 0x00, 0x00, 0x00, 0x00, 0x00,
    0x00, 0x00, 0x00, 0x00, 0x00, 0x00, 0x00, 0x00,
    0x00, 0x00, 0x00, 0x00, 0x00, 0x00, 0x00, 0x00,
    0x00, 0x00, 0x00, 0x00, 0x00, 0x00, 0x00, 0x00,
    0x00, 0x00, 0x00, 0x00, 0x00, 0x00, 0x00, 0x00,
    0x00, 0x00, 0x00, 0x00, 0x00, 0x00, 0x00, 0x00,
    0x00, 0x00, 0x00, 0x00, 0x00, 0x00, 0x00, 0x00,
    0x00, 0x00, 0x00, 0x00, 0x00, 0x00, 0x00, 0x00,
    0x00, 0x00, 0x00, 0x00, 0x00, 0x00, 0x00, 0x00,
    0x00, 0x00, 0x00, 0x00, 0x00, 0x00, 0x00, 0x00,
    0x00, 0x00, 0x00, 0x00, 0x00, 0x00, 0x00, 0x00,
    0x00, 0x00, 0x00, 0x00, 0x00, 0x00, 0x00, 0x00,
    0x00, 0x00, 0x00, 0x00, 0x00, 0x00, 0x00, 0x00,
    0x00, 0x00, 0x00, 0x00, 0x00, 0x00, 0x00, 0x00,
    0x00, 0x00, 0x00, 0x00, 0x00, 0x00, 0x00, 0x00,
    0x00, 0x00, 0x00, 0x00, 0x00, 0x00, 0x00, 0x00,
    0x00, 0x00, 0x00, 0x00, 0x00, 0x00, 0x00, 0x00,
    0x00, 0x00, 0x00, 0x00, 0x00, 0x00, 0x00, 0x00,
    0x00, 0x00, 0x00, 0x00, 0x00, 0x00, 0x00, 0x00,
    0x00, 0x00, 0x00, 0x00, 0x00, 0x00, 0x00, 0x00,
    0x00, 0x00, 0x00, 0x00, 0x00, 0x00, 0x00, 0x00,
    0x00, 0x00, 0x00, 0x00, 0x00, 0x00, 0x00, 0x00,
    0x00, 0x00, 0x00, 0x00, 0x00, 0x00, 0x00, 0x00,
    0x00, 0x00, 0x00, 0x00, 0x00, 0x00, 0x00, 0x00,
    0x00, 0x00, 0x00, 0x00, 0x00, 0x00, 0x00, 0x00,
    0x00, 0x00, 0x00, 0x00, 0x8a, 0x82, 0x7d, 0x8f,
    0x8a, 0x82, 0x7d, 0xff, 0x8a, 0x82, 0x7d, 0xff,
    0x8a, 0x82, 0x7d, 0xff, 0x8a, 0x82, 0x7d, 0xff,
    0x8a, 0x82, 0x7d, 0xff, 0x8a, 0x82, 0x7d, 0xff,
    0x8a, 0x82, 0x7d, 0xff, 0x8a, 0x82, 0x7d, 0xff,
    0x8a, 0x82, 0x7d, 0xff, 0x8a, 0x82, 0x7d, 0xff,
    0x8a, 0x82, 0x7d, 0xff, 0x8a, 0x82, 0x7d, 0xff,
    0x8a, 0x82, 0x7d, 0x9f, 0x00, 0x00, 0x00, 0x00,
    0x00, 0x00, 0x00, 0x00, 0x00, 0x00, 0x00, 0x00,
    0x00, 0x00, 0x00, 0x00, 0x00, 0x00, 0x00, 0x00,
    0x00, 0x00, 0x00, 0x00, 0x00, 0x00, 0x00, 0x00,
    0x00, 0x00, 0x00, 0x00, 0x00, 0x00, 0x00, 0x00,
    0x00, 0x00, 0x00, 0x00, 0x00, 0x00, 0x00, 0x00,
    0x00, 0x00, 0x00, 0x00, 0x00, 0x00, 0x00, 0x00,
    0x00, 0x00, 0x00, 0x00, 0x00, 0x00, 0x00, 0x00,
    0x00, 0x00, 0x00, 0x00, 0x00, 0x00, 0x00, 0x00,
    0x00, 0x00, 0x00, 0x00, 0x00, 0x00, 0x00, 0x00,
    0x00, 0x00, 0x00, 0x00, 0x00, 0x00, 0x00, 0x00,
    0x00, 0x00, 0x00, 0x00, 0x00, 0x00, 0x00, 0x00,
    0x00, 0x00, 0x00, 0x00, 0x00, 0x00, 0x00, 0x00,
    0x00, 0x00, 0x00, 0x00, 0x00, 0x00, 0x00, 0x00,
    0x00, 0x00, 0x00, 0x00, 0x00, 0x00, 0x00, 0x00,
    0x00, 0x00, 0x00, 0x00, 0x00, 0x00, 0x00, 0x00,
    0x00, 0x00, 0x00, 0x00, 0x00, 0x00, 0x00, 0x00,
    0x00, 0x00, 0x00, 0x00, 0x00, 0x00, 0x00, 0x00,
    0x00, 0x00, 0x00, 0x00, 0x00, 0x00, 0x00, 0x00,
    0x00, 0x00, 0x00, 0x00, 0x00, 0x00, 0x00, 0x00,
    0x00, 0x00, 0x00, 0x00, 0x00, 0x00, 0x00, 0x00,
    0x00, 0x00, 0x00, 0x00, 0x00, 0x00, 0x00, 0x00,
    0x00, 0x00, 0x00, 0x00, 0x00, 0x00, 0x00, 0x00,
    0x00, 0x00, 0x00, 0x00, 0x00, 0x00, 0x00, 0x00,
    0x00, 0x00, 0x00, 0x00, 0x00, 0x00, 0x00, 0x00,
    0x00, 0x00, 0x00, 0x00, 0x00, 0x00, 0x00, 0x00,
    0x00, 0x00, 0x00, 0x00, 0x00, 0x00, 0x00, 0x00,
    0x00, 0x00, 0x00, 0x00, 0x00, 0x00, 0x00, 0x00,
    0x8a, 0x82, 0x7d, 0x9f, 0x8a, 0x82, 0x7d, 0xff,
    0x8a, 0x82, 0x7d, 0xff, 0x8a, 0x82, 0x7d, 0xff,
    0x8a, 0x82, 0x7d, 0xff, 0x8a, 0x82, 0x7d, 0xff,
    0x8a, 0x82, 0x7d, 0xff, 0x8a, 0x82, 0x7d, 0xff,
    0x8a, 0x82, 0x7d, 0xff, 0x8a, 0x82, 0x7d, 0xff,
    0x8a, 0x82, 0x7d, 0xff, 0x8a, 0x82, 0x7d, 0x9f,
    0x8a, 0x82, 0x7d, 0x10, 0x00, 0x00, 0x00, 0x00,
    0x00, 0x00, 0x00, 0x00, 0x00, 0x00, 0x00, 0x00,
    0x00, 0x00, 0x00, 0x00, 0x00, 0x00, 0x00, 0x00,
    0x00, 0x00, 0x00, 0x00, 0x00, 0x00, 0x00, 0x00,
    0x00, 0x00, 0x00, 0x00, 0x00, 0x00, 0x00, 0x00,
    0x00, 0x00, 0x00, 0x00, 0x00, 0x00, 0x00, 0x00,
    0x00, 0x00, 0x00, 0x00, 0x00, 0x00, 0x00, 0x00,
    0x00, 0x00, 0x00, 0x00, 0x00, 0x00, 0x00, 0x00,
    0x00, 0x00, 0x00, 0x00, 0x00, 0x00, 0x00, 0x00,
    0x00, 0x00, 0x00, 0x00, 0x00, 0x00, 0x00, 0x00,
    0x00, 0x00, 0x00, 0x00, 0x00, 0x00, 0x00, 0x00,
    0x00, 0x00, 0x00, 0x00, 0x00, 0x00, 0x00, 0x00,
    0x00, 0x00, 0x00, 0x00, 0x00, 0x00, 0x00, 0x00,
    0x00, 0x00, 0x00, 0x00, 0x00, 0x00, 0x00, 0x00,
    0x00, 0x00, 0x00, 0x00, 0x00, 0x00, 0x00, 0x00,
    0x00, 0x00, 0x00, 0x00, 0x00, 0x00, 0x00, 0x00,
    0x00, 0x00, 0x00, 0x00, 0x00, 0x00, 0x00, 0x00,
    0x00, 0x00, 0x00, 0x00, 0x00, 0x00, 0x00, 0x00,
    0x00, 0x00, 0x00, 0x00, 0x00, 0x00, 0x00, 0x00,
    0x00, 0x00, 0x00, 0x00, 0x00, 0x00, 0x00, 0x00,
    0x00, 0x00, 0x00, 0x00, 0x00, 0x00, 0x00, 0x00,
    0x00, 0x00, 0x00, 0x00, 0x00, 0x00, 0x00, 0x00,
    0x00, 0x00, 0x00, 0x00, 0x00, 0x00, 0x00, 0x00,
    0x00, 0x00, 0x00, 0x00, 0x00, 0x00, 0x00, 0x00,
    0x00, 0x00, 0x00, 0x00, 0x00, 0x00, 0x00, 0x00,
    0x00, 0x00, 0x00, 0x00, 0x00, 0x00, 0x00, 0x00,
    0x00, 0x00, 0x00, 0x00, 0x00, 0x00, 0x00, 0x00,
    0x00, 0x00, 0x00, 0x00, 0x00, 0x00, 0x00, 0x00,
    0x00, 0x00, 0x00, 0x00, 0x8a, 0x82, 0x7d, 0x40,
    0x8a, 0x82, 0x7d, 0xaf, 0x8a, 0x82, 0x7d, 0xff,
    0x8a, 0x82, 0x7d, 0xff, 0x8a, 0x82, 0x7d, 0xff,
    0x8a, 0x82, 0x7d, 0xff, 0x8a, 0x82, 0x7d, 0xff,
    0x8a, 0x82, 0x7d, 0xff, 0x8a, 0x82, 0x7d, 0xaf,
    0x8a, 0x82, 0x7d, 0x50, 0x00, 0x00, 0x00, 0x00,
    0x00, 0x00, 0x00, 0x00, 0x00, 0x00, 0x00, 0x00,
    0x00, 0x00, 0x00, 0x00, 0x00, 0x00, 0x00, 0x00,
    0x00, 0x00, 0x00, 0x00, 0x00, 0x00, 0x00, 0x00,
    0x00, 0x00, 0x00, 0x00, 0x00, 0x00, 0x00, 0x00,
    0x00, 0x00, 0x00, 0x00, 0x00, 0x00, 0x00, 0x00,
    0x00, 0x00, 0x00, 0x00, 0x00, 0x00, 0x00, 0x00,
    0x00, 0x00, 0x00, 0x00, 0x00, 0x00, 0x00, 0x00,
    0x00, 0x00, 0x00, 0x00, 0x00, 0x00, 0x00, 0x00,
    0x00, 0x00, 0x00, 0x00, 0x00, 0x00, 0x00, 0x00,
    0x00, 0x00, 0x00, 0x00, 0x00, 0x00, 0x00, 0x00,
    0x00, 0x00, 0x00, 0x00, 0x00, 0x00, 0x00, 0x00,
    0x00, 0x00, 0x00, 0x00, 0x00, 0x00, 0x00, 0x00,
    0x00, 0x00, 0x00, 0x00, 0x00, 0x00, 0x00, 0x00,
    0x00, 0x00, 0x00, 0x00, 0x00, 0x00, 0x00, 0x00,
};

const lv_image_dsc_t settings_inner_icon_68x68 = {
    .header.magic = LV_IMAGE_HEADER_MAGIC,
    .header.cf = LV_COLOR_FORMAT_ARGB8888,
    .header.flags = 0,
    .header.w = 68,
    .header.h = 68,
    .header.stride = 272,
    .data_size = sizeof(settings_inner_icon_68x68_map),
    .data = settings_inner_icon_68x68_map,
};
